transaction_id,price,competitor_price,day_of_week,is_weekend,hour_of_day,is_peak_hour,month,season_factor,product_category,inventory_level,is_promotion,customer_rating,demand,revenue
1,81.16,75.01,5,1,11,1,8,0.0,Toys,23,1,4.96,263,21345.77
2,190.64,171.52,1,0,3,0,7,0.366,Electronics,39,0,4.87,145,27642.18
3,149.08,120.11,3,0,15,0,10,-1.7321,Books,88,0,3.49,13,1938.03
4,123.75,131.71,4,0,18,1,5,-0.366,Books,22,0,3.01,159,19675.47
5,39.64,39.09,4,0,9,1,9,-1.0,Books,55,0,4.04,166,6580.83
6,39.64,48.34,6,1,15,0,12,-0.0,Food,31,0,2.05,165,6540.43
7,21.04,15.13,2,0,4,0,11,-1.366,Books,74,0,2.41,154,3239.53
8,174.57,189.64,5,1,15,0,7,0.366,Books,47,1,4.07,118,20599.67
9,124.21,143.81,0,0,0,0,12,-0.0,Clothing,27,0,4.8,140,17389.66
10,144.53,167.04,2,0,4,0,11,-1.366,Food,98,0,4.58,39,5636.82
11,13.91,17.13,6,1,12,1,3,1.0,Food,48,0,1.29,221,3074.34
12,194.28,220.98,0,0,12,1,12,-0.0,Clothing,39,0,1.93,106,20593.98
13,168.16,211.33,5,1,2,0,6,-0.0,Electronics,88,1,2.09,176,29596.88
14,50.34,45.29,2,0,16,0,3,1.0,Books,21,0,2.53,200,10068.89
15,44.55,44.63,2,0,18,1,6,-0.0,Electronics,15,0,1.28,201,8953.9
16,44.85,31.77,4,0,4,0,8,0.0,Clothing,81,0,1.92,134,6009.48
17,67.81,47.75,0,0,4,0,9,-1.0,Clothing,45,0,3.86,117,7933.31
18,109.7,92.6,1,0,14,0,2,1.7321,Clothing,19,0,1.98,147,16126.45
19,92.07,70.02,1,0,9,1,6,-0.0,Clothing,53,0,4.77,202,18598.05
20,65.33,55.93,2,0,11,1,3,1.0,Toys,89,0,2.69,226,14765.38
21,126.25,101.79,5,1,23,0,7,0.366,Clothing,55,0,1.4,92,11615.19
22,36.5,26.18,2,0,10,1,11,-1.366,Electronics,86,0,4.37,219,7994.34
23,65.51,81.59,6,1,0,0,4,0.0,Clothing,49,0,4.66,182,11922.36
24,79.61,56.12,4,0,22,0,5,-0.366,Electronics,78,1,4.71,200,15921.75
25,96.65,110.34,6,1,20,1,10,-1.7321,Clothing,61,0,2.98,120,11598.4
26,159.18,125.96,0,0,2,0,6,-0.0,Clothing,60,0,4.68,93,14804.06
27,47.94,59.79,6,1,3,0,11,-1.366,Toys,92,0,3.84,131,6279.88
28,107.7,133.09,2,0,18,1,8,0.0,Clothing,76,0,1.78,209,22510.25
29,122.56,133.88,6,1,23,0,2,1.7321,Books,91,0,3.13,165,20222.2
30,18.83,20.77,5,1,19,1,4,0.0,Toys,24,1,2.73,279,5252.34
31,125.43,88.21,1,0,2,0,11,-1.366,Toys,86,0,2.8,31,3888.44
32,42.4,54.73,0,0,17,1,4,0.0,Books,39,1,2.65,225,9539.91
33,22.36,27.43,2,0,2,0,6,-0.0,Toys,61,0,1.7,166,3711.73
34,190.29,235.4,0,0,6,0,4,0.0,Clothing,100,1,2.56,123,23405.46
35,193.47,211.96,4,0,21,1,11,-1.366,Books,23,0,3.05,44,8512.68
36,163.6,148.36,6,1,20,1,5,-0.366,Clothing,72,0,2.14,92,15050.79
37,67.88,83.91,1,0,23,0,5,-0.366,Toys,92,0,1.71,111,7534.3
38,28.56,24.99,5,1,0,0,8,0.0,Food,93,0,1.79,168,4797.69
39,140.0,145.27,0,0,18,1,4,0.0,Books,79,1,1.77,167,23380.71
40,93.63,71.14,1,0,17,1,12,-0.0,Electronics,39,0,2.79,189,17695.88
41,33.19,41.59,6,1,1,0,6,-0.0,Toys,72,0,1.84,175,5807.77
42,104.08,81.65,2,0,11,1,7,0.366,Food,92,1,3.87,186,19359.55
43,16.53,13.8,5,1,16,0,8,0.0,Toys,97,0,2.34,187,3091.82
44,182.77,189.15,5,1,20,1,9,-1.0,Clothing,11,1,4.76,171,31253.82
45,59.17,68.54,3,0,20,1,10,-1.7321,Clothing,42,0,1.25,122,7218.52
46,135.88,145.61,0,0,2,0,8,0.0,Clothing,25,0,2.24,115,15626.11
47,69.23,58.1,1,0,11,1,4,0.0,Food,34,0,3.95,197,13637.35
48,108.81,76.23,0,0,11,1,4,0.0,Clothing,22,0,3.74,155,16866.0
49,113.87,131.44,2,0,5,0,10,-1.7321,Toys,2,0,2.68,88,10021.0
50,45.12,58.26,2,0,9,1,11,-1.366,Toys,51,0,4.48,187,8437.88
51,194.22,230.34,6,1,21,1,5,-0.366,Toys,16,0,1.29,108,20975.88
52,157.28,153.52,5,1,5,0,3,1.0,Books,11,0,3.04,139,21861.26
53,188.5,234.17,5,1,13,0,2,1.7321,Toys,78,0,1.8,132,24882.63
54,180.02,170.28,1,0,1,0,2,1.7321,Clothing,96,0,2.5,120,21602.06
55,123.6,125.45,4,0,10,1,9,-1.0,Books,86,0,3.8,125,15450.12
56,185.16,182.62,0,0,14,0,8,0.0,Books,69,1,1.4,100,18515.61
57,26.81,25.97,0,0,7,0,6,-0.0,Books,100,0,1.18,159,4263.36
58,47.24,55.04,2,0,21,1,9,-1.0,Books,87,0,2.68,178,8408.14
59,18.59,18.89,0,0,12,1,5,-0.366,Food,62,0,2.09,190,3532.71
60,71.81,63.92,1,0,18,1,12,-0.0,Toys,19,0,3.88,191,13716.24
61,83.85,71.68,3,0,9,1,10,-1.7321,Food,29,0,1.26,83,6959.44
62,61.56,44.48,5,1,8,0,1,1.366,Electronics,42,1,4.87,247,15204.41
63,167.46,175.82,2,0,17,1,8,0.0,Food,23,0,3.48,83,13899.19
64,77.78,65.18,5,1,6,0,3,1.0,Books,60,1,3.01,218,16956.72
65,63.38,50.0,5,1,2,0,9,-1.0,Toys,73,0,2.65,137,8682.73
66,113.11,123.55,5,1,11,1,11,-1.366,Toys,18,0,4.0,134,15157.04
67,36.78,40.77,3,0,14,0,1,1.366,Clothing,95,0,2.43,209,7686.1
68,162.42,186.99,0,0,21,1,3,1.0,Food,81,0,4.11,138,22413.6
69,24.16,24.22,4,0,20,1,1,1.366,Toys,55,0,3.84,266,6427.79
70,197.51,244.21,5,1,12,1,1,1.366,Electronics,18,0,3.21,207,40884.26
71,156.73,197.76,1,0,5,0,6,-0.0,Electronics,27,0,4.55,173,27113.69
72,47.76,56.56,5,1,7,0,4,0.0,Food,85,0,2.38,185,8834.86
73,11.05,11.95,5,1,13,0,10,-1.7321,Clothing,1,0,1.23,146,1613.18
74,164.94,145.51,0,0,2,0,4,0.0,Electronics,96,0,2.5,122,20122.4
75,144.3,186.12,6,1,15,0,5,-0.366,Clothing,14,0,4.5,102,14718.9
76,148.51,128.39,1,0,17,1,3,1.0,Food,59,0,1.31,106,15742.2
77,156.54,128.61,0,0,23,0,12,-0.0,Toys,78,0,4.05,119,18628.42
78,24.07,23.23,5,1,16,0,2,1.7321,Clothing,33,0,4.3,264,6354.08
79,78.11,57.34,6,1,17,1,10,-1.7321,Electronics,36,0,2.71,134,10466.54
80,32.02,41.21,0,0,9,1,8,0.0,Clothing,39,0,1.78,224,7171.39
81,173.99,183.22,0,0,16,0,11,-1.366,Toys,76,0,2.42,51,8873.47
82,128.43,132.82,2,0,15,0,7,0.366,Toys,45,0,2.59,106,13613.22
83,72.87,79.68,3,0,20,1,10,-1.7321,Electronics,25,0,4.73,162,11805.04
84,22.08,22.04,6,1,23,0,4,0.0,Clothing,15,0,2.14,187,4128.23
85,69.09,49.69,4,0,1,0,2,1.7321,Clothing,20,1,4.89,259,17893.44
86,71.78,76.62,6,1,19,1,12,-0.0,Books,34,0,1.44,147,10552.37
87,148.63,167.9,3,0,3,0,9,-1.0,Electronics,58,0,4.9,130,19321.27
88,131.14,124.59,3,0,10,1,8,0.0,Clothing,60,0,1.89,122,15998.58
89,178.57,206.14,1,0,6,0,4,0.0,Food,78,0,1.67,0,0.0
90,99.72,83.39,2,0,16,0,11,-1.366,Books,30,0,1.48,54,5384.93
91,32.72,27.25,2,0,18,1,5,-0.366,Electronics,13,0,2.27,178,5824.68
92,145.52,115.95,0,0,5,0,10,-1.7321,Toys,78,0,3.47,43,6257.21
93,154.55,142.68,3,0,9,1,6,-0.0,Electronics,93,0,3.67,165,25500.61
94,116.64,140.93,6,1,20,1,4,0.0,Food,90,0,2.48,170,19829.25
95,156.48,187.27,4,0,3,0,2,1.7321,Food,67,0,1.92,115,17995.63
96,103.82,96.52,1,0,0,0,5,-0.366,Toys,89,0,4.98,143,14846.43
97,109.32,115.16,6,1,6,0,11,-1.366,Toys,91,0,2.08,102,11150.56
98,91.23,103.32,2,0,20,1,1,1.366,Toys,45,0,2.51,218,19888.75
99,14.83,12.53,0,0,15,0,7,0.366,Books,40,0,2.92,191,2832.46
100,30.5,24.43,4,0,16,0,9,-1.0,Food,80,0,3.96,136,4147.91
101,15.97,20.5,3,0,23,0,3,1.0,Toys,38,0,1.61,225,3593.6
102,130.92,140.15,6,1,4,0,6,-0.0,Food,75,0,2.06,72,9426.09
103,69.73,89.87,4,0,21,1,9,-1.0,Books,93,0,4.99,174,12132.61
104,106.63,96.25,2,0,22,0,11,-1.366,Books,47,0,4.3,93,9916.44
105,182.44,204.66,1,0,9,1,4,0.0,Food,88,0,2.78,55,10034.07
106,57.37,47.82,6,1,6,0,6,-0.0,Toys,29,0,1.43,130,7457.52
107,87.97,75.37,3,0,12,1,3,1.0,Electronics,34,1,4.47,282,24808.32
108,153.55,154.65,1,0,6,0,9,-1.0,Clothing,11,0,4.13,74,11363.05
109,53.47,47.68,5,1,14,0,7,0.366,Food,20,0,3.32,165,8822.82
110,24.63,19.72,4,0,16,0,7,0.366,Books,20,0,2.62,182,4481.97
111,65.05,55.8,4,0,22,0,4,0.0,Toys,73,0,4.74,175,11384.24
112,40.63,29.31,0,0,2,0,6,-0.0,Clothing,56,0,2.18,168,6826.18
113,186.64,209.54,3,0,4,0,11,-1.366,Food,23,0,2.28,8,1493.14
114,163.54,162.77,4,0,9,1,11,-1.366,Electronics,100,0,4.5,135,22078.29
115,130.35,98.61,2,0,4,0,8,0.0,Electronics,91,0,3.51,152,19812.7
116,175.58,140.99,5,1,23,0,6,-0.0,Books,88,0,4.8,62,10885.81
117,162.7,123.9,2,0,6,0,6,-0.0,Books,25,0,3.58,53,8622.98
118,45.45,48.52,1,0,6,0,4,0.0,Books,89,0,1.13,139,6317.32
119,179.59,135.86,5,1,21,1,8,0.0,Food,33,1,1.71,64,11493.52
120,112.48,129.64,5,1,22,0,10,-1.7321,Electronics,31,0,2.13,87,9785.33
121,163.41,116.4,2,0,13,0,8,0.0,Electronics,74,0,4.47,124,20263.29
122,180.26,153.15,4,0,22,0,9,-1.0,Books,79,0,4.32,14,2523.6
123,70.42,86.93,2,0,14,0,6,-0.0,Books,1,1,4.16,221,15562.97
124,30.91,34.96,3,0,4,0,2,1.7321,Toys,54,0,3.21,229,7078.36
125,53.31,39.65,1,0,4,0,4,0.0,Electronics,16,0,1.56,163,8689.15
126,91.15,108.71,6,1,3,0,4,0.0,Books,85,1,1.52,161,14675.23
127,165.42,164.73,5,1,19,1,8,0.0,Books,59,0,1.5,63,10421.64
128,173.54,209.65,3,0,20,1,5,-0.366,Books,66,0,4.42,96,16659.73
129,11.32,12.01,4,0,8,0,4,0.0,Toys,3,1,1.57,222,2513.24
130,107.04,118.72,4,0,11,1,8,0.0,Electronics,15,0,4.23,208,22264.73
131,89.31,115.75,2,0,15,0,3,1.0,Electronics,32,0,4.38,210,18754.7
132,52.2,43.82,0,0,21,1,2,1.7321,Electronics,50,1,1.42,295,15399.14
133,32.77,35.21,5,1,7,0,4,0.0,Toys,91,0,4.61,216,7079.27
134,74.15,72.38,5,1,8,0,11,-1.366,Food,100,0,4.59,129,9564.95
135,189.15,136.88,0,0,11,1,1,1.366,Toys,99,0,3.55,123,23265.8
136,71.41,50.61,4,0,19,1,1,1.366,Clothing,60,1,3.05,250,17852.14
137,108.57,83.77,4,0,6,0,5,-0.366,Toys,88,1,3.59,178,19325.5
138,143.57,156.42,6,1,20,1,11,-1.366,Clothing,8,0,2.62,101,14500.93
139,79.09,82.28,6,1,3,0,1,1.366,Books,7,0,3.35,186,14710.67
140,194.64,200.88,5,1,22,0,4,0.0,Clothing,4,0,4.88,71,13819.34
141,192.86,138.69,6,1,2,0,8,0.0,Toys,94,1,1.45,64,12343.36
142,57.84,56.77,6,1,0,0,8,0.0,Food,10,0,1.94,98,5668.19
143,104.48,131.1,1,0,6,0,2,1.7321,Electronics,60,1,3.1,267,27895.42
144,67.17,63.04,5,1,8,0,3,1.0,Toys,25,0,2.03,189,12694.54
145,64.12,68.93,4,0,1,0,3,1.0,Electronics,42,0,4.97,230,14747.53
146,17.01,19.86,4,0,6,0,1,1.366,Clothing,47,0,3.88,243,4133.07
147,125.82,147.25,6,1,9,1,11,-1.366,Books,96,0,2.74,91,11449.37
148,105.51,106.73,1,0,1,0,3,1.0,Books,96,0,4.61,141,14876.77
149,19.78,24.03,6,1,12,1,8,0.0,Toys,32,1,1.58,275,5439.76
150,62.94,58.84,6,1,2,0,6,-0.0,Clothing,74,0,2.15,126,7930.8
151,182.57,225.15,3,0,12,1,5,-0.366,Clothing,73,1,4.82,174,31767.27
152,55.52,46.86,3,0,9,1,10,-1.7321,Electronics,25,0,3.23,148,8216.48
153,37.53,32.58,1,0,11,1,12,-0.0,Clothing,89,0,4.68,227,8519.32
154,103.0,75.38,1,0,2,0,9,-1.0,Food,16,0,4.94,78,8033.69
155,197.27,232.26,3,0,19,1,7,0.366,Books,49,1,2.44,167,32944.69
156,55.99,53.2,3,0,5,0,6,-0.0,Food,16,0,3.31,149,8342.58
157,137.71,115.32,3,0,2,0,5,-0.366,Food,94,0,4.39,58,7986.93
158,154.71,129.81,3,0,1,0,5,-0.366,Electronics,38,0,2.09,110,17017.85
159,55.15,68.43,5,1,22,0,10,-1.7321,Clothing,5,0,2.79,107,5901.17
160,148.36,178.09,5,1,21,1,9,-1.0,Electronics,7,0,1.61,142,21067.28
161,79.88,82.44,6,1,13,0,10,-1.7321,Books,77,0,3.61,76,6070.79
162,130.14,139.2,2,0,14,0,6,-0.0,Electronics,8,0,1.02,127,16527.54
163,130.37,128.36,6,1,17,1,12,-0.0,Food,33,0,2.8,124,16165.96
164,111.8,104.53,1,0,18,1,11,-1.366,Electronics,62,0,4.72,149,16657.78
165,27.16,33.92,0,0,21,1,4,0.0,Clothing,74,0,4.59,264,7168.93
166,168.71,130.81,2,0,9,1,4,0.0,Electronics,84,0,4.22,152,25643.54
167,70.95,67.48,0,0,19,1,12,-0.0,Clothing,32,0,1.56,181,12841.63
168,45.44,41.2,0,0,16,0,4,0.0,Food,93,0,3.08,132,5997.88
169,17.75,17.73,4,0,16,0,11,-1.366,Clothing,1,0,3.88,196,3478.47
170,122.27,119.16,1,0,18,1,6,-0.0,Clothing,91,0,1.4,151,18462.72
171,138.74,140.31,5,1,23,0,1,1.366,Clothing,20,0,1.59,99,13734.99
172,13.15,10.31,2,0,3,0,9,-1.0,Clothing,55,0,1.16,120,1578.2
173,107.3,108.14,6,1,10,1,2,1.7321,Books,63,0,2.29,211,22639.81
174,53.03,44.84,1,0,16,0,2,1.7321,Toys,78,0,4.51,243,12887.31
175,132.58,107.47,3,0,23,0,5,-0.366,Books,79,1,3.03,93,12330.2
176,43.13,31.87,1,0,9,1,12,-0.0,Electronics,6,0,4.41,242,10437.37
177,141.28,163.54,0,0,21,1,12,-0.0,Books,52,0,1.33,111,15681.88
178,83.48,79.85,5,1,16,0,11,-1.366,Books,2,0,1.22,81,6761.86
179,187.98,202.26,3,0,11,1,4,0.0,Clothing,93,0,4.22,120,22557.44
180,36.13,41.06,1,0,9,1,3,1.0,Electronics,39,1,2.99,294,10621.92
181,74.8,82.85,1,0,9,1,5,-0.366,Electronics,32,0,2.88,192,14362.1
182,31.56,31.0,5,1,5,0,7,0.366,Food,51,0,2.9,165,5207.39
183,185.69,173.2,0,0,16,0,10,-1.7321,Clothing,69,0,2.52,0,0.0
184,176.69,163.54,6,1,18,1,2,1.7321,Books,86,0,4.55,142,25090.62
185,59.01,63.97,3,0,1,0,6,-0.0,Food,92,1,3.08,215,12686.92
186,135.4,134.97,0,0,3,0,4,0.0,Food,32,0,4.9,81,10967.15
187,165.27,199.89,5,1,17,1,2,1.7321,Books,93,1,4.39,255,42144.42
188,115.49,141.45,1,0,20,1,1,1.366,Electronics,3,0,3.95,263,30373.38
189,110.63,88.77,6,1,3,0,8,0.0,Clothing,62,1,3.54,181,20024.68
190,55.95,43.74,2,0,5,0,5,-0.366,Clothing,95,0,4.34,149,8336.84
191,27.69,29.86,2,0,13,0,10,-1.7321,Books,13,0,4.53,140,3876.53
192,180.47,158.95,4,0,6,0,2,1.7321,Clothing,70,0,1.53,98,17686.16
193,181.08,128.77,2,0,11,1,8,0.0,Toys,21,1,2.44,125,22634.93
194,130.29,160.67,5,1,1,0,3,1.0,Food,61,0,4.22,133,17328.47
195,74.42,62.22,5,1,17,1,7,0.366,Food,14,0,1.89,159,11832.09
196,76.35,96.02,5,1,23,0,2,1.7321,Toys,89,0,3.34,234,17865.86
197,147.93,167.23,3,0,12,1,7,0.366,Clothing,71,1,4.12,236,34911.85
198,180.45,208.89,4,0,12,1,4,0.0,Electronics,22,1,1.9,234,42225.52
199,178.55,146.56,3,0,4,0,10,-1.7321,Toys,32,0,2.61,0,0.0
200,158.18,132.95,6,1,6,0,1,1.366,Toys,41,1,4.66,204,32267.98
201,131.99,133.67,2,0,11,1,5,-0.366,Food,32,0,2.42,93,12274.7
202,25.99,20.87,6,1,13,0,12,-0.0,Electronics,42,1,3.42,229,5950.93
203,40.71,35.96,2,0,0,0,12,-0.0,Electronics,52,1,2.74,248,10095.95
204,180.73,161.37,1,0,23,0,4,0.0,Clothing,94,0,4.51,60,10843.52
205,125.22,99.65,3,0,9,1,8,0.0,Electronics,81,0,2.7,167,20911.99
206,11.75,9.67,0,0,8,0,1,1.366,Clothing,54,0,2.44,212,2490.46
207,29.28,34.35,6,1,9,1,2,1.7321,Books,62,1,1.69,271,7934.77
208,136.07,108.9,1,0,6,0,5,-0.366,Toys,85,0,2.4,60,8163.92
209,10.96,7.86,3,0,15,0,10,-1.7321,Toys,90,0,3.68,111,1216.75
210,40.55,43.7,5,1,11,1,10,-1.7321,Clothing,43,0,1.7,141,5718.05
211,114.26,146.89,4,0,11,1,12,-0.0,Clothing,3,0,3.82,169,19309.84
212,141.46,127.13,6,1,18,1,2,1.7321,Clothing,38,1,1.04,231,32677.28
213,133.87,103.24,3,0,12,1,11,-1.366,Toys,81,0,2.47,101,13521.14
214,52.61,54.83,4,0,20,1,1,1.366,Clothing,39,0,2.86,229,12047.96
215,145.31,180.74,6,1,17,1,6,-0.0,Toys,70,1,1.38,183,26592.47
216,55.08,64.46,4,0,2,0,12,-0.0,Toys,85,0,3.74,168,9252.99
217,71.83,77.11,6,1,6,0,12,-0.0,Food,45,0,1.41,112,8044.51
218,151.83,134.99,2,0,0,0,10,-1.7321,Food,46,1,1.36,46,6984.33
219,133.43,136.78,0,0,2,0,4,0.0,Books,13,0,2.47,83,11074.71
220,171.35,129.33,6,1,20,1,5,-0.366,Books,52,0,3.95,82,14050.9
221,134.95,149.44,3,0,13,0,3,1.0,Electronics,9,0,4.85,184,24830.15
222,117.98,133.91,0,0,3,0,10,-1.7321,Clothing,57,1,4.1,140,16517.01
223,27.8,35.55,4,0,18,1,6,-0.0,Toys,69,0,2.86,235,6532.58
224,79.87,68.38,2,0,21,1,4,0.0,Electronics,43,0,2.09,205,16372.53
225,60.39,42.94,6,1,5,0,6,-0.0,Food,7,1,2.21,192,11594.58
226,56.36,57.9,0,0,19,1,5,-0.366,Toys,44,0,2.13,149,8397.35
227,194.87,219.05,1,0,8,0,11,-1.366,Electronics,44,0,2.11,46,8964.11
228,84.69,99.45,4,0,10,1,2,1.7321,Food,95,0,1.28,204,17276.47
229,179.49,146.51,1,0,21,1,4,0.0,Books,68,1,1.88,122,21897.64
230,129.92,111.35,5,1,14,0,2,1.7321,Clothing,77,0,1.43,129,16759.21
231,161.01,162.23,0,0,8,0,5,-0.366,Clothing,44,0,1.03,68,10948.96
232,105.5,94.78,0,0,10,1,3,1.0,Electronics,79,1,2.14,278,29329.29
233,119.61,145.48,0,0,9,1,6,-0.0,Food,40,0,2.41,122,14592.63
234,103.58,101.95,5,1,1,0,11,-1.366,Electronics,77,0,4.71,102,10564.99
235,47.1,55.56,3,0,21,1,5,-0.366,Food,43,0,4.98,214,10078.58
236,147.27,154.39,4,0,13,0,2,1.7321,Food,62,0,3.32,108,15904.72
237,63.35,73.73,4,0,3,0,10,-1.7321,Clothing,43,0,4.6,92,5827.9
238,14.62,13.15,6,1,1,0,11,-1.366,Books,90,0,3.47,155,2266.11
239,132.64,159.02,6,1,4,0,8,0.0,Books,19,0,2.99,114,15120.93
240,43.65,37.75,6,1,13,0,6,-0.0,Toys,49,0,1.17,140,6111.14
241,188.69,193.91,4,0,14,0,9,-1.0,Food,65,1,1.18,21,3962.43
242,191.25,158.43,3,0,18,1,3,1.0,Clothing,77,0,1.12,102,19507.14
243,183.82,181.12,0,0,5,0,11,-1.366,Food,25,0,1.6,0,0.0
244,80.33,71.57,0,0,14,0,4,0.0,Toys,84,0,1.31,136,10924.9
245,12.94,11.13,5,1,13,0,11,-1.366,Clothing,41,0,1.78,114,1474.79
246,186.38,238.6,1,0,7,0,8,0.0,Food,23,0,3.08,71,13233.02
247,91.35,72.72,3,0,19,1,7,0.366,Books,58,0,3.01,194,17722.87
248,193.66,227.05,2,0,11,1,8,0.0,Books,88,1,2.38,152,29436.99
249,193.09,249.18,3,0,3,0,9,-1.0,Toys,43,0,3.66,98,18922.6
250,172.07,122.5,5,1,20,1,8,0.0,Books,40,0,2.57,55,9463.95
251,65.95,73.82,1,0,5,0,8,0.0,Food,30,0,1.88,130,8572.89
252,83.17,70.84,1,0,10,1,6,-0.0,Toys,34,0,3.77,201,16716.88
253,171.72,124.37,6,1,22,0,11,-1.366,Electronics,10,0,4.92,78,13393.85
254,70.22,66.12,6,1,21,1,2,1.7321,Toys,60,0,4.24,246,17272.93
255,42.2,53.22,1,0,6,0,12,-0.0,Books,1,1,2.66,223,9411.41
256,115.79,81.87,0,0,3,0,7,0.366,Clothing,12,1,2.5,161,18642.55
257,187.87,197.78,2,0,14,0,4,0.0,Toys,46,1,1.15,128,24047.28
258,142.25,142.36,1,0,0,0,3,1.0,Food,93,0,3.63,82,11664.14
259,118.31,144.82,4,0,8,0,4,0.0,Toys,75,0,1.89,118,13960.77
260,28.46,21.36,0,0,22,0,4,0.0,Books,17,0,3.73,217,6176.59
261,126.85,140.67,2,0,19,1,3,1.0,Toys,84,0,4.04,215,27273.05
262,198.11,219.52,4,0,7,0,9,-1.0,Food,58,0,4.52,2,396.22
263,36.62,40.33,2,0,11,1,3,1.0,Food,38,1,3.19,303,11094.64
264,108.48,137.27,5,1,6,0,2,1.7321,Books,6,0,4.32,207,22455.91
265,176.7,210.95,2,0,17,1,1,1.366,Food,62,0,3.89,141,24914.82
266,150.75,109.32,4,0,0,0,11,-1.366,Books,84,0,2.41,15,2261.19
267,142.43,139.96,3,0,8,0,1,1.366,Toys,74,1,1.43,173,24640.91
268,143.47,134.69,2,0,6,0,5,-0.366,Toys,10,0,1.97,98,14060.25
269,78.3,69.38,3,0,13,0,12,-0.0,Electronics,95,0,4.38,159,12450.23
270,65.78,63.86,2,0,0,0,12,-0.0,Books,26,0,3.14,161,10590.97
271,163.78,152.4,5,1,12,1,5,-0.366,Clothing,58,0,3.66,126,20636.11
272,163.92,157.27,4,0,19,1,12,-0.0,Books,17,1,4.22,160,26227.45
273,174.74,224.99,2,0,14,0,9,-1.0,Toys,53,0,3.67,65,11358.34
274,183.52,138.22,1,0,4,0,4,0.0,Toys,78,1,4.42,135,24774.62
275,107.16,134.3,5,1,4,0,5,-0.366,Food,5,0,1.35,98,10501.2
276,105.29,104.04,1,0,13,0,6,-0.0,Electronics,67,0,4.61,171,18004.26
277,161.68,173.68,5,1,13,0,10,-1.7321,Clothing,20,0,4.25,29,4688.61
278,133.49,159.94,5,1,13,0,7,0.366,Electronics,51,0,4.61,181,24162.26
279,143.37,131.37,6,1,4,0,9,-1.0,Books,46,0,3.92,85,12186.77
280,161.2,154.47,2,0,10,1,6,-0.0,Books,79,0,2.1,123,19827.67
281,179.1,169.38,4,0,18,1,1,1.366,Toys,67,0,1.46,165,29551.67
282,74.22,68.64,6,1,4,0,8,0.0,Food,3,0,1.52,126,9351.6
283,81.36,102.13,4,0,3,0,2,1.7321,Clothing,23,0,3.0,212,17248.48
284,27.86,33.35,0,0,14,0,9,-1.0,Food,9,0,2.56,136,3788.49
285,119.87,91.75,4,0,20,1,11,-1.366,Clothing,11,0,3.62,131,15703.39
286,16.83,12.87,3,0,6,0,7,0.366,Electronics,47,0,3.01,204,3433.12
287,98.46,94.2,2,0,4,0,7,0.366,Toys,49,0,1.5,148,14572.62
288,113.1,85.87,1,0,14,0,10,-1.7321,Food,44,1,1.01,52,5881.33
289,64.44,69.05,4,0,13,0,10,-1.7321,Books,13,0,1.51,94,6057.63
290,122.26,96.12,1,0,23,0,12,-0.0,Toys,8,1,1.59,145,17727.46
291,15.8,16.01,0,0,23,0,5,-0.366,Clothing,63,0,3.88,164,2590.39
292,17.1,12.04,2,0,2,0,8,0.0,Toys,22,0,2.14,167,2855.06
293,166.29,147.99,4,0,4,0,10,-1.7321,Books,38,0,1.37,0,0.0
294,78.44,86.78,6,1,11,1,1,1.366,Books,27,0,4.02,256,20079.67
295,34.14,33.81,1,0,19,1,3,1.0,Clothing,26,1,4.76,297,10140.02
296,109.23,140.57,6,1,13,0,9,-1.0,Toys,23,0,1.4,85,9284.23
297,156.3,191.38,5,1,4,0,1,1.366,Food,95,0,4.85,116,18130.66
298,51.01,46.69,6,1,23,0,11,-1.366,Toys,93,0,4.8,160,8160.96
299,128.35,93.35,4,0,3,0,8,0.0,Books,65,1,3.09,128,16428.7
300,26.22,31.65,0,0,20,1,6,-0.0,Clothing,74,0,2.18,214,5610.23
301,19.82,24.71,6,1,15,0,12,-0.0,Electronics,47,1,1.55,241,4776.51
302,110.96,132.3,5,1,6,0,10,-1.7321,Electronics,61,0,4.3,143,15866.91
303,112.72,87.56,1,0,2,0,5,-0.366,Toys,46,0,3.42,138,15555.45
304,131.11,170.28,1,0,21,1,12,-0.0,Books,4,0,3.61,189,24780.11
305,147.96,126.53,2,0,3,0,6,-0.0,Toys,31,0,4.44,106,15683.48
306,195.41,221.7,6,1,19,1,11,-1.366,Clothing,4,0,2.78,68,13288.01
307,108.1,134.56,6,1,21,1,5,-0.366,Food,29,0,2.47,131,14160.72
308,71.36,60.04,2,0,5,0,9,-1.0,Electronics,73,0,4.05,114,8135.24
309,161.09,200.54,1,0,2,0,2,1.7321,Toys,79,0,2.19,139,22390.87
310,61.46,54.43,5,1,0,0,10,-1.7321,Books,44,0,2.31,98,6022.9
311,93.4,120.1,6,1,2,0,6,-0.0,Electronics,3,0,2.52,147,13730.47
312,24.91,21.64,2,0,23,0,12,-0.0,Electronics,59,1,4.43,235,5853.08
313,14.82,18.85,1,0,7,0,4,0.0,Food,79,1,4.12,252,3733.79
314,192.9,141.23,5,1,15,0,3,1.0,Toys,53,0,2.17,56,10802.58
315,168.84,190.04,3,0,21,1,12,-0.0,Food,11,1,1.57,117,19753.84
316,142.24,144.98,4,0,6,0,5,-0.366,Books,6,1,2.57,117,16641.51
317,87.7,86.54,6,1,17,1,2,1.7321,Books,47,0,3.5,190,16663.2
318,42.93,35.8,3,0,8,0,3,1.0,Toys,7,0,3.7,207,8885.67
319,39.72,44.62,3,0,2,0,7,0.366,Electronics,68,0,1.8,177,7030.98
320,57.55,46.87,4,0,17,1,12,-0.0,Clothing,85,1,2.0,230,13235.61
321,114.35,117.98,1,0,15,0,1,1.366,Food,1,1,4.72,199,22756.26
322,145.77,124.19,1,0,20,1,2,1.7321,Electronics,56,0,2.54,194,28280.01
323,135.44,172.46,2,0,0,0,3,1.0,Books,87,0,2.26,126,17065.13
324,63.19,45.32,0,0,20,1,10,-1.7321,Books,77,0,3.78,120,7582.49
325,191.42,156.94,1,0,19,1,12,-0.0,Electronics,43,0,2.87,122,23353.78
326,150.2,126.98,4,0,15,0,7,0.366,Electronics,28,0,1.99,154,23130.86
327,115.33,109.38,0,0,11,1,4,0.0,Books,29,0,2.64,146,16837.78
328,126.23,105.98,4,0,5,0,12,-0.0,Food,18,0,1.58,48,6058.89
329,89.72,89.26,4,0,20,1,8,0.0,Food,87,0,2.12,143,12830.53
330,57.07,69.82,4,0,8,0,8,0.0,Electronics,92,1,2.67,244,13924.81
331,77.63,87.51,6,1,20,1,1,1.366,Toys,73,0,3.07,227,17623.1
332,153.99,161.38,6,1,12,1,5,-0.366,Books,62,0,3.97,123,18940.86
333,12.73,9.59,0,0,23,0,1,1.366,Clothing,6,0,2.54,249,3170.96
334,32.05,35.78,3,0,11,1,7,0.366,Books,16,0,3.18,229,7340.32
335,18.74,14.99,6,1,12,1,4,0.0,Food,1,0,4.8,254,4760.09
336,17.74,20.79,5,1,17,1,12,-0.0,Food,22,1,4.27,310,5498.93
337,172.54,146.66,4,0,18,1,8,0.0,Clothing,46,0,1.95,108,18634.05
338,143.69,136.54,6,1,18,1,12,-0.0,Food,62,0,1.85,95,13651.02
339,100.09,91.11,2,0,18,1,8,0.0,Clothing,23,0,3.65,169,16915.72
340,28.59,34.74,1,0,5,0,9,-1.0,Food,21,0,3.38,132,3773.68
341,103.41,80.24,5,1,15,0,11,-1.366,Clothing,51,0,3.19,105,10857.74
342,99.96,103.9,1,0,6,0,6,-0.0,Toys,95,1,1.62,190,18992.33
343,42.91,33.69,1,0,6,0,7,0.366,Books,38,0,2.45,165,7079.88
344,92.43,103.79,0,0,22,0,7,0.366,Food,28,0,4.04,156,14419.36
345,85.72,106.55,2,0,18,1,5,-0.366,Electronics,44,0,3.89,222,19028.93
346,127.01,122.03,2,0,15,0,7,0.366,Clothing,91,0,1.66,94,11939.08
347,130.67,129.73,5,1,16,0,9,-1.0,Clothing,39,0,2.71,68,8885.41
348,18.61,23.38,2,0,21,1,12,-0.0,Clothing,42,0,2.77,238,4428.65
349,81.18,82.2,2,0,18,1,12,-0.0,Food,42,0,3.03,150,12176.46
350,128.91,127.95,2,0,15,0,11,-1.366,Books,60,0,2.84,64,8250.46
351,105.6,110.56,5,1,15,0,4,0.0,Electronics,57,0,3.01,148,15628.19
352,172.73,192.34,3,0,18,1,2,1.7321,Clothing,77,1,4.25,228,39383.14
353,135.15,103.27,2,0,14,0,8,0.0,Clothing,96,0,2.56,68,9190.32
354,40.96,48.85,6,1,2,0,7,0.366,Clothing,7,0,3.21,186,7618.1
355,23.41,22.5,2,0,14,0,6,-0.0,Clothing,51,0,3.43,191,4470.94
356,132.06,98.17,0,0,15,0,7,0.366,Electronics,97,1,4.77,189,24959.28
357,15.04,17.62,0,0,19,1,12,-0.0,Clothing,77,0,3.62,231,3473.58
358,121.3,112.34,6,1,4,0,3,1.0,Electronics,32,1,1.52,205,24865.96
359,188.64,143.41,2,0,18,1,6,-0.0,Electronics,7,0,3.33,176,33201.3
360,119.34,128.92,3,0,9,1,10,-1.7321,Clothing,76,0,3.65,118,14082.13
361,83.75,102.85,2,0,12,1,7,0.366,Toys,40,1,1.04,243,20351.81
362,132.22,162.99,6,1,14,0,7,0.366,Electronics,15,0,1.3,147,19437.04
363,97.07,123.72,2,0,11,1,5,-0.366,Toys,59,0,1.08,193,18734.13
364,113.67,138.74,2,0,16,0,3,1.0,Electronics,85,0,1.19,140,15913.41
365,188.88,132.46,4,0,14,0,2,1.7321,Food,12,0,1.36,11,2077.66
366,83.36,77.37,3,0,3,0,7,0.366,Clothing,77,0,4.83,154,12837.36
367,192.63,229.44,1,0,14,0,4,0.0,Food,42,0,1.83,35,6741.92
368,182.02,167.41,6,1,16,0,2,1.7321,Electronics,39,0,1.82,139,25300.31
369,47.2,50.08,2,0,10,1,8,0.0,Food,63,0,4.43,222,10478.47
370,23.18,24.66,6,1,22,0,2,1.7321,Clothing,2,0,4.01,217,5029.77
371,29.15,26.79,1,0,22,0,6,-0.0,Clothing,29,0,3.7,190,5538.09
372,13.46,16.73,3,0,14,0,4,0.0,Electronics,61,0,2.69,173,2328.95
373,27.94,28.0,6,1,19,1,9,-1.0,Electronics,29,1,1.12,241,6734.54
374,139.77,136.82,2,0,20,1,5,-0.366,Toys,100,0,4.31,135,18869.12
375,23.53,30.55,1,0,6,0,4,0.0,Books,38,0,4.44,187,4399.33
376,70.61,70.33,6,1,12,1,8,0.0,Food,7,0,2.93,153,10802.62
377,170.53,137.62,5,1,21,1,3,1.0,Toys,30,0,3.58,134,22850.53
378,14.42,14.53,1,0,12,1,9,-1.0,Food,87,0,2.91,194,2797.8
379,164.75,195.79,3,0,19,1,8,0.0,Clothing,92,0,2.18,123,20264.13
380,63.55,74.11,2,0,19,1,12,-0.0,Electronics,56,0,3.16,205,13028.24
381,32.45,38.07,4,0,1,0,12,-0.0,Food,87,1,3.75,205,6652.52
382,142.38,160.15,3,0,9,1,8,0.0,Books,36,0,1.62,110,15661.81
383,129.5,110.4,4,0,17,1,10,-1.7321,Clothing,42,1,3.12,152,19683.87
384,176.72,215.11,2,0,19,1,5,-0.366,Clothing,93,0,4.1,134,23680.44
385,149.66,184.99,1,0,4,0,1,1.366,Toys,4,0,2.9,172,25742.12
386,162.66,132.81,5,1,19,1,11,-1.366,Books,84,0,1.63,61,9922.34
387,63.59,49.49,5,1,18,1,10,-1.7321,Clothing,5,0,4.48,167,10618.96
388,43.71,56.19,6,1,1,0,9,-1.0,Books,46,0,3.7,167,7300.16
389,152.62,186.34,3,0,3,0,2,1.7321,Electronics,75,0,3.53,203,30981.21
390,163.3,201.83,3,0,15,0,1,1.366,Books,2,1,3.61,186,30373.54
391,198.2,244.14,3,0,20,1,6,-0.0,Toys,54,0,1.98,127,25170.89
392,88.4,90.61,0,0,15,0,1,1.366,Toys,88,0,2.97,187,16530.31
393,80.68,87.77,5,1,16,0,10,-1.7321,Food,59,0,2.3,37,2985.29
394,157.52,161.81,5,1,14,0,10,-1.7321,Electronics,33,0,4.33,83,13074.03
395,74.75,54.62,2,0,12,1,10,-1.7321,Electronics,22,0,3.36,162,12109.93
396,186.84,214.37,0,0,0,0,7,0.366,Books,47,0,3.87,54,10089.57
397,173.1,173.65,3,0,21,1,7,0.366,Toys,6,1,3.64,173,29946.03
398,91.51,99.62,3,0,4,0,1,1.366,Toys,24,0,2.93,170,15556.51
399,152.67,152.91,4,0,19,1,10,-1.7321,Toys,93,0,4.22,93,14197.89
400,153.36,152.61,6,1,0,0,5,-0.366,Electronics,49,0,3.46,117,17943.49
401,29.59,23.77,0,0,11,1,3,1.0,Toys,96,0,1.91,265,7842.29
402,181.49,157.39,6,1,22,0,11,-1.366,Food,94,0,2.16,0,0.0
403,106.0,84.3,1,0,14,0,12,-0.0,Clothing,51,1,4.31,180,19079.63
404,167.03,136.53,6,1,3,0,2,1.7321,Toys,41,0,4.76,145,24218.9
405,70.81,90.9,5,1,18,1,11,-1.366,Food,67,0,3.19,141,9984.13
406,180.15,142.65,2,0,15,0,5,-0.366,Food,89,0,2.54,6,1080.9
407,83.95,72.33,1,0,22,0,5,-0.366,Clothing,92,0,3.5,145,12172.51
408,12.06,12.71,1,0,17,1,2,1.7321,Electronics,79,1,2.93,324,3907.17
409,182.02,194.06,2,0,16,0,6,-0.0,Toys,81,1,4.37,159,28941.59
410,27.34,21.67,3,0,10,1,7,0.366,Food,2,0,4.33,247,6754.08
411,70.67,83.12,5,1,19,1,1,1.366,Food,91,0,2.82,234,16536.68
412,190.51,223.11,4,0,12,1,3,1.0,Clothing,100,0,4.22,183,34863.65
413,190.62,160.57,3,0,23,0,4,0.0,Food,78,0,1.77,0,0.0
414,118.95,103.87,6,1,21,1,2,1.7321,Toys,43,1,2.5,251,29857.25
415,130.05,164.23,3,0,8,0,10,-1.7321,Electronics,32,0,1.32,62,8063.04
416,95.2,113.81,0,0,16,0,11,-1.366,Food,12,0,4.23,73,6949.94
417,65.71,73.51,1,0,16,0,5,-0.366,Electronics,23,0,4.9,184,12090.65
418,72.45,54.29,1,0,4,0,4,0.0,Food,16,1,3.31,193,13982.13
419,137.78,131.02,5,1,21,1,11,-1.366,Food,44,0,4.07,99,13640.07
420,152.95,158.39,6,1,7,0,2,1.7321,Toys,2,0,2.61,129,19730.7
421,160.4,130.32,1,0,2,0,11,-1.366,Electronics,7,0,3.25,65,10426.0
422,160.03,155.06,4,0,5,0,1,1.366,Books,21,0,2.39,108,17282.96
423,27.33,28.99,4,0,2,0,8,0.0,Toys,58,0,3.79,204,5575.15
424,103.94,93.17,6,1,7,0,2,1.7321,Electronics,95,0,1.98,180,18709.17
425,20.94,24.47,4,0,11,1,4,0.0,Electronics,23,1,1.61,264,5527.15
426,114.41,137.78,2,0,3,0,12,-0.0,Electronics,60,0,4.59,175,20021.84
427,93.89,83.95,6,1,1,0,10,-1.7321,Books,25,0,4.46,54,5070.1
428,178.66,214.97,5,1,9,1,5,-0.366,Toys,35,1,4.34,190,33946.12
429,76.67,58.44,4,0,14,0,2,1.7321,Books,99,1,4.29,237,18171.7
430,32.24,38.78,0,0,12,1,10,-1.7321,Food,45,0,3.92,175,5642.48
431,37.17,29.42,0,0,23,0,9,-1.0,Clothing,7,0,4.5,163,6058.45
432,154.69,115.98,3,0,14,0,2,1.7321,Books,69,1,1.84,137,21192.12
433,127.46,138.3,3,0,21,1,6,-0.0,Food,32,0,4.48,138,17589.68
434,29.21,28.72,5,1,18,1,7,0.366,Books,53,0,4.67,245,7157.26
435,25.98,32.34,6,1,17,1,6,-0.0,Electronics,69,0,3.86,235,6105.37
436,143.18,131.43,3,0,12,1,11,-1.366,Clothing,25,0,3.4,110,15750.25
437,23.82,20.78,3,0,19,1,11,-1.366,Clothing,95,0,1.94,167,3978.77
438,166.15,166.23,0,0,19,1,12,-0.0,Food,84,0,4.46,127,21101.48
439,144.19,140.37,3,0,0,0,4,0.0,Books,86,1,3.31,123,17734.88
440,25.46,23.08,0,0,15,0,1,1.366,Books,77,0,3.44,235,5982.22
441,26.12,29.16,4,0,7,0,2,1.7321,Books,2,0,3.43,263,6869.34
442,197.46,228.21,4,0,22,0,12,-0.0,Food,86,0,4.47,23,4541.61
443,81.11,98.29,5,1,5,0,10,-1.7321,Books,61,0,1.55,85,6894.47
444,80.42,103.24,2,0,2,0,12,-0.0,Clothing,9,0,1.25,158,12706.68
445,164.43,141.41,3,0,19,1,10,-1.7321,Clothing,51,0,1.9,56,9208.19
446,189.98,214.61,4,0,15,0,12,-0.0,Toys,2,0,2.97,66,12538.5
447,197.34,184.82,4,0,1,0,6,-0.0,Books,45,0,2.88,47,9274.99
448,153.14,169.41,6,1,22,0,8,0.0,Books,32,0,3.05,93,14242.19
449,81.49,80.31,5,1,1,0,3,1.0,Clothing,72,0,1.46,163,13282.76
450,25.87,33.53,1,0,14,0,7,0.366,Clothing,80,1,4.17,254,6569.74
451,157.66,179.31,1,0,9,1,9,-1.0,Electronics,97,0,2.21,122,19234.27
452,116.1,147.62,5,1,0,0,4,0.0,Electronics,75,0,4.65,201,23335.46
453,90.6,108.81,0,0,21,1,11,-1.366,Toys,32,1,4.36,233,21110.31
454,182.21,226.25,2,0,19,1,7,0.366,Clothing,8,1,1.25,195,35530.43
455,31.13,37.0,6,1,14,0,7,0.366,Toys,96,0,1.21,172,5353.93
456,103.6,101.06,6,1,23,0,12,-0.0,Books,85,0,3.52,125,12949.85
457,12.16,10.35,5,1,0,0,10,-1.7321,Books,89,0,1.31,130,1580.44
458,99.05,91.34,1,0,21,1,9,-1.0,Clothing,20,0,3.29,142,14064.46
459,20.7,14.74,2,0,15,0,3,1.0,Food,65,1,1.32,242,5008.82
460,32.58,33.04,4,0,17,1,11,-1.366,Toys,21,0,2.92,190,6189.33
461,32.33,32.43,5,1,23,0,1,1.366,Food,7,0,2.68,198,6401.34
462,133.35,135.37,0,0,4,0,8,0.0,Books,89,1,3.36,170,22669.49
463,151.75,194.91,2,0,20,1,4,0.0,Toys,9,0,2.42,161,24431.51
464,120.84,150.67,1,0,4,0,2,1.7321,Books,86,0,1.56,144,17400.97
465,192.81,153.68,4,0,22,0,5,-0.366,Electronics,2,1,4.37,137,26415.35
466,81.23,74.84,5,1,22,0,4,0.0,Clothing,19,0,2.2,106,8609.89
467,64.29,61.35,6,1,9,1,1,1.366,Electronics,60,0,1.27,239,15364.19
468,175.03,160.39,3,0,22,0,12,-0.0,Toys,70,0,3.0,69,12077.33
469,52.48,61.88,6,1,11,1,7,0.366,Electronics,59,1,4.51,297,15587.51
470,193.01,195.8,6,1,9,1,4,0.0,Toys,69,0,2.12,113,21810.39
471,12.31,12.84,4,0,1,0,8,0.0,Food,45,0,2.8,146,1797.17
472,194.28,235.43,1,0,23,0,9,-1.0,Clothing,62,0,2.61,43,8353.91
473,18.2,21.54,5,1,0,0,8,0.0,Food,10,1,1.19,248,4513.7
474,179.32,139.75,1,0,15,0,1,1.366,Books,65,0,4.47,103,18469.67
475,110.26,124.42,3,0,17,1,8,0.0,Clothing,26,0,4.04,183,20178.17
476,198.66,190.97,6,1,6,0,5,-0.366,Electronics,90,0,1.38,68,13509.11
477,24.02,21.06,4,0,3,0,1,1.366,Toys,60,1,1.53,216,5188.61
478,115.23,84.12,2,0,9,1,9,-1.0,Clothing,18,0,1.04,94,10831.84
479,194.17,192.68,2,0,9,1,9,-1.0,Books,59,0,4.94,76,14756.73
480,109.39,99.9,4,0,10,1,7,0.366,Food,21,0,2.66,124,13564.19
481,129.59,110.27,2,0,2,0,7,0.366,Books,46,0,4.72,102,13217.75
482,142.19,158.8,6,1,13,0,11,-1.366,Electronics,12,0,2.68,89,12655.11
483,96.36,111.94,5,1,12,1,1,1.366,Toys,78,0,1.42,214,20621.64
484,129.24,109.45,4,0,18,1,9,-1.0,Toys,32,0,2.37,87,11243.54
485,121.02,88.3,4,0,9,1,1,1.366,Electronics,39,0,2.67,174,21057.43
486,181.22,219.14,1,0,14,0,12,-0.0,Toys,99,0,1.71,101,18303.22
487,18.63,13.16,0,0,7,0,7,0.366,Clothing,81,0,1.21,169,3149.28
488,63.38,80.01,1,0,16,0,9,-1.0,Clothing,55,0,2.27,144,9127.15
489,190.58,205.17,2,0,5,0,9,-1.0,Electronics,55,0,3.16,71,13531.05
490,179.15,160.0,0,0,6,0,5,-0.366,Electronics,10,0,2.02,82,14690.31
491,96.57,81.88,4,0,13,0,12,-0.0,Books,35,0,4.83,151,14582.79
492,127.83,90.17,2,0,7,0,6,-0.0,Toys,80,0,2.93,117,14955.55
493,62.7,52.75,3,0,11,1,2,1.7321,Food,6,0,1.52,216,13543.72
494,45.74,35.8,2,0,17,1,2,1.7321,Electronics,68,0,2.65,244,11161.3
495,98.1,104.7,0,0,13,0,10,-1.7321,Books,62,0,3.83,53,5199.44
496,77.14,61.7,0,0,0,0,9,-1.0,Electronics,9,0,2.95,125,9642.12
497,120.89,122.97,4,0,3,0,1,1.366,Electronics,29,1,2.32,241,29135.61
498,24.77,26.11,5,1,16,0,10,-1.7321,Clothing,71,1,1.43,153,3789.75
499,195.14,171.49,3,0,17,1,12,-0.0,Toys,80,1,2.84,163,31807.01
500,197.38,142.32,4,0,18,1,12,-0.0,Electronics,6,1,1.39,130,25659.41
501,142.65,103.04,3,0,3,0,5,-0.366,Toys,44,1,2.48,123,17546.04
502,111.86,80.07,3,0,5,0,7,0.366,Books,64,0,1.46,103,11521.41
503,68.81,78.68,4,0,7,0,12,-0.0,Electronics,67,0,3.7,193,13280.38
504,164.62,146.65,6,1,14,0,10,-1.7321,Food,44,0,4.09,0,0.0
505,140.1,165.01,2,0,19,1,6,-0.0,Clothing,78,0,1.97,134,18773.26
506,40.9,39.22,1,0,0,0,6,-0.0,Food,14,1,1.3,184,7525.09
507,183.08,177.91,3,0,4,0,6,-0.0,Clothing,9,0,2.39,36,6590.74
508,166.28,167.57,6,1,15,0,8,0.0,Electronics,100,0,3.24,115,19122.44
509,190.46,214.81,0,0,20,1,7,0.366,Electronics,23,0,4.07,205,39044.71
510,147.89,127.79,4,0,5,0,5,-0.366,Toys,57,1,2.61,127,18781.61
511,126.55,97.82,5,1,20,1,10,-1.7321,Clothing,57,0,2.46,78,9870.81
512,89.47,92.48,6,1,9,1,2,1.7321,Books,15,0,4.63,243,21740.28
513,187.22,167.78,2,0,9,1,10,-1.7321,Food,64,0,2.8,0,0.0
514,174.55,168.53,6,1,4,0,6,-0.0,Books,7,1,2.79,121,21120.81
515,18.59,20.23,3,0,7,0,10,-1.7321,Clothing,20,1,2.64,185,3439.44
516,15.01,14.96,5,1,0,0,5,-0.366,Books,64,1,2.45,219,3287.13
517,81.53,87.41,6,1,4,0,4,0.0,Clothing,19,0,3.91,143,11658.51
518,164.01,168.35,2,0,0,0,10,-1.7321,Toys,6,0,2.13,51,8364.26
519,197.58,226.01,6,1,6,0,11,-1.366,Toys,51,0,2.52,45,8891.21
520,38.58,43.35,4,0,14,0,5,-0.366,Books,39,1,2.13,202,7793.0
521,122.88,125.41,5,1,22,0,9,-1.0,Books,65,0,3.28,75,9216.36
522,82.37,91.21,0,0,23,0,12,-0.0,Clothing,71,0,4.84,170,14002.77
523,194.28,237.83,3,0,13,0,2,1.7321,Toys,99,0,2.56,130,25256.89
524,170.0,163.09,3,0,22,0,6,-0.0,Books,25,0,4.87,64,10880.17
525,169.28,160.42,5,1,8,0,11,-1.366,Clothing,23,0,3.63,45,7617.71
526,99.05,114.76,2,0,7,0,9,-1.0,Clothing,89,0,4.18,130,12876.72
527,88.82,93.21,4,0,7,0,12,-0.0,Books,58,0,2.33,102,9059.2
528,61.95,46.0,6,1,2,0,10,-1.7321,Food,11,0,1.9,81,5017.73
529,20.71,25.58,6,1,19,1,5,-0.366,Electronics,34,0,3.31,244,5053.57
530,174.3,125.23,1,0,3,0,12,-0.0,Clothing,31,1,4.96,88,15338.16
531,164.45,188.96,3,0,16,0,11,-1.366,Toys,38,0,3.84,65,10689.33
532,199.95,230.99,6,1,5,0,6,-0.0,Electronics,46,0,3.73,127,25393.19
533,199.36,253.56,0,0,1,0,10,-1.7321,Clothing,12,0,2.8,67,13357.19
534,115.53,84.62,3,0,8,0,12,-0.0,Food,9,0,4.52,86,9935.75
535,156.11,165.18,3,0,13,0,4,0.0,Electronics,13,0,3.79,133,20762.31
536,189.51,181.3,1,0,0,0,5,-0.366,Toys,64,0,3.7,75,14212.91
537,171.43,154.01,1,0,16,0,8,0.0,Electronics,20,0,2.17,88,15086.1
538,57.0,42.99,4,0,10,1,12,-0.0,Books,59,0,4.83,206,11741.2
539,95.6,99.2,6,1,5,0,1,1.366,Clothing,85,1,2.0,211,20172.31
540,34.54,34.11,6,1,0,0,1,1.366,Books,22,0,3.09,234,8082.43
541,191.27,145.89,3,0,18,1,10,-1.7321,Food,65,0,2.36,0,0.0
542,125.17,133.62,3,0,15,0,4,0.0,Electronics,60,0,1.72,167,20903.92
543,53.44,61.07,2,0,17,1,10,-1.7321,Books,41,0,1.58,115,6145.85
544,137.62,159.69,2,0,10,1,3,1.0,Food,81,1,2.17,188,25873.15
545,127.44,158.44,6,1,8,0,5,-0.366,Books,45,0,3.76,111,14146.32
546,78.05,73.81,5,1,20,1,11,-1.366,Toys,4,0,4.9,172,13424.76
547,31.58,40.16,5,1,5,0,10,-1.7321,Books,70,0,4.41,120,3789.11
548,137.6,167.77,0,0,1,0,8,0.0,Clothing,45,0,1.87,109,14998.28
549,108.86,95.57,6,1,7,0,1,1.366,Books,58,0,1.31,105,11430.14
550,156.74,124.7,6,1,21,1,5,-0.366,Books,83,0,3.75,79,12382.5
551,108.83,104.61,6,1,15,0,5,-0.366,Books,94,0,1.12,70,7618.17
552,171.91,161.8,0,0,7,0,2,1.7321,Books,23,1,4.44,183,31460.35
553,114.86,120.08,2,0,7,0,5,-0.366,Books,32,0,4.3,123,14128.06
554,116.58,122.41,5,1,13,0,8,0.0,Electronics,63,0,4.17,163,19002.25
555,176.56,203.05,6,1,0,0,10,-1.7321,Electronics,93,0,3.21,71,12536.06
556,86.66,87.18,0,0,6,0,7,0.366,Toys,8,0,4.89,191,16552.39
557,35.46,27.05,3,0,1,0,12,-0.0,Electronics,85,0,2.83,171,6064.15
558,15.47,18.79,5,1,14,0,2,1.7321,Food,81,0,4.95,243,3758.9
559,153.48,135.96,1,0,23,0,6,-0.0,Clothing,81,0,4.53,108,16575.42
560,127.86,164.01,5,1,17,1,10,-1.7321,Books,85,0,1.51,54,6904.38
561,143.78,110.81,3,0,3,0,11,-1.366,Books,79,0,4.58,43,6182.33
562,50.46,64.34,2,0,17,1,11,-1.366,Books,91,1,2.22,198,9991.71
563,35.91,27.1,4,0,22,0,1,1.366,Toys,25,1,4.07,284,10198.6
564,12.76,10.7,4,0,4,0,10,-1.7321,Toys,33,1,1.0,171,2182.56
565,76.61,55.77,2,0,15,0,10,-1.7321,Food,66,1,2.1,103,7891.0
566,122.08,137.11,3,0,12,1,3,1.0,Books,16,0,4.03,171,20876.43
567,84.53,102.29,0,0,8,0,11,-1.366,Toys,55,0,4.89,134,11326.53
568,93.12,89.44,5,1,4,0,11,-1.366,Books,36,1,1.68,124,11546.91
569,181.79,228.53,5,1,7,0,6,-0.0,Electronics,72,1,2.84,179,32540.44
570,76.17,80.3,0,0,17,1,9,-1.0,Books,80,0,3.35,154,11729.95
571,107.66,116.06,4,0,2,0,1,1.366,Food,7,0,4.81,173,18624.83
572,158.89,191.83,6,1,5,0,12,-0.0,Food,69,0,2.81,53,8421.39
573,85.34,74.94,6,1,10,1,6,-0.0,Toys,87,0,4.73,175,14935.05
574,128.2,116.99,2,0,22,0,2,1.7321,Books,8,0,4.91,177,22690.78
575,173.85,216.19,6,1,13,0,9,-1.0,Food,3,0,4.77,55,9561.7
576,190.41,236.22,2,0,23,0,2,1.7321,Electronics,35,0,3.99,204,38843.42
577,37.94,48.79,6,1,18,1,12,-0.0,Toys,36,0,1.5,197,7474.96
578,186.05,230.91,1,0,6,0,3,1.0,Electronics,100,0,3.41,167,31070.63
579,103.5,80.36,4,0,23,0,12,-0.0,Food,79,0,4.01,103,10660.72
580,59.07,70.54,2,0,9,1,2,1.7321,Toys,30,1,4.82,338,19964.45
581,97.24,91.98,1,0,14,0,11,-1.366,Books,15,0,4.11,97,9431.87
582,196.21,253.99,0,0,5,0,4,0.0,Clothing,93,0,3.16,80,15696.5
583,103.6,101.87,4,0,19,1,4,0.0,Books,68,0,1.82,145,15021.63
584,72.46,74.8,4,0,5,0,10,-1.7321,Books,98,0,2.83,71,5144.86
585,130.35,132.67,2,0,15,0,1,1.366,Electronics,87,1,3.55,237,30892.04
586,55.63,49.68,2,0,8,0,8,0.0,Books,58,0,2.3,172,9567.96
587,24.41,18.19,3,0,18,1,5,-0.366,Clothing,99,1,2.83,229,5590.81
588,34.49,42.67,6,1,17,1,12,-0.0,Toys,28,1,1.07,249,8587.3
589,34.33,40.56,0,0,4,0,8,0.0,Toys,95,0,4.52,193,6625.44
590,38.86,30.46,0,0,15,0,6,-0.0,Clothing,42,0,1.14,151,5868.09
591,36.38,42.42,5,1,6,0,2,1.7321,Electronics,97,0,2.64,228,8293.99
592,131.77,141.72,1,0,18,1,7,0.366,Clothing,18,0,3.04,144,18974.33
593,44.56,42.13,1,0,4,0,10,-1.7321,Toys,5,0,4.89,146,6505.35
594,75.68,64.51,3,0,19,1,9,-1.0,Clothing,9,1,4.74,229,17329.98
595,180.39,219.32,5,1,10,1,7,0.366,Electronics,84,0,3.59,209,37701.47
596,100.05,112.07,0,0,22,0,11,-1.366,Books,9,0,3.34,96,9605.06
597,136.84,140.76,6,1,17,1,5,-0.366,Books,18,0,2.47,131,17925.51
598,42.74,45.55,6,1,6,0,4,0.0,Toys,56,0,1.16,142,6069.19
599,46.53,35.12,6,1,17,1,11,-1.366,Electronics,15,1,2.07,203,9446.59
600,17.77,17.49,6,1,2,0,8,0.0,Books,79,0,4.39,171,3037.82
601,42.1,34.36,1,0,4,0,6,-0.0,Books,78,0,3.59,181,7619.68
602,62.93,51.92,0,0,22,0,5,-0.366,Books,62,0,4.26,143,8999.3
603,43.63,47.85,6,1,12,1,7,0.366,Food,35,0,4.35,229,9991.73
604,26.85,33.48,0,0,15,0,11,-1.366,Books,40,0,1.25,135,3625.22
605,32.92,31.02,5,1,21,1,3,1.0,Food,51,0,2.35,245,8065.6
606,97.55,80.44,1,0,11,1,9,-1.0,Clothing,60,1,3.7,180,17558.63
607,49.2,53.59,2,0,6,0,4,0.0,Toys,100,0,4.41,174,8561.39
608,79.21,96.85,2,0,21,1,12,-0.0,Toys,56,1,4.21,254,20119.66
609,105.65,121.39,5,1,12,1,4,0.0,Food,84,0,2.69,127,13417.46
610,141.18,172.41,1,0,0,0,8,0.0,Electronics,75,1,4.73,217,30634.98
611,17.47,17.85,3,0,14,0,6,-0.0,Food,41,1,2.2,241,4210.1
612,161.89,186.35,4,0,20,1,11,-1.366,Books,54,1,2.5,99,16026.91
613,129.3,101.38,5,1,11,1,1,1.366,Electronics,17,1,1.73,237,30644.35
614,25.53,23.21,0,0,16,0,2,1.7321,Toys,25,0,1.91,204,5208.98
615,175.98,164.32,5,1,22,0,9,-1.0,Clothing,93,0,1.03,5,879.9
616,184.97,186.22,4,0,19,1,6,-0.0,Clothing,87,0,2.23,92,17016.85
617,21.6,27.17,5,1,4,0,7,0.366,Food,9,1,2.23,256,5530.83
618,62.61,76.67,1,0,16,0,11,-1.366,Food,56,0,1.27,114,7137.17
619,163.18,127.4,0,0,23,0,9,-1.0,Food,89,1,2.36,50,8158.91
620,152.17,122.29,4,0,14,0,3,1.0,Food,23,0,2.21,63,9586.67
621,45.06,41.21,6,1,19,1,5,-0.366,Toys,2,0,4.2,222,10003.1
622,49.78,43.53,2,0,18,1,5,-0.366,Books,45,0,1.62,184,9158.85
623,80.39,85.93,3,0,0,0,10,-1.7321,Toys,65,0,3.9,120,9646.76
624,102.06,126.72,5,1,3,0,7,0.366,Clothing,38,0,1.52,144,14696.55
625,127.47,162.82,5,1,2,0,2,1.7321,Clothing,6,0,2.98,196,24983.81
626,80.09,87.48,4,0,7,0,4,0.0,Clothing,48,0,3.95,146,11693.66
627,97.88,117.74,3,0,8,0,11,-1.366,Books,44,0,3.43,92,9005.11
628,152.02,154.32,5,1,11,1,4,0.0,Books,79,0,3.58,136,20674.65
629,16.97,14.0,2,0,4,0,12,-0.0,Electronics,7,1,1.83,224,3801.24
630,57.96,58.82,4,0,8,0,8,0.0,Books,66,0,4.31,201,11650.57
631,145.54,150.35,1,0,0,0,10,-1.7321,Clothing,62,0,4.81,74,10769.7
632,180.09,206.29,0,0,22,0,3,1.0,Books,30,1,1.62,129,23231.52
633,107.22,89.2,2,0,10,1,2,1.7321,Books,93,0,4.55,238,25518.05
634,111.1,102.32,3,0,6,0,9,-1.0,Books,76,0,2.59,84,9332.53
635,30.36,27.89,3,0,21,1,12,-0.0,Food,52,1,3.8,256,7772.85
636,95.01,121.2,2,0,19,1,11,-1.366,Books,98,0,3.03,139,13206.16
637,111.2,107.46,6,1,13,0,4,0.0,Food,94,0,4.17,91,10118.95
638,56.07,64.65,1,0,2,0,9,-1.0,Clothing,36,0,1.18,122,6840.47
639,61.16,70.36,5,1,10,1,6,-0.0,Electronics,35,0,2.29,192,11741.99
640,81.68,70.19,1,0,16,0,1,1.366,Toys,66,0,1.19,167,13641.23
641,13.81,14.41,5,1,17,1,11,-1.366,Electronics,50,0,4.77,209,2887.03
642,71.2,88.04,5,1,18,1,3,1.0,Toys,3,0,1.68,233,16588.44
643,50.18,49.43,3,0,17,1,7,0.366,Clothing,76,1,2.7,270,13547.28
644,72.22,91.51,5,1,5,0,9,-1.0,Food,4,0,3.57,129,9316.96
645,32.75,27.14,2,0,14,0,8,0.0,Books,55,0,2.85,172,5633.83
646,179.2,133.41,6,1,6,0,12,-0.0,Food,52,0,3.15,0,0.0
647,122.78,151.62,5,1,4,0,5,-0.366,Toys,59,0,1.82,116,14242.78
648,139.03,168.03,2,0,4,0,12,-0.0,Books,71,0,1.27,81,11261.38
649,159.94,207.21,0,0,6,0,8,0.0,Toys,20,0,2.03,136,21752.18
650,104.7,115.97,3,0,21,1,2,1.7321,Toys,19,0,2.27,234,24500.74
651,26.51,33.46,1,0,11,1,3,1.0,Books,8,0,2.66,225,5965.84
652,112.05,134.03,4,0,7,0,8,0.0,Electronics,67,1,2.18,202,22634.15
653,121.5,146.61,1,0,17,1,9,-1.0,Electronics,27,0,1.14,183,22234.47
654,151.63,157.92,1,0,17,1,10,-1.7321,Toys,79,0,1.38,64,9704.54
655,92.02,85.52,6,1,16,0,8,0.0,Clothing,8,0,3.7,148,13618.27
656,34.24,43.17,4,0,22,0,4,0.0,Food,18,0,1.25,148,5067.56
657,63.92,61.31,6,1,10,1,6,-0.0,Electronics,29,0,1.18,214,13678.33
658,78.99,80.83,3,0,14,0,11,-1.366,Books,46,0,4.25,99,7819.58
659,132.72,128.43,5,1,19,1,5,-0.366,Toys,36,1,1.16,172,22828.58
660,118.45,123.05,0,0,5,0,12,-0.0,Food,3,0,1.27,87,10304.97
661,77.66,76.28,1,0,11,1,4,0.0,Food,9,0,3.2,148,11493.44
662,197.44,143.89,6,1,22,0,9,-1.0,Toys,10,1,2.77,64,12636.03
663,125.1,153.77,5,1,6,0,10,-1.7321,Food,84,0,4.86,69,8631.71
664,55.07,53.24,1,0,7,0,3,1.0,Clothing,66,1,4.75,223,12281.3
665,29.34,30.9,3,0,3,0,1,1.366,Toys,1,0,3.64,262,7686.73
666,39.04,30.59,3,0,2,0,7,0.366,Food,91,0,1.29,135,5270.84
667,56.73,39.83,2,0,2,0,10,-1.7321,Food,4,0,3.01,72,4084.7
668,40.53,34.34,3,0,9,1,8,0.0,Electronics,48,0,1.18,218,8835.42
669,45.45,51.03,3,0,23,0,11,-1.366,Food,96,0,4.63,125,5680.97
670,64.17,48.74,1,0,14,0,3,1.0,Food,18,0,3.64,141,9047.7
671,42.94,53.48,0,0,12,1,3,1.0,Electronics,78,0,3.3,261,11207.6
672,180.39,149.54,6,1,18,1,6,-0.0,Toys,45,0,2.71,122,22007.02
673,25.24,20.77,1,0,7,0,2,1.7321,Electronics,15,0,3.04,226,5705.24
674,109.66,88.7,6,1,17,1,6,-0.0,Books,51,0,2.6,142,15571.32
675,87.98,62.32,5,1,4,0,5,-0.366,Books,61,0,1.4,90,7917.79
676,196.65,228.72,6,1,20,1,7,0.366,Clothing,4,0,3.64,121,23794.88
677,31.29,38.33,3,0,6,0,9,-1.0,Food,19,0,4.99,151,4724.4
678,85.59,91.46,2,0,4,0,9,-1.0,Books,88,0,1.45,98,8388.07
679,194.2,157.87,0,0,18,1,1,1.366,Toys,94,0,4.98,171,33208.09
680,174.45,151.97,2,0,16,0,7,0.366,Toys,77,0,4.6,105,18316.87
681,165.24,162.86,4,0,18,1,3,1.0,Books,11,0,4.58,110,18176.81
682,59.0,75.09,2,0,3,0,4,0.0,Electronics,28,1,4.32,272,16048.42
683,42.47,36.03,2,0,21,1,2,1.7321,Clothing,57,0,4.69,300,12740.59
684,137.04,156.09,5,1,23,0,1,1.366,Electronics,75,1,1.99,236,32341.96
685,186.58,179.8,3,0,6,0,10,-1.7321,Clothing,54,0,2.75,0,0.0
686,115.78,101.74,5,1,23,0,3,1.0,Books,65,0,2.92,111,12852.13
687,118.61,115.47,3,0,21,1,10,-1.7321,Electronics,47,0,1.27,111,13165.31
688,63.2,46.94,5,1,5,0,9,-1.0,Books,4,0,4.92,126,7962.7
689,156.2,184.2,3,0,13,0,1,1.366,Clothing,34,0,3.76,167,26086.01
690,45.54,38.52,6,1,21,1,3,1.0,Toys,76,1,2.81,300,13661.49
691,71.5,81.17,3,0,18,1,11,-1.366,Electronics,54,0,4.97,167,11940.34
692,90.83,67.31,3,0,19,1,5,-0.366,Books,88,0,2.09,153,13897.44
693,106.45,135.51,2,0,10,1,3,1.0,Clothing,61,0,2.35,198,21076.3
694,56.06,45.73,4,0,21,1,4,0.0,Toys,96,0,1.76,176,9866.18
695,31.82,39.13,3,0,6,0,4,0.0,Electronics,83,0,1.75,175,5568.32
696,126.02,149.42,4,0,2,0,1,1.366,Clothing,93,0,1.75,131,16508.33
697,64.84,83.04,4,0,19,1,6,-0.0,Electronics,93,0,3.44,241,15626.39
698,120.44,118.84,1,0,21,1,11,-1.366,Electronics,83,0,2.18,129,15536.15
699,39.33,44.69,1,0,16,0,12,-0.0,Food,20,0,4.81,200,7865.78
700,101.42,93.55,0,0,10,1,7,0.366,Books,3,0,4.27,201,20384.74
701,111.19,90.13,6,1,14,0,12,-0.0,Food,40,0,1.64,61,6782.71
702,19.85,19.17,5,1,6,0,7,0.366,Electronics,69,0,4.34,216,4286.84
703,73.95,59.12,1,0,14,0,6,-0.0,Clothing,23,0,2.38,122,9022.49
704,35.54,45.82,3,0,16,0,7,0.366,Books,69,0,1.91,196,6965.6
705,22.04,16.7,4,0,10,1,3,1.0,Clothing,94,0,4.13,255,5620.52
706,198.09,208.7,5,1,11,1,5,-0.366,Clothing,32,0,4.43,116,22978.72
707,71.25,76.65,0,0,12,1,7,0.366,Toys,24,0,4.84,242,17241.83
708,163.88,167.62,1,0,10,1,10,-1.7321,Electronics,51,0,2.68,133,21795.53
709,58.38,64.06,2,0,10,1,5,-0.366,Clothing,58,0,3.25,208,12143.4
710,139.49,107.36,6,1,8,0,10,-1.7321,Electronics,42,0,3.46,65,9066.56
711,154.44,159.54,5,1,10,1,2,1.7321,Food,35,1,3.51,223,34440.85
712,123.17,107.45,0,0,3,0,6,-0.0,Food,32,1,2.61,136,16751.31
713,99.6,125.9,3,0,1,0,7,0.366,Clothing,54,0,1.61,117,11653.14
714,88.25,102.13,5,1,22,0,11,-1.366,Electronics,45,0,1.28,123,10854.72
715,76.28,97.91,4,0,3,0,2,1.7321,Toys,48,0,4.62,237,18079.54
716,186.61,134.83,3,0,13,0,10,-1.7321,Books,86,0,2.47,0,0.0
717,167.82,146.18,3,0,4,0,8,0.0,Food,85,0,1.72,13,2181.63
718,193.36,158.02,5,1,16,0,5,-0.366,Food,92,0,4.93,4,773.42
719,33.62,23.76,2,0,11,1,11,-1.366,Toys,49,0,4.21,179,6017.35
720,148.86,125.85,2,0,5,0,8,0.0,Clothing,34,1,4.92,157,23371.78
721,188.28,208.48,5,1,11,1,3,1.0,Food,16,1,2.12,157,29560.7
722,44.43,37.26,5,1,14,0,2,1.7321,Food,11,0,2.85,190,8442.51
723,22.63,22.76,5,1,22,0,7,0.366,Books,97,0,4.23,177,4006.27
724,150.81,185.91,6,1,18,1,5,-0.366,Toys,19,0,3.21,153,23074.38
725,119.15,133.0,6,1,9,1,5,-0.366,Toys,92,1,2.42,219,26093.83
726,169.95,159.2,4,0,1,0,8,0.0,Electronics,29,0,1.63,110,18694.22
727,36.56,33.76,1,0,11,1,9,-1.0,Toys,54,0,3.25,181,6616.77
728,161.1,156.82,3,0,11,1,8,0.0,Books,53,0,3.39,109,17559.99
729,48.31,38.95,5,1,6,0,10,-1.7321,Toys,67,0,3.88,93,4492.75
730,41.09,44.4,6,1,0,0,2,1.7321,Electronics,82,0,4.16,266,10931.17
731,41.21,37.85,1,0,17,1,10,-1.7321,Books,82,1,1.47,181,7459.1
732,164.77,199.6,4,0,2,0,11,-1.366,Food,76,0,3.51,25,4119.23
733,136.39,157.38,3,0,19,1,7,0.366,Clothing,82,0,4.13,170,23185.87
734,109.38,116.64,1,0,4,0,11,-1.366,Food,32,0,2.56,41,4484.68
735,78.18,71.81,3,0,19,1,5,-0.366,Electronics,100,0,2.1,170,13290.22
736,176.67,145.92,2,0,14,0,7,0.366,Books,83,1,2.92,96,16960.14
737,84.56,98.58,5,1,9,1,3,1.0,Food,56,0,2.24,178,15052.49
738,165.15,163.81,2,0,18,1,4,0.0,Electronics,63,1,3.04,221,36499.01
739,93.44,78.0,0,0,0,0,7,0.366,Food,4,0,2.23,121,11305.71
740,81.62,66.69,4,0,6,0,2,1.7321,Clothing,11,1,2.69,230,18772.47
741,97.91,78.25,5,1,21,1,2,1.7321,Food,3,0,4.66,213,20854.65
742,67.26,78.45,1,0,17,1,1,1.366,Food,27,0,4.67,261,17555.33
743,152.05,127.32,3,0,1,0,1,1.366,Food,80,0,4.97,78,11859.57
744,105.52,107.2,6,1,18,1,12,-0.0,Electronics,44,0,2.94,213,22475.09
745,54.12,52.55,0,0,23,0,1,1.366,Books,18,0,1.67,208,11257.05
746,180.92,189.56,4,0,23,0,6,-0.0,Toys,30,0,4.56,116,20986.62
747,82.94,101.71,4,0,9,1,5,-0.366,Electronics,88,0,3.39,209,17334.32
748,113.28,138.27,4,0,14,0,10,-1.7321,Toys,70,1,3.99,154,17444.36
749,182.23,176.88,1,0,9,1,8,0.0,Toys,47,0,1.65,85,15489.52
750,128.61,91.21,5,1,9,1,5,-0.366,Food,34,1,2.28,139,17876.13
751,32.21,30.79,2,0,11,1,1,1.366,Clothing,76,0,2.1,264,8503.61
752,188.57,200.58,0,0,7,0,12,-0.0,Toys,42,0,3.24,69,13011.2
753,129.26,133.74,1,0,22,0,8,0.0,Toys,23,0,4.99,125,16158.07
754,73.63,80.32,3,0,13,0,6,-0.0,Food,100,0,3.45,159,11707.5
755,36.46,28.89,1,0,1,0,8,0.0,Clothing,40,0,3.29,169,6162.03
756,160.86,175.01,3,0,16,0,2,1.7321,Food,15,1,4.04,179,28794.8
757,127.81,103.48,3,0,5,0,10,-1.7321,Toys,80,0,2.32,32,4090.04
758,111.36,128.1,4,0,7,0,8,0.0,Electronics,57,0,2.01,155,17260.43
759,179.84,162.48,1,0,0,0,6,-0.0,Toys,14,0,4.35,100,17983.96
760,159.83,179.96,2,0,2,0,1,1.366,Electronics,79,0,4.84,161,25733.19
761,38.82,28.29,3,0,14,0,1,1.366,Books,12,0,2.69,214,8307.1
762,69.23,65.4,6,1,16,0,10,-1.7321,Clothing,35,0,1.17,70,4845.9
763,57.21,64.25,4,0,6,0,12,-0.0,Books,25,1,1.72,200,11442.59
764,151.35,126.55,2,0,13,0,5,-0.366,Food,78,1,4.43,92,13924.18
765,16.37,19.27,1,0,23,0,7,0.366,Toys,2,0,1.49,211,3454.32
766,118.28,127.56,2,0,2,0,4,0.0,Books,18,1,4.05,188,22236.46
767,154.87,163.0,1,0,17,1,10,-1.7321,Clothing,35,1,3.48,157,24314.14
768,176.59,161.07,3,0,21,1,5,-0.366,Electronics,9,0,3.91,166,29313.19
769,75.0,74.21,0,0,4,0,10,-1.7321,Electronics,11,0,2.03,119,8924.47
770,166.04,175.74,0,0,19,1,3,1.0,Food,90,0,1.07,94,15607.66
771,31.02,30.51,5,1,21,1,2,1.7321,Food,67,0,1.16,241,7475.83
772,170.83,191.15,5,1,14,0,2,1.7321,Toys,69,0,3.9,154,26307.19
773,34.22,32.86,3,0,5,0,5,-0.366,Books,96,0,3.45,154,5270.32
774,85.48,70.21,2,0,2,0,4,0.0,Toys,74,0,4.36,128,10942.03
775,161.49,133.77,1,0,17,1,2,1.7321,Electronics,38,1,2.6,256,41340.45
776,38.48,27.07,0,0,23,0,5,-0.366,Electronics,70,0,3.22,166,6388.4
777,53.56,47.16,1,0,19,1,10,-1.7321,Books,75,0,4.13,156,8355.01
778,147.23,169.22,3,0,21,1,9,-1.0,Toys,81,0,2.99,137,20170.23
779,146.81,172.72,2,0,2,0,8,0.0,Food,59,0,4.97,92,13506.24
780,131.82,108.29,6,1,7,0,9,-1.0,Books,66,0,3.97,57,7513.63
781,141.85,180.92,1,0,18,1,9,-1.0,Food,41,0,3.73,98,13901.32
782,113.12,113.28,2,0,17,1,8,0.0,Books,24,0,4.21,153,17307.0
783,57.84,72.31,6,1,14,0,9,-1.0,Food,50,0,4.11,148,8560.59
784,75.68,85.07,0,0,22,0,4,0.0,Clothing,5,0,1.88,122,9233.23
785,44.5,50.44,1,0,13,0,8,0.0,Electronics,21,0,1.84,177,7877.13
786,182.61,137.14,4,0,15,0,2,1.7321,Books,6,0,3.42,92,16799.72
787,120.84,100.54,0,0,2,0,9,-1.0,Clothing,4,0,2.74,54,6525.6
788,86.16,60.77,2,0,14,0,9,-1.0,Books,9,0,4.49,102,8788.5
789,97.78,110.46,3,0,18,1,11,-1.366,Electronics,69,0,2.16,159,15547.2
790,189.98,172.25,4,0,7,0,3,1.0,Electronics,68,0,2.32,120,22798.06
791,39.14,45.87,5,1,1,0,6,-0.0,Food,9,0,1.67,143,5596.56
792,121.38,109.65,1,0,16,0,12,-0.0,Electronics,18,0,4.93,157,19057.24
793,106.12,126.45,5,1,11,1,7,0.366,Electronics,59,1,1.46,223,23664.5
794,126.18,98.22,0,0,18,1,3,1.0,Electronics,43,0,4.93,206,25992.32
795,13.44,10.81,1,0,10,1,5,-0.366,Toys,80,1,3.83,260,3494.64
796,175.7,158.93,1,0,17,1,1,1.366,Toys,66,0,1.36,147,25828.42
797,187.1,176.83,4,0,12,1,11,-1.366,Electronics,29,0,1.61,107,20019.96
798,117.38,106.72,4,0,13,0,3,1.0,Toys,48,1,2.31,199,23357.69
799,142.36,164.88,4,0,11,1,12,-0.0,Books,51,1,2.04,203,28899.82
800,185.27,140.47,4,0,14,0,8,0.0,Clothing,42,0,4.89,79,14636.72
801,144.38,131.49,3,0,22,0,3,1.0,Clothing,36,0,3.45,111,16025.66
802,38.98,46.87,2,0,20,1,8,0.0,Toys,76,0,1.3,199,7757.5
803,119.49,88.44,4,0,7,0,9,-1.0,Clothing,45,0,3.1,75,8962.11
804,125.28,158.52,0,0,1,0,6,-0.0,Toys,98,1,4.59,191,23927.69
805,90.58,117.02,1,0,7,0,7,0.366,Food,35,0,2.66,141,12772.46
806,149.92,112.91,5,1,22,0,6,-0.0,Electronics,6,0,3.66,125,18740.55
807,187.53,164.04,4,0,4,0,8,0.0,Clothing,37,0,4.09,69,12939.55
808,185.86,171.63,0,0,1,0,7,0.366,Electronics,36,0,1.74,101,18771.66
809,95.66,111.52,3,0,9,1,10,-1.7321,Clothing,84,0,4.42,126,12053.09
810,31.52,33.33,0,0,22,0,1,1.366,Books,16,0,2.8,221,6964.87
811,197.12,214.19,5,1,9,1,3,1.0,Books,72,0,1.23,104,20500.46
812,169.39,195.56,5,1,3,0,3,1.0,Toys,22,1,4.52,189,32014.83
813,33.69,25.96,0,0,3,0,3,1.0,Electronics,69,0,3.26,213,7175.1
814,184.96,221.94,3,0,7,0,4,0.0,Toys,69,1,1.79,132,24414.71
815,175.28,196.9,5,1,5,0,1,1.366,Food,63,0,2.27,83,14548.27
816,108.58,113.62,3,0,14,0,11,-1.366,Toys,75,1,3.28,152,16504.04
817,122.34,150.95,1,0,17,1,2,1.7321,Toys,19,0,2.5,216,26425.94
818,85.81,96.12,4,0,20,1,12,-0.0,Toys,81,1,1.93,229,19650.61
819,20.4,16.75,5,1,21,1,5,-0.366,Clothing,18,0,2.92,205,4182.97
820,73.69,70.58,0,0,7,0,11,-1.366,Clothing,73,0,1.74,113,8326.68
821,162.54,161.96,2,0,19,1,6,-0.0,Food,17,0,1.98,69,11215.41
822,10.88,7.98,2,0,6,0,9,-1.0,Electronics,41,1,4.31,231,2513.3
823,73.36,93.38,6,1,22,0,2,1.7321,Books,33,0,1.91,220,16140.27
824,85.65,66.56,1,0,19,1,12,-0.0,Electronics,84,0,3.78,159,13618.68
825,112.11,125.39,2,0,16,0,9,-1.0,Books,55,0,2.0,87,9753.15
826,184.77,185.46,1,0,18,1,7,0.366,Clothing,82,0,1.85,114,21064.07
827,75.81,54.23,4,0,1,0,9,-1.0,Toys,24,1,2.0,142,10764.41
828,75.92,95.27,6,1,11,1,4,0.0,Food,77,0,2.87,155,11767.77
829,150.13,181.82,1,0,18,1,7,0.366,Food,40,0,1.59,102,15312.77
830,95.92,97.32,3,0,4,0,1,1.366,Food,28,0,1.43,130,12469.78
831,52.67,44.11,3,0,11,1,8,0.0,Electronics,67,0,4.03,226,11904.53
832,95.96,74.18,6,1,16,0,7,0.366,Clothing,100,1,1.09,141,13530.85
833,36.76,33.75,3,0,4,0,7,0.366,Clothing,75,0,2.54,164,6029.1
834,43.51,37.13,5,1,1,0,2,1.7321,Toys,39,0,2.58,210,9137.84
835,104.69,105.11,3,0,3,0,10,-1.7321,Electronics,21,0,4.57,145,15180.03
836,89.6,114.67,3,0,5,0,9,-1.0,Toys,37,0,4.1,131,11737.05
837,183.82,192.09,3,0,8,0,11,-1.366,Books,2,1,3.04,64,11764.53
838,78.85,97.3,3,0,21,1,8,0.0,Clothing,6,0,2.92,206,16244.1
839,120.31,131.2,5,1,9,1,1,1.366,Food,52,0,3.26,149,17926.46
840,130.13,128.2,3,0,10,1,11,-1.366,Toys,5,0,2.43,100,13013.02
841,12.49,15.14,3,0,1,0,1,1.366,Books,47,0,3.8,211,2634.96
842,136.07,133.73,4,0,23,0,5,-0.366,Food,43,0,3.74,63,8572.54
843,43.83,53.52,5,1,20,1,2,1.7321,Food,96,0,3.3,249,10912.88
844,192.6,168.52,3,0,8,0,1,1.366,Toys,40,0,1.23,108,20801.16
845,38.25,29.73,1,0,19,1,10,-1.7321,Toys,11,0,1.51,149,5698.64
846,88.78,107.71,6,1,16,0,12,-0.0,Toys,81,0,1.16,133,11807.55
847,26.22,27.59,4,0,8,0,11,-1.366,Clothing,14,0,3.87,135,3539.22
848,199.41,245.96,5,1,7,0,8,0.0,Electronics,2,0,2.91,132,26321.61
849,105.42,133.11,2,0,4,0,12,-0.0,Toys,39,1,4.82,228,24035.09
850,123.12,90.15,0,0,4,0,4,0.0,Clothing,63,0,4.81,98,12066.07
851,22.74,22.76,5,1,5,0,2,1.7321,Electronics,63,0,4.19,266,6050.05
852,152.49,141.05,6,1,15,0,5,-0.366,Books,18,0,2.77,42,6404.68
853,49.88,53.65,4,0,0,0,12,-0.0,Electronics,97,0,2.27,167,8330.3
854,180.63,212.45,3,0,8,0,11,-1.366,Clothing,94,0,1.8,43,7767.1
855,48.98,42.53,4,0,20,1,12,-0.0,Clothing,79,0,1.93,200,9795.31
856,46.23,47.81,0,0,6,0,6,-0.0,Electronics,93,0,4.96,185,8552.67
857,16.94,19.07,0,0,10,1,8,0.0,Electronics,90,0,3.12,225,3812.5
858,99.69,77.83,5,1,14,0,7,0.366,Clothing,1,0,1.05,127,12660.98
859,117.32,139.43,3,0,23,0,7,0.366,Clothing,17,0,1.18,146,17128.69
860,22.48,23.92,3,0,4,0,1,1.366,Books,54,0,2.84,248,5576.19
861,157.35,199.79,1,0,18,1,3,1.0,Clothing,39,0,2.77,193,30368.6
862,96.12,86.87,0,0,5,0,3,1.0,Clothing,48,0,2.62,166,15956.73
863,109.63,83.86,3,0,22,0,7,0.366,Food,66,0,4.29,85,9318.9
864,93.74,94.11,0,0,13,0,12,-0.0,Food,15,0,3.81,137,12843.05
865,86.14,64.74,1,0,19,1,2,1.7321,Food,22,0,1.43,167,14386.21
866,116.33,149.1,2,0,13,0,10,-1.7321,Toys,20,0,2.45,70,8143.22
867,39.5,28.56,0,0,10,1,7,0.366,Toys,93,0,3.39,229,9044.5
868,44.57,51.34,1,0,3,0,9,-1.0,Clothing,89,0,2.53,136,6061.02
869,173.74,176.36,1,0,9,1,1,1.366,Food,43,0,1.83,104,18068.88
870,189.76,174.8,6,1,1,0,12,-0.0,Books,56,1,3.51,77,14611.67
871,80.93,59.85,1,0,3,0,2,1.7321,Books,24,1,3.41,225,18208.97
872,61.44,65.95,4,0,19,1,11,-1.366,Books,98,1,4.9,202,12411.18
873,132.36,139.13,5,1,9,1,6,-0.0,Clothing,43,0,3.24,168,22236.47
874,87.66,76.13,3,0,0,0,2,1.7321,Food,21,0,4.5,148,12973.6
875,14.82,18.47,0,0,13,0,12,-0.0,Clothing,48,0,4.8,218,3231.5
876,39.67,35.01,5,1,17,1,2,1.7321,Clothing,66,0,2.74,252,9996.59
877,146.03,141.63,4,0,11,1,5,-0.366,Books,16,0,1.21,72,10514.5
878,135.2,138.75,0,0,18,1,7,0.366,Food,40,0,1.57,117,15817.88
879,15.15,11.51,5,1,22,0,4,0.0,Toys,21,0,3.02,200,3029.65
880,52.17,65.7,4,0,11,1,6,-0.0,Electronics,52,0,4.57,233,12156.71
881,53.9,49.85,3,0,4,0,12,-0.0,Clothing,8,0,3.62,188,10133.99
882,137.66,103.03,1,0,3,0,3,1.0,Food,78,0,1.81,58,7984.26
883,13.75,12.82,5,1,12,1,4,0.0,Electronics,55,0,3.8,260,3573.7
884,29.78,31.57,5,1,17,1,4,0.0,Electronics,86,0,4.58,260,7742.96
885,161.98,163.31,0,0,11,1,4,0.0,Toys,82,0,1.12,92,14902.53
886,43.92,49.05,1,0,15,0,12,-0.0,Toys,58,0,1.97,199,8740.77
887,134.02,98.28,6,1,22,0,1,1.366,Clothing,5,1,1.61,169,22649.68
888,55.25,48.11,3,0,5,0,4,0.0,Clothing,42,0,4.14,175,9669.58
889,28.89,34.43,0,0,6,0,4,0.0,Food,30,0,4.57,171,4940.85
890,56.2,42.04,2,0,23,0,6,-0.0,Toys,95,0,3.22,186,10453.71
891,147.23,178.63,2,0,8,0,9,-1.0,Toys,9,1,4.39,156,22967.99
892,172.58,130.32,2,0,9,1,10,-1.7321,Food,95,0,3.63,0,0.0
893,167.74,201.4,3,0,4,0,6,-0.0,Toys,95,1,3.63,168,28180.62
894,85.46,78.33,2,0,20,1,6,-0.0,Books,41,0,3.32,167,14272.63
895,136.94,146.16,5,1,3,0,7,0.366,Electronics,51,0,1.2,140,19171.06
896,48.95,38.75,6,1,10,1,7,0.366,Books,57,1,4.75,258,12628.33
897,65.7,48.6,0,0,18,1,1,1.366,Electronics,73,0,2.42,253,16621.61
898,180.3,149.57,6,1,6,0,8,0.0,Food,61,0,4.21,44,7933.37
899,12.47,9.69,6,1,12,1,1,1.366,Food,6,0,4.24,288,3591.47
900,26.25,23.29,6,1,12,1,9,-1.0,Electronics,26,1,4.86,274,7191.57
901,49.5,49.93,5,1,20,1,4,0.0,Electronics,74,0,2.31,191,9454.19
902,15.04,15.84,2,0,22,0,9,-1.0,Electronics,6,1,4.99,219,3294.01
903,44.47,52.21,6,1,17,1,8,0.0,Electronics,53,0,2.2,214,9517.16
904,120.78,132.1,6,1,8,0,9,-1.0,Clothing,61,1,2.81,122,14734.9
905,90.07,95.95,0,0,12,1,6,-0.0,Toys,33,0,3.83,149,13420.53
906,179.61,170.1,5,1,12,1,9,-1.0,Toys,45,0,1.62,84,15087.04
907,165.31,162.72,3,0,4,0,4,0.0,Food,94,0,2.07,55,9092.29
908,74.95,71.1,1,0,11,1,3,1.0,Clothing,40,0,3.91,231,17312.36
909,59.29,71.46,5,1,0,0,3,1.0,Electronics,24,0,4.9,227,13458.93
910,82.14,68.83,4,0,17,1,8,0.0,Clothing,92,0,3.93,201,16510.45
911,122.16,85.93,2,0,20,1,2,1.7321,Electronics,45,0,4.45,235,28706.67
912,60.93,66.46,4,0,20,1,12,-0.0,Toys,38,0,1.15,173,10541.25
913,128.59,105.63,1,0,21,1,6,-0.0,Electronics,29,0,3.31,155,19931.19
914,87.79,108.34,3,0,23,0,9,-1.0,Toys,79,0,4.66,125,10973.53
915,114.89,139.64,5,1,16,0,9,-1.0,Electronics,8,0,3.73,131,15050.45
916,92.86,69.28,3,0,9,1,8,0.0,Food,64,0,3.71,157,14579.65
917,65.95,50.37,1,0,8,0,8,0.0,Toys,87,0,1.81,144,9496.58
918,190.21,189.66,4,0,19,1,1,1.366,Food,73,0,4.44,134,25487.62
919,155.09,165.25,5,1,7,0,11,-1.366,Clothing,51,0,4.46,64,9925.45
920,36.62,31.68,2,0,14,0,7,0.366,Electronics,75,0,3.46,184,6738.36
921,175.01,197.77,0,0,12,1,1,1.366,Clothing,6,0,2.71,182,31851.62
922,102.61,108.46,6,1,20,1,9,-1.0,Electronics,47,0,4.3,169,17341.42
923,179.96,161.05,3,0,16,0,3,1.0,Toys,49,0,2.86,109,19616.18
924,161.97,115.85,1,0,8,0,1,1.366,Electronics,76,0,4.29,162,26239.54
925,90.79,104.42,5,1,23,0,8,0.0,Books,98,0,2.94,165,14980.44
926,14.27,11.83,4,0,20,1,7,0.366,Books,85,0,3.32,234,3338.99
927,61.05,73.3,2,0,10,1,2,1.7321,Books,32,0,3.99,277,16910.49
928,112.91,107.51,4,0,3,0,7,0.366,Food,54,0,2.06,88,9936.12
929,130.36,136.39,2,0,23,0,5,-0.366,Books,36,0,1.99,96,12514.64
930,59.0,72.2,5,1,6,0,7,0.366,Electronics,89,0,3.67,190,11209.75
931,36.48,44.44,0,0,19,1,10,-1.7321,Clothing,99,0,4.82,193,7040.19
932,168.64,155.64,0,0,22,0,12,-0.0,Food,98,1,2.78,118,19899.14
933,197.04,162.62,6,1,21,1,7,0.366,Toys,19,0,4.59,105,20688.82
934,109.88,128.02,1,0,2,0,2,1.7321,Food,37,0,3.07,171,18789.67
935,42.62,40.91,1,0,9,1,2,1.7321,Clothing,17,0,4.9,299,12743.1
936,61.74,50.33,2,0,2,0,7,0.366,Books,80,0,4.17,161,9939.88
937,13.49,16.77,2,0,0,0,3,1.0,Clothing,16,0,4.44,260,3508.5
938,183.72,150.44,2,0,13,0,4,0.0,Food,58,0,3.72,0,0.0
939,32.37,23.16,2,0,12,1,7,0.366,Food,44,0,4.47,243,7866.57
940,119.54,85.13,6,1,4,0,2,1.7321,Food,68,0,3.37,129,15420.42
941,62.07,66.63,5,1,7,0,2,1.7321,Clothing,49,0,3.27,226,14027.93
942,115.29,126.48,5,1,11,1,9,-1.0,Electronics,94,1,4.49,223,25710.52
943,133.77,118.6,0,0,5,0,11,-1.366,Electronics,51,1,1.06,133,17791.39
944,167.65,149.55,1,0,23,0,1,1.366,Books,98,0,2.92,113,18944.56
945,49.22,44.48,6,1,22,0,12,-0.0,Toys,5,0,4.48,156,7678.33
946,12.09,13.4,1,0,1,0,12,-0.0,Clothing,97,0,1.78,173,2091.43
947,36.01,26.46,3,0,23,0,3,1.0,Electronics,58,0,4.83,227,8173.88
948,181.0,227.61,1,0,3,0,10,-1.7321,Books,46,0,3.96,32,5792.11
949,176.04,146.73,1,0,4,0,4,0.0,Toys,55,0,4.05,91,16019.56
950,123.51,160.54,4,0,10,1,5,-0.366,Books,73,1,3.66,177,21861.0
951,124.1,99.64,4,0,12,1,3,1.0,Books,17,0,2.79,153,18987.03
952,136.36,158.57,6,1,7,0,9,-1.0,Toys,12,0,2.84,97,13226.63
953,43.32,36.13,3,0,20,1,5,-0.366,Food,24,0,4.36,201,8707.43
954,183.74,137.53,2,0,4,0,7,0.366,Electronics,56,0,1.56,69,12677.94
955,89.57,109.72,3,0,5,0,11,-1.366,Electronics,55,0,3.09,158,14151.49
956,82.8,100.62,3,0,14,0,7,0.366,Toys,76,0,2.24,146,12088.26
957,108.59,102.31,0,0,22,0,11,-1.366,Electronics,79,0,4.94,126,13682.89
958,18.92,21.22,5,1,15,0,9,-1.0,Clothing,16,1,1.01,181,3425.16
959,41.59,43.02,1,0,10,1,2,1.7321,Clothing,87,0,1.25,259,10772.8
960,150.23,182.04,0,0,6,0,3,1.0,Clothing,82,0,4.87,178,26740.3
961,25.73,22.88,6,1,5,0,4,0.0,Toys,22,1,3.18,240,6175.62
962,124.6,126.37,5,1,11,1,8,0.0,Books,44,0,1.55,135,16820.85
963,56.62,56.12,6,1,3,0,1,1.366,Books,95,0,2.79,186,10530.64
964,83.97,76.61,1,0,13,0,9,-1.0,Food,43,0,2.29,69,5793.67
965,64.85,80.08,6,1,10,1,5,-0.366,Food,79,0,4.64,156,10116.88
966,77.58,62.03,3,0,11,1,4,0.0,Clothing,21,0,3.75,172,13343.38
967,146.62,115.79,1,0,1,0,8,0.0,Clothing,8,0,1.52,53,7770.79
968,66.45,69.52,2,0,10,1,9,-1.0,Toys,49,0,3.15,176,11695.75
969,117.62,128.73,2,0,12,1,3,1.0,Clothing,100,0,1.54,157,18465.85
970,100.45,82.04,3,0,10,1,4,0.0,Clothing,6,1,3.66,207,20793.06
971,136.1,127.17,6,1,8,0,1,1.366,Clothing,81,1,3.91,213,28988.77
972,188.0,238.37,4,0,20,1,12,-0.0,Electronics,47,0,3.25,162,30455.62
973,149.19,126.51,2,0,15,0,3,1.0,Books,36,0,4.86,101,15068.06
974,50.84,55.97,3,0,4,0,10,-1.7321,Electronics,92,0,4.78,170,8642.57
975,15.92,18.22,0,0,11,1,5,-0.366,Clothing,23,0,1.82,236,3758.25
976,59.83,57.97,4,0,2,0,8,0.0,Clothing,31,0,1.0,134,8017.24
977,123.06,155.37,2,0,15,0,1,1.366,Electronics,75,0,3.65,217,26705.06
978,19.77,22.58,3,0,18,1,1,1.366,Electronics,62,0,2.9,281,5555.62
979,104.31,101.68,3,0,16,0,3,1.0,Toys,84,0,2.34,165,17211.08
980,123.4,128.53,0,0,10,1,9,-1.0,Toys,96,0,4.67,143,17646.22
981,73.51,82.0,0,0,20,1,9,-1.0,Clothing,81,0,4.91,184,13525.17
982,156.47,165.13,4,0,18,1,1,1.366,Electronics,57,0,4.72,231,36145.34
983,30.25,37.13,5,1,17,1,4,0.0,Toys,70,0,3.0,231,6988.6
984,24.28,22.19,2,0,8,0,12,-0.0,Food,65,0,3.81,186,4515.37
985,148.36,130.54,3,0,12,1,8,0.0,Electronics,37,1,1.69,201,29819.53
986,104.14,86.26,4,0,5,0,2,1.7321,Books,68,0,4.8,170,17704.37
987,140.8,101.75,6,1,2,0,4,0.0,Food,95,0,2.13,27,3801.5
988,92.62,67.22,4,0,22,0,7,0.366,Food,75,0,1.77,110,10187.89
989,56.82,69.43,6,1,11,1,7,0.366,Electronics,17,0,1.24,212,12045.07
990,165.63,183.36,0,0,8,0,5,-0.366,Clothing,7,0,3.2,74,12256.58
991,161.89,177.48,3,0,8,0,7,0.366,Books,52,1,4.79,193,31244.58
992,141.99,151.76,1,0,14,0,6,-0.0,Toys,35,0,1.54,132,18742.99
993,61.71,74.64,5,1,0,0,2,1.7321,Toys,2,0,1.48,195,12032.98
994,122.14,120.7,5,1,17,1,9,-1.0,Clothing,40,0,2.09,109,13313.68
995,78.59,96.05,0,0,14,0,5,-0.366,Books,37,0,3.66,163,12809.36
996,27.4,25.09,6,1,7,0,2,1.7321,Books,57,1,3.19,268,7343.36
997,184.29,231.47,3,0,10,1,6,-0.0,Food,10,0,1.38,60,11057.37
998,36.0,40.29,4,0,16,0,10,-1.7321,Food,76,1,2.77,166,5975.26
999,190.55,162.78,5,1,13,0,5,-0.366,Books,81,0,1.27,15,2858.18
1000,94.74,98.38,4,0,18,1,2,1.7321,Electronics,46,0,4.41,247,23401.05
1001,45.18,46.07,2,0,22,0,10,-1.7321,Electronics,90,0,1.43,124,5601.73
1002,112.96,88.42,1,0,23,0,10,-1.7321,Electronics,5,0,2.89,107,12086.85
1003,175.86,185.49,0,0,4,0,7,0.366,Books,5,0,3.04,67,11782.6
1004,149.12,132.55,6,1,1,0,10,-1.7321,Toys,27,0,3.12,38,5666.66
1005,163.25,119.4,5,1,14,0,2,1.7321,Electronics,5,0,3.44,170,27751.93
1006,135.17,171.56,2,0,18,1,7,0.366,Toys,61,0,3.81,182,24600.73
1007,141.53,153.55,2,0,15,0,6,-0.0,Electronics,8,0,1.02,87,12313.33
1008,171.35,210.1,1,0,12,1,12,-0.0,Books,31,0,1.12,101,17306.06
1009,57.44,63.5,0,0,6,0,12,-0.0,Electronics,97,1,3.45,225,12923.31
1010,102.99,94.15,0,0,16,0,4,0.0,Toys,21,0,1.73,102,10505.06
1011,52.03,52.43,4,0,18,1,4,0.0,Clothing,99,1,4.33,280,14568.34
1012,197.66,218.5,0,0,6,0,12,-0.0,Toys,21,0,3.51,86,16998.5
1013,189.37,241.67,2,0,11,1,6,-0.0,Clothing,51,0,4.92,165,31246.26
1014,17.49,14.91,4,0,12,1,9,-1.0,Toys,79,0,3.91,175,3060.94
1015,144.06,176.47,0,0,12,1,10,-1.7321,Electronics,100,0,1.36,83,11956.92
1016,185.8,233.07,6,1,13,0,6,-0.0,Electronics,59,0,1.68,133,24711.02
1017,44.31,48.84,6,1,14,0,6,-0.0,Toys,2,0,1.19,142,6291.92
1018,117.91,148.42,1,0,1,0,11,-1.366,Electronics,30,0,3.96,109,12852.15
1019,183.94,172.67,2,0,5,0,1,1.366,Electronics,58,0,1.51,116,21337.36
1020,16.45,20.92,3,0,8,0,5,-0.366,Books,92,0,3.66,212,3487.34
1021,142.51,159.85,1,0,14,0,1,1.366,Food,81,0,3.22,125,17813.73
1022,66.5,48.22,1,0,19,1,11,-1.366,Food,20,0,3.53,104,6915.62
1023,185.64,230.95,0,0,15,0,9,-1.0,Toys,40,1,3.03,119,22090.6
1024,194.5,192.69,4,0,1,0,10,-1.7321,Food,29,0,1.05,0,0.0
1025,189.41,184.9,4,0,2,0,4,0.0,Clothing,5,1,2.01,85,16099.9
1026,100.1,104.09,6,1,22,0,2,1.7321,Toys,89,1,4.54,250,25025.18
1027,173.79,137.23,2,0,19,1,9,-1.0,Toys,10,0,4.72,85,14771.99
1028,170.46,167.31,0,0,22,0,6,-0.0,Clothing,83,0,1.39,82,13978.08
1029,70.63,84.66,4,0,20,1,11,-1.366,Food,61,1,4.81,204,14408.33
1030,167.49,118.8,6,1,7,0,10,-1.7321,Clothing,1,0,3.68,5,837.47
1031,17.03,14.71,5,1,7,0,3,1.0,Electronics,47,0,4.69,240,4087.55
1032,123.29,86.49,3,0,20,1,12,-0.0,Toys,98,1,2.6,195,24041.8
1033,53.7,50.99,5,1,6,0,2,1.7321,Books,57,0,1.41,180,9666.3
1034,32.91,37.42,0,0,10,1,6,-0.0,Clothing,14,0,2.21,219,7206.79
1035,24.62,29.03,0,0,21,1,10,-1.7321,Toys,25,0,3.76,183,4505.66
1036,142.29,180.3,4,0,12,1,6,-0.0,Toys,90,0,4.18,171,24332.42
1037,74.58,79.43,1,0,7,0,12,-0.0,Clothing,21,0,1.2,127,9471.18
1038,147.71,125.96,0,0,8,0,12,-0.0,Books,16,0,2.95,70,10339.4
1039,22.42,28.12,1,0,15,0,9,-1.0,Toys,74,0,1.26,95,2129.68
1040,69.91,81.45,2,0,4,0,5,-0.366,Electronics,32,0,4.45,173,12093.59
1041,112.5,117.53,6,1,22,0,11,-1.366,Electronics,45,1,2.91,170,19125.57
1042,160.24,179.05,2,0,13,0,12,-0.0,Electronics,64,0,4.66,144,23074.19
1043,70.56,88.53,4,0,0,0,9,-1.0,Books,84,0,1.31,120,8467.56
1044,128.92,145.35,2,0,23,0,5,-0.366,Food,73,0,2.32,47,6059.21
1045,178.34,164.25,5,1,18,1,2,1.7321,Electronics,60,1,3.71,232,41373.9
1046,127.01,143.25,5,1,16,0,1,1.366,Clothing,98,0,2.17,127,16130.78
1047,54.26,39.29,5,1,21,1,9,-1.0,Food,95,0,4.37,167,9061.8
1048,14.64,13.64,4,0,13,0,10,-1.7321,Clothing,19,0,4.95,163,2385.69
1049,175.32,165.46,4,0,12,1,7,0.366,Books,47,0,2.12,78,13674.87
1050,14.04,11.23,5,1,7,0,3,1.0,Electronics,95,0,2.44,218,3060.98
1051,176.19,125.78,1,0,2,0,12,-0.0,Toys,64,0,4.87,76,13390.69
1052,110.5,86.19,5,1,0,0,6,-0.0,Electronics,30,0,2.43,124,13701.76
1053,188.42,205.9,1,0,18,1,10,-1.7321,Books,47,0,3.22,40,7536.91
1054,161.77,191.11,2,0,14,0,4,0.0,Electronics,88,0,4.08,150,24265.32
1055,199.61,258.08,1,0,20,1,9,-1.0,Electronics,33,0,2.75,108,21557.61
1056,76.64,69.57,0,0,7,0,2,1.7321,Electronics,82,0,2.49,176,13487.8
1057,155.77,165.05,3,0,8,0,11,-1.366,Books,21,0,2.98,36,5607.57
1058,86.37,109.02,0,0,12,1,12,-0.0,Electronics,95,0,4.12,231,19950.75
1059,101.18,80.96,0,0,11,1,12,-0.0,Toys,63,0,2.25,161,16289.4
1060,129.23,146.1,4,0,8,0,4,0.0,Toys,42,0,2.4,132,17057.84
1061,176.0,202.92,3,0,19,1,1,1.366,Food,61,0,1.76,121,21295.84
1062,196.98,148.4,4,0,23,0,7,0.366,Food,43,0,3.81,0,0.0
1063,155.97,189.78,1,0,10,1,4,0.0,Food,68,0,4.6,108,16844.97
1064,89.38,106.17,5,1,4,0,5,-0.366,Food,26,0,1.74,129,11529.46
1065,90.06,64.85,6,1,18,1,12,-0.0,Toys,33,1,1.14,194,17471.22
1066,150.14,113.3,6,1,20,1,1,1.366,Food,33,0,2.53,135,20268.99
1067,55.37,40.39,6,1,17,1,2,1.7321,Clothing,49,0,2.64,205,11350.37
1068,30.99,27.92,1,0,10,1,12,-0.0,Books,84,1,3.58,252,7809.5
1069,77.38,77.81,3,0,10,1,4,0.0,Books,41,0,1.34,159,12303.14
1070,64.58,65.83,2,0,5,0,2,1.7321,Toys,72,0,4.29,234,15110.65
1071,66.3,57.06,1,0,0,0,1,1.366,Books,36,0,3.3,165,10939.26
1072,54.39,67.82,0,0,21,1,10,-1.7321,Books,72,0,3.18,152,8266.59
1073,18.0,16.58,3,0,20,1,1,1.366,Electronics,95,0,2.27,263,4733.4
1074,13.4,9.74,3,0,8,0,6,-0.0,Food,22,0,2.46,192,2572.04
1075,197.67,173.97,1,0,6,0,2,1.7321,Food,47,0,1.22,30,5930.02
1076,91.28,92.98,1,0,5,0,3,1.0,Electronics,83,0,4.02,181,16521.12
1077,83.02,78.45,4,0,22,0,5,-0.366,Toys,20,0,3.42,138,11457.04
1078,139.13,120.25,4,0,9,1,3,1.0,Clothing,87,0,4.91,201,27965.73
1079,51.47,40.08,0,0,4,0,6,-0.0,Toys,24,1,2.41,193,9933.37
1080,190.49,226.97,3,0,0,0,7,0.366,Clothing,43,0,3.66,98,18668.28
1081,159.41,206.86,6,1,14,0,10,-1.7321,Clothing,88,1,4.68,109,17375.21
1082,26.99,24.23,2,0,4,0,6,-0.0,Electronics,100,0,3.85,214,5775.45
1083,89.34,82.99,2,0,19,1,2,1.7321,Toys,73,0,1.16,203,18136.09
1084,177.03,189.57,3,0,5,0,9,-1.0,Food,16,0,3.53,28,4956.91
1085,189.5,214.34,0,0,4,0,2,1.7321,Toys,27,1,3.18,203,38468.31
1086,98.81,92.41,6,1,16,0,6,-0.0,Toys,45,0,3.0,104,10275.85
1087,126.55,157.29,4,0,17,1,9,-1.0,Clothing,37,1,3.21,195,24676.89
1088,41.74,43.24,4,0,3,0,9,-1.0,Clothing,13,0,2.84,130,5425.74
1089,198.32,192.42,4,0,23,0,2,1.7321,Food,51,0,3.77,65,12890.93
1090,54.02,58.77,2,0,20,1,9,-1.0,Food,2,0,1.06,136,7346.4
1091,189.12,240.5,2,0,22,0,8,0.0,Clothing,76,0,1.75,119,22505.17
1092,133.43,157.01,0,0,1,0,7,0.366,Toys,97,0,2.46,137,18280.3
1093,125.47,90.84,2,0,7,0,11,-1.366,Clothing,87,0,2.81,64,8030.08
1094,107.41,96.6,1,0,4,0,8,0.0,Books,59,0,1.52,88,9452.15
1095,53.83,52.88,2,0,3,0,10,-1.7321,Books,14,0,4.28,116,6243.96
1096,43.54,38.69,4,0,21,1,8,0.0,Clothing,49,0,4.72,194,8446.82
1097,51.89,58.13,0,0,13,0,1,1.366,Food,30,0,4.0,209,10845.51
1098,45.42,54.32,3,0,3,0,9,-1.0,Clothing,98,0,4.72,139,6313.83
1099,158.12,180.07,3,0,7,0,6,-0.0,Toys,9,0,3.97,112,17709.56
1100,76.52,98.99,0,0,2,0,1,1.366,Books,79,0,2.76,178,13621.24
1101,20.99,18.13,1,0,13,0,1,1.366,Electronics,24,0,2.57,200,4198.02
1102,194.13,237.81,3,0,17,1,7,0.366,Food,41,0,1.67,66,12812.55
1103,177.92,206.38,4,0,22,0,10,-1.7321,Electronics,60,0,1.35,72,12810.19
1104,186.27,170.87,3,0,11,1,2,1.7321,Food,89,0,1.88,73,13597.92
1105,199.03,226.99,3,0,14,0,6,-0.0,Electronics,100,1,3.13,176,35029.72
1106,43.04,32.82,4,0,19,1,5,-0.366,Electronics,32,1,1.54,239,10286.58
1107,85.29,100.09,2,0,19,1,5,-0.366,Clothing,47,1,4.8,241,20553.92
1108,154.07,157.05,1,0,8,0,10,-1.7321,Food,21,0,1.87,0,0.0
1109,142.24,124.52,6,1,1,0,12,-0.0,Books,42,0,4.33,80,11379.51
1110,39.24,42.91,4,0,0,0,6,-0.0,Electronics,70,0,4.28,222,8711.33
1111,165.01,179.03,4,0,14,0,11,-1.366,Clothing,89,0,1.56,22,3630.18
1112,52.64,43.47,5,1,22,0,8,0.0,Toys,2,0,3.84,186,9791.73
1113,52.53,37.73,0,0,14,0,5,-0.366,Food,31,0,4.3,136,7143.45
1114,112.03,107.56,1,0,7,0,8,0.0,Food,56,0,4.54,85,9522.14
1115,122.66,127.77,2,0,2,0,5,-0.366,Books,30,1,4.82,152,18644.11
1116,120.22,147.38,5,1,1,0,10,-1.7321,Electronics,63,1,4.72,191,22961.33
1117,27.38,34.42,6,1,3,0,6,-0.0,Clothing,15,0,2.24,194,5312.2
1118,176.72,179.77,4,0,17,1,8,0.0,Electronics,18,0,2.07,127,22443.13
1119,60.46,69.67,6,1,11,1,2,1.7321,Clothing,32,0,2.59,239,14450.9
1120,34.61,33.35,6,1,17,1,7,0.366,Books,14,0,2.86,203,7025.39
1121,178.86,205.27,6,1,20,1,3,1.0,Electronics,62,0,1.94,179,32016.32
1122,191.57,157.64,5,1,9,1,9,-1.0,Toys,82,1,1.34,112,21456.26
1123,173.8,160.36,2,0,20,1,10,-1.7321,Books,99,0,3.63,51,8864.02
1124,163.81,177.0,5,1,7,0,7,0.366,Books,52,0,1.7,92,15070.34
1125,134.5,95.61,5,1,17,1,3,1.0,Food,22,1,4.66,225,30261.59
1126,114.66,129.97,5,1,16,0,8,0.0,Clothing,14,0,2.15,121,13874.21
1127,26.53,31.87,4,0,18,1,10,-1.7321,Electronics,78,0,1.79,179,4748.42
1128,87.61,82.3,4,0,5,0,2,1.7321,Clothing,34,0,1.78,205,17959.25
1129,80.81,78.29,0,0,13,0,10,-1.7321,Books,86,1,2.16,109,8808.38
1130,59.35,71.86,3,0,4,0,12,-0.0,Electronics,80,0,3.45,203,12048.7
1131,147.45,171.84,1,0,7,0,8,0.0,Toys,56,0,4.91,128,18873.58
1132,104.22,90.97,0,0,7,0,7,0.366,Clothing,53,1,2.95,188,19592.68
1133,25.4,22.72,2,0,17,1,12,-0.0,Clothing,49,0,3.4,212,5384.54
1134,51.83,57.4,5,1,8,0,5,-0.366,Toys,63,0,4.37,195,10107.79
1135,139.82,145.12,4,0,13,0,4,0.0,Books,16,1,2.34,141,19714.5
1136,24.46,19.51,5,1,13,0,11,-1.366,Clothing,80,0,1.72,124,3033.64
1137,171.73,152.14,4,0,19,1,10,-1.7321,Food,40,0,2.73,10,1717.29
1138,104.08,129.06,6,1,13,0,12,-0.0,Food,38,0,2.27,147,15299.44
1139,101.31,112.75,1,0,16,0,10,-1.7321,Electronics,18,0,4.46,120,12157.37
1140,122.56,158.29,0,0,1,0,1,1.366,Toys,23,0,4.91,175,21447.56
1141,166.69,193.39,0,0,13,0,4,0.0,Books,48,0,3.75,80,13335.15
1142,76.08,96.26,2,0,21,1,6,-0.0,Food,82,0,3.62,198,15064.58
1143,138.82,115.18,6,1,20,1,6,-0.0,Electronics,46,1,3.86,248,34428.12
1144,117.49,136.63,0,0,11,1,2,1.7321,Electronics,22,0,2.87,255,29959.71
1145,60.74,43.25,0,0,22,0,9,-1.0,Clothing,54,1,3.52,149,9049.57
1146,176.94,195.07,3,0,15,0,1,1.366,Books,40,1,1.29,131,23179.1
1147,161.51,158.53,1,0,21,1,4,0.0,Food,30,0,2.97,77,12436.34
1148,135.11,122.68,5,1,5,0,4,0.0,Toys,55,0,2.33,105,14186.11
1149,171.61,208.93,0,0,17,1,2,1.7321,Clothing,56,0,1.21,169,29002.18
1150,174.79,211.94,2,0,6,0,8,0.0,Food,42,0,3.18,67,11710.66
1151,144.59,103.15,5,1,1,0,11,-1.366,Electronics,42,0,2.44,52,7518.63
1152,169.03,180.14,4,0,12,1,2,1.7321,Toys,62,0,3.36,192,32454.25
1153,142.52,131.22,6,1,22,0,2,1.7321,Electronics,82,0,3.05,168,23943.29
1154,139.23,132.18,6,1,7,0,2,1.7321,Clothing,53,0,2.1,143,19909.42
1155,127.54,152.94,0,0,11,1,1,1.366,Toys,82,0,3.16,201,25634.77
1156,153.02,135.56,0,0,0,0,5,-0.366,Toys,53,0,2.52,83,12700.34
1157,40.13,50.8,5,1,8,0,11,-1.366,Clothing,64,0,4.68,162,6501.87
1158,177.37,143.27,4,0,7,0,4,0.0,Electronics,1,0,2.5,120,21283.85
1159,175.65,192.8,3,0,8,0,2,1.7321,Toys,79,0,1.16,123,21604.98
1160,15.56,17.16,1,0,4,0,1,1.366,Books,69,0,4.05,260,4044.82
1161,166.91,142.09,3,0,12,1,1,1.366,Books,27,0,4.85,157,26204.11
1162,34.49,30.86,2,0,13,0,2,1.7321,Electronics,17,0,1.68,236,8138.52
1163,73.67,88.47,5,1,3,0,1,1.366,Toys,63,0,4.89,251,18491.82
1164,151.27,175.03,0,0,16,0,9,-1.0,Electronics,41,0,3.47,139,21026.05
1165,40.54,36.39,3,0,8,0,2,1.7321,Books,58,0,4.39,226,9163.03
1166,165.41,168.78,1,0,19,1,3,1.0,Toys,57,0,2.89,183,30270.71
1167,168.11,123.9,2,0,14,0,9,-1.0,Toys,96,0,3.49,81,13616.54
1168,106.42,87.82,6,1,19,1,5,-0.366,Electronics,38,0,4.36,213,22667.22
1169,11.21,11.12,3,0,3,0,8,0.0,Toys,90,0,4.93,194,2175.38
1170,64.54,48.51,0,0,1,0,7,0.366,Electronics,66,0,1.74,153,9874.2
1171,127.22,153.42,1,0,12,1,6,-0.0,Food,92,0,4.59,161,20481.79
1172,196.43,222.12,0,0,3,0,2,1.7321,Food,45,0,3.67,100,19642.54
1173,130.04,164.66,0,0,17,1,4,0.0,Books,23,0,4.79,181,23538.07
1174,59.36,66.25,2,0,23,0,9,-1.0,Books,20,0,2.27,123,7301.61
1175,130.46,164.93,1,0,15,0,7,0.366,Clothing,36,0,1.97,148,19308.24
1176,112.6,116.28,4,0,22,0,3,1.0,Food,42,0,2.46,114,12836.08
1177,158.17,167.68,6,1,9,1,6,-0.0,Food,22,0,4.54,116,18347.79
1178,30.33,39.01,0,0,1,0,8,0.0,Clothing,60,0,2.84,183,5549.72
1179,154.6,167.78,1,0,13,0,8,0.0,Electronics,11,0,4.81,137,21179.56
1180,112.84,81.07,0,0,1,0,8,0.0,Food,28,0,1.97,74,8350.21
1181,192.97,218.88,3,0,17,1,8,0.0,Food,45,0,1.88,45,8683.58
1182,74.96,93.19,3,0,0,0,10,-1.7321,Books,22,1,3.71,174,13042.29
1183,130.2,153.29,1,0,12,1,6,-0.0,Clothing,81,0,2.17,136,17706.95
1184,187.09,196.5,6,1,5,0,11,-1.366,Clothing,63,0,1.52,0,0.0
1185,29.48,32.51,2,0,21,1,10,-1.7321,Books,31,0,2.5,158,4657.34
1186,188.07,243.39,4,0,16,0,11,-1.366,Food,11,0,2.06,17,3197.25
1187,140.7,106.14,3,0,16,0,3,1.0,Toys,36,0,2.65,115,16180.3
1188,22.89,25.19,2,0,21,1,9,-1.0,Clothing,78,0,1.75,182,4165.81
1189,67.18,58.45,4,0,10,1,3,1.0,Food,35,0,4.83,228,15317.74
1190,144.55,156.7,3,0,5,0,12,-0.0,Electronics,23,0,4.21,144,20815.59
1191,22.8,24.27,4,0,19,1,12,-0.0,Clothing,29,0,4.36,198,4513.73
1192,120.61,95.53,5,1,2,0,4,0.0,Books,23,1,2.19,132,15920.84
1193,75.72,62.4,0,0,13,0,10,-1.7321,Clothing,100,0,4.43,98,7420.34
1194,127.97,137.31,1,0,5,0,1,1.366,Books,16,1,3.36,191,24443.02
1195,18.69,14.52,3,0,16,0,2,1.7321,Electronics,84,0,1.23,222,4149.4
1196,175.59,150.85,3,0,2,0,6,-0.0,Food,89,1,1.61,54,9481.97
1197,194.96,234.18,0,0,16,0,12,-0.0,Books,19,1,2.78,104,20276.14
1198,194.09,173.95,3,0,18,1,1,1.366,Books,90,0,2.58,108,20961.37
1199,152.43,151.34,3,0,17,1,12,-0.0,Electronics,96,0,4.18,186,28352.7
1200,34.72,43.91,5,1,4,0,9,-1.0,Toys,63,0,4.49,187,6491.96
1201,154.07,128.85,3,0,14,0,8,0.0,Clothing,50,0,4.46,82,12633.74
1202,14.67,13.7,3,0,2,0,2,1.7321,Toys,85,1,2.5,304,4460.14
1203,14.2,15.11,3,0,22,0,2,1.7321,Clothing,73,0,3.54,254,3607.68
1204,71.49,82.44,2,0,7,0,8,0.0,Electronics,43,0,2.99,150,10722.89
1205,102.84,127.63,3,0,6,0,12,-0.0,Electronics,19,0,4.56,187,19231.49
1206,156.38,195.36,0,0,17,1,11,-1.366,Toys,85,0,4.56,139,21736.46
1207,139.83,163.04,5,1,9,1,8,0.0,Electronics,18,0,1.22,176,24609.4
1208,94.72,79.28,3,0,22,0,1,1.366,Food,6,0,3.29,139,13166.29
1209,61.99,44.32,4,0,9,1,5,-0.366,Toys,35,0,3.01,161,9980.24
1210,199.45,185.54,5,1,18,1,11,-1.366,Books,14,1,4.08,67,13363.39
1211,90.97,71.41,5,1,22,0,2,1.7321,Books,64,0,1.78,161,14646.89
1212,95.76,107.85,4,0,0,0,1,1.366,Electronics,9,0,3.78,224,21451.03
1213,41.09,45.06,0,0,1,0,3,1.0,Electronics,35,0,3.95,230,9450.36
1214,161.01,116.96,2,0,0,0,3,1.0,Clothing,2,0,1.11,92,14813.27
1215,141.8,170.44,6,1,8,0,10,-1.7321,Toys,6,0,2.73,95,13470.96
1216,51.95,44.12,6,1,14,0,9,-1.0,Toys,99,1,4.92,209,10856.76
1217,25.65,24.61,0,0,17,1,10,-1.7321,Food,25,0,2.2,153,3924.82
1218,139.29,153.33,2,0,17,1,1,1.366,Books,73,0,4.54,220,30644.87
1219,134.36,128.67,1,0,21,1,11,-1.366,Books,50,0,3.35,85,11420.36
1220,61.92,59.74,4,0,6,0,2,1.7321,Food,95,0,2.19,173,10712.04
1221,190.66,140.97,5,1,13,0,9,-1.0,Clothing,7,0,4.34,43,8198.56
1222,38.7,36.41,5,1,17,1,5,-0.366,Food,63,0,4.96,183,7082.28
1223,92.14,106.79,5,1,19,1,9,-1.0,Clothing,28,0,3.97,147,13545.11
1224,189.29,236.44,4,0,18,1,6,-0.0,Clothing,2,0,1.25,109,20632.29
1225,89.75,85.09,4,0,4,0,10,-1.7321,Clothing,65,0,1.21,46,4128.42
1226,131.32,125.3,6,1,8,0,10,-1.7321,Electronics,59,0,2.97,83,10899.55
1227,85.54,95.94,6,1,17,1,3,1.0,Electronics,24,0,1.02,244,20872.48
1228,62.1,78.6,6,1,12,1,8,0.0,Clothing,62,0,3.7,206,12792.78
1229,196.96,169.43,2,0,4,0,9,-1.0,Food,99,0,1.07,0,0.0
1230,87.77,84.62,5,1,23,0,2,1.7321,Food,71,0,4.89,163,14307.07
1231,179.88,211.82,0,0,21,1,9,-1.0,Food,38,0,4.52,76,13670.79
1232,53.69,57.23,2,0,19,1,4,0.0,Electronics,93,0,4.26,228,12241.63
1233,50.49,38.69,5,1,14,0,8,0.0,Clothing,62,0,4.25,184,9290.14
1234,15.92,17.14,4,0,23,0,5,-0.366,Books,65,1,4.34,245,3899.29
1235,133.82,108.67,4,0,18,1,6,-0.0,Food,51,0,2.74,86,11508.24
1236,80.02,80.51,4,0,19,1,4,0.0,Electronics,94,0,4.17,198,15843.96
1237,174.23,177.27,5,1,10,1,5,-0.366,Toys,52,0,2.47,100,17422.81
1238,99.91,122.46,6,1,8,0,12,-0.0,Clothing,96,1,4.39,204,20381.62
1239,193.96,189.59,4,0,20,1,1,1.366,Food,74,0,3.47,73,14158.84
1240,45.25,39.26,1,0,21,1,12,-0.0,Electronics,98,1,2.43,238,10769.46
1241,175.04,146.78,4,0,15,0,3,1.0,Toys,63,0,3.98,111,19429.26
1242,157.55,192.93,5,1,10,1,4,0.0,Clothing,11,0,1.97,129,20324.39
1243,156.48,125.59,6,1,1,0,1,1.366,Books,48,0,4.86,126,19715.87
1244,170.51,162.92,2,0,7,0,3,1.0,Clothing,54,0,3.66,106,18073.93
1245,154.59,125.58,4,0,22,0,4,0.0,Clothing,91,1,2.6,113,17469.19
1246,128.98,150.13,6,1,20,1,9,-1.0,Food,50,0,3.2,105,13543.1
1247,34.94,34.4,6,1,4,0,3,1.0,Clothing,74,0,3.95,215,7511.35
1248,16.18,14.73,3,0,10,1,11,-1.366,Toys,38,0,4.19,202,3268.35
1249,184.96,169.55,1,0,10,1,3,1.0,Toys,86,1,4.9,171,31628.35
1250,127.16,154.04,5,1,8,0,4,0.0,Clothing,88,0,1.84,104,13225.01
1251,161.34,166.55,4,0,10,1,9,-1.0,Clothing,8,0,3.02,95,15327.5
1252,101.49,114.76,3,0,4,0,9,-1.0,Toys,6,0,1.37,105,10656.37
1253,32.29,39.98,5,1,8,0,1,1.366,Toys,68,1,1.33,279,9008.51
1254,33.79,41.93,2,0,0,0,8,0.0,Food,69,0,1.42,141,4763.73
1255,140.26,125.83,1,0,9,1,10,-1.7321,Books,6,0,2.04,50,7012.87
1256,91.76,116.67,6,1,7,0,1,1.366,Toys,32,0,3.79,220,20186.79
1257,48.1,34.39,4,0,18,1,2,1.7321,Books,38,0,4.44,259,12457.82
1258,103.4,95.76,2,0,15,0,10,-1.7321,Books,57,0,2.74,63,6514.39
1259,22.2,27.47,5,1,12,1,11,-1.366,Toys,84,1,3.22,223,4950.53
1260,120.57,104.27,3,0,23,0,5,-0.366,Food,100,0,1.83,45,5425.86
1261,61.11,52.79,5,1,4,0,11,-1.366,Clothing,64,1,4.16,169,10327.38
1262,161.54,142.41,5,1,17,1,11,-1.366,Electronics,54,0,4.55,154,24876.58
1263,68.97,73.62,1,0,8,0,12,-0.0,Clothing,14,0,2.94,165,11379.85
1264,96.49,92.92,4,0,3,0,6,-0.0,Electronics,64,0,1.64,131,12640.43
1265,12.21,13.87,2,0,13,0,2,1.7321,Toys,50,0,1.02,222,2710.15
1266,23.76,29.4,1,0,6,0,10,-1.7321,Clothing,47,1,3.15,185,4396.51
1267,84.57,93.41,3,0,11,1,5,-0.366,Clothing,54,1,2.99,216,18267.94
1268,101.19,83.25,6,1,23,0,3,1.0,Electronics,19,1,4.7,239,24184.02
1269,124.0,156.2,4,0,6,0,7,0.366,Food,75,0,1.15,118,14632.46
1270,65.42,56.17,6,1,10,1,12,-0.0,Toys,39,0,1.6,195,12756.1
1271,142.05,112.21,1,0,21,1,12,-0.0,Toys,65,0,1.79,120,17045.59
1272,173.42,130.76,3,0,14,0,1,1.366,Toys,99,1,3.19,179,31042.76
1273,158.17,164.19,3,0,6,0,5,-0.366,Clothing,83,0,2.14,53,8383.1
1274,17.53,13.47,2,0,19,1,12,-0.0,Books,60,0,1.82,225,3943.7
1275,101.3,79.34,5,1,16,0,3,1.0,Electronics,33,0,3.06,151,15295.74
1276,29.94,26.34,3,0,4,0,11,-1.366,Clothing,32,0,1.16,88,2634.43
1277,55.99,48.65,3,0,7,0,2,1.7321,Food,36,0,4.9,215,12037.54
1278,197.47,209.82,5,1,9,1,12,-0.0,Food,24,0,4.44,72,14217.54
1279,37.07,44.12,0,0,5,0,12,-0.0,Clothing,43,1,2.09,228,8452.91
1280,104.79,121.22,3,0,20,1,3,1.0,Electronics,71,0,2.34,232,24310.99
1281,127.45,109.29,4,0,1,0,10,-1.7321,Toys,71,0,1.98,69,8794.02
1282,143.47,121.54,6,1,4,0,4,0.0,Toys,46,0,4.71,114,16355.39
1283,116.33,148.85,6,1,9,1,11,-1.366,Books,47,0,3.61,128,14890.66
1284,11.86,8.36,1,0,2,0,2,1.7321,Clothing,69,0,3.08,260,3082.68
1285,72.03,88.44,5,1,12,1,2,1.7321,Books,14,0,3.03,226,16278.25
1286,108.37,88.84,5,1,15,0,3,1.0,Food,45,0,1.66,101,10944.89
1287,26.69,33.86,5,1,14,0,2,1.7321,Toys,52,0,4.85,246,6566.88
1288,76.62,69.37,4,0,1,0,6,-0.0,Toys,90,0,4.66,148,11339.63
1289,16.31,15.72,5,1,2,0,2,1.7321,Books,50,0,4.81,264,4305.47
1290,24.93,28.03,4,0,19,1,1,1.366,Clothing,65,1,2.16,293,7304.46
1291,85.42,89.91,6,1,17,1,8,0.0,Books,77,1,2.91,215,18364.32
1292,35.22,31.37,2,0,19,1,10,-1.7321,Food,64,0,3.08,153,5388.05
1293,117.83,121.64,0,0,19,1,4,0.0,Clothing,23,1,2.96,212,24980.55
1294,141.0,160.52,5,1,14,0,2,1.7321,Food,84,0,1.08,126,17765.79
1295,162.11,117.6,6,1,21,1,4,0.0,Clothing,71,1,4.33,178,28855.84
1296,48.03,33.94,0,0,4,0,11,-1.366,Books,70,0,3.99,135,6483.85
1297,41.82,40.77,6,1,22,0,2,1.7321,Electronics,59,0,2.9,217,9075.31
1298,29.87,23.27,5,1,10,1,11,-1.366,Books,73,1,2.07,241,7198.16
1299,130.92,143.83,4,0,22,0,5,-0.366,Clothing,92,0,3.54,101,13223.1
1300,144.23,119.48,6,1,2,0,7,0.366,Food,74,0,1.55,34,4903.83
1301,16.0,15.36,1,0,8,0,6,-0.0,Books,54,0,4.99,195,3120.27
1302,187.88,153.8,0,0,6,0,2,1.7321,Clothing,99,1,1.5,102,19163.79
1303,19.87,20.45,0,0,22,0,11,-1.366,Food,71,0,1.23,129,2563.82
1304,112.85,86.85,4,0,1,0,4,0.0,Food,89,0,3.45,56,6319.39
1305,144.72,103.31,0,0,14,0,8,0.0,Food,94,0,2.85,17,2460.27
1306,175.48,128.22,2,0,11,1,12,-0.0,Clothing,26,1,3.88,175,30709.72
1307,145.68,185.38,4,0,15,0,7,0.366,Food,44,0,1.51,98,14276.3
1308,162.33,127.49,0,0,15,0,7,0.366,Food,76,0,2.45,14,2272.6
1309,74.5,83.81,0,0,15,0,12,-0.0,Books,13,0,3.0,131,9758.92
1310,164.82,122.09,0,0,18,1,12,-0.0,Food,54,0,2.79,71,11701.99
1311,25.22,19.29,4,0,2,0,4,0.0,Electronics,40,0,3.33,164,4136.38
1312,180.02,180.97,1,0,21,1,1,1.366,Clothing,4,0,1.41,133,23942.02
1313,114.04,111.64,3,0,19,1,7,0.366,Food,53,0,3.01,136,15509.79
1314,165.29,210.07,6,1,3,0,6,-0.0,Food,1,0,3.22,64,10578.34
1315,95.94,121.55,5,1,0,0,8,0.0,Toys,6,0,4.52,153,14678.89
1316,132.28,154.47,6,1,21,1,11,-1.366,Books,55,1,3.28,128,16931.81
1317,110.02,116.76,0,0,7,0,5,-0.366,Food,66,0,3.19,95,10451.57
1318,149.0,144.98,6,1,23,0,8,0.0,Books,91,0,4.25,82,12218.16
1319,25.51,23.31,3,0,14,0,10,-1.7321,Books,18,0,1.26,78,1989.76
1320,21.47,27.23,3,0,23,0,11,-1.366,Electronics,29,0,3.59,170,3649.37
1321,56.95,60.47,0,0,20,1,8,0.0,Clothing,53,0,4.25,225,12813.66
1322,40.31,42.23,0,0,21,1,9,-1.0,Electronics,33,1,1.38,231,9312.42
1323,175.64,147.39,5,1,4,0,1,1.366,Clothing,3,0,4.25,140,24589.44
1324,51.65,37.6,3,0,19,1,3,1.0,Toys,20,0,4.15,256,13222.57
1325,195.41,247.61,1,0,11,1,12,-0.0,Electronics,4,0,1.0,164,32047.96
1326,74.01,65.74,3,0,19,1,12,-0.0,Books,82,0,1.98,155,11471.58
1327,44.6,43.07,1,0,19,1,11,-1.366,Food,8,1,1.61,208,9277.3
1328,160.04,123.04,6,1,3,0,6,-0.0,Toys,86,0,3.05,76,12163.25
1329,135.15,162.48,2,0,21,1,4,0.0,Clothing,86,0,4.66,158,21354.41
1330,104.66,75.0,1,0,14,0,8,0.0,Electronics,83,1,3.41,192,20094.18
1331,115.52,138.67,5,1,5,0,10,-1.7321,Toys,28,0,3.41,91,10512.24
1332,146.65,115.0,4,0,4,0,1,1.366,Electronics,66,1,1.49,193,28303.13
1333,53.41,65.79,6,1,10,1,12,-0.0,Books,73,0,3.67,212,11322.16
1334,199.3,226.78,0,0,13,0,5,-0.366,Electronics,99,0,4.55,108,21524.77
1335,195.21,155.93,2,0,10,1,4,0.0,Clothing,86,0,2.72,63,12298.27
1336,133.56,138.84,3,0,8,0,12,-0.0,Clothing,26,0,3.73,126,16828.8
1337,47.91,42.53,1,0,23,0,1,1.366,Food,34,0,2.18,183,8768.09
1338,139.24,112.36,2,0,9,1,10,-1.7321,Food,71,0,2.08,8,1113.95
1339,23.72,28.83,6,1,5,0,6,-0.0,Clothing,94,0,1.74,158,3747.4
1340,15.82,14.91,4,0,10,1,10,-1.7321,Clothing,49,0,1.97,142,2247.0
1341,58.96,55.37,1,0,8,0,3,1.0,Clothing,89,1,2.37,235,13855.54
1342,97.9,78.51,5,1,4,0,11,-1.366,Toys,49,1,3.27,145,14195.26
1343,174.97,162.7,3,0,9,1,11,-1.366,Electronics,73,0,4.12,100,17497.18
1344,148.16,181.2,3,0,19,1,5,-0.366,Toys,27,1,2.16,177,26224.7
1345,151.11,138.7,1,0,13,0,6,-0.0,Books,65,0,1.67,64,9671.31
1346,90.84,115.46,4,0,5,0,4,0.0,Food,33,0,2.8,114,10356.19
1347,75.73,96.01,0,0,3,0,10,-1.7321,Electronics,72,0,4.16,114,8632.95
1348,80.5,63.35,0,0,23,0,10,-1.7321,Food,49,0,2.56,69,5554.32
1349,197.65,159.39,3,0,22,0,12,-0.0,Books,63,0,4.65,36,7115.52
1350,17.62,21.46,6,1,20,1,6,-0.0,Clothing,32,1,1.99,235,4140.88
1351,174.74,163.49,6,1,9,1,7,0.366,Food,19,0,4.03,85,14852.56
1352,119.95,84.28,4,0,21,1,2,1.7321,Clothing,100,0,2.87,219,26268.68
1353,93.34,80.67,3,0,10,1,7,0.366,Food,50,0,1.43,145,13533.85
1354,147.8,156.46,0,0,15,0,7,0.366,Books,22,0,2.12,90,13301.91
1355,102.47,120.87,3,0,6,0,2,1.7321,Food,90,0,4.43,181,18546.54
1356,175.95,137.25,1,0,17,1,3,1.0,Books,67,0,1.02,81,14251.98
1357,181.13,138.81,6,1,6,0,3,1.0,Electronics,9,0,4.03,123,22279.4
1358,90.13,112.95,6,1,23,0,1,1.366,Toys,35,0,4.25,182,16403.11
1359,62.6,72.03,5,1,20,1,1,1.366,Books,71,0,1.48,203,12707.25
1360,122.55,129.15,1,0,14,0,10,-1.7321,Food,79,0,4.85,70,8578.26
1361,183.35,212.96,5,1,18,1,11,-1.366,Electronics,4,1,4.49,191,35019.67
1362,50.03,47.89,4,0,17,1,6,-0.0,Books,37,0,1.71,200,10005.16
1363,128.36,148.27,0,0,14,0,9,-1.0,Food,28,0,1.97,14,1797.09
1364,130.0,120.0,4,0,17,1,9,-1.0,Books,9,0,4.27,113,14689.6
1365,149.29,126.37,4,0,2,0,11,-1.366,Books,35,0,3.19,61,9106.78
1366,35.0,39.81,0,0,0,0,1,1.366,Clothing,25,0,4.69,234,8189.5
1367,146.01,138.97,2,0,0,0,12,-0.0,Food,9,0,4.92,84,12264.57
1368,182.72,235.49,2,0,6,0,7,0.366,Toys,61,0,2.37,101,18454.33
1369,44.14,40.15,3,0,9,1,6,-0.0,Books,52,0,1.39,180,7945.16
1370,55.13,69.08,2,0,11,1,4,0.0,Electronics,97,0,3.81,224,12349.84
1371,194.57,245.11,1,0,7,0,11,-1.366,Food,17,0,4.69,9,1751.09
1372,44.39,37.51,6,1,21,1,3,1.0,Toys,76,0,1.66,213,9454.14
1373,172.33,203.17,5,1,22,0,9,-1.0,Food,9,1,4.94,96,16543.98
1374,103.53,99.38,6,1,16,0,10,-1.7321,Toys,54,1,1.78,87,9007.35
1375,56.97,71.25,4,0,13,0,5,-0.366,Toys,5,0,1.35,175,9970.43
1376,175.44,170.19,6,1,16,0,8,0.0,Books,63,0,2.98,51,8947.57
1377,94.61,108.48,3,0,20,1,4,0.0,Clothing,47,0,4.22,174,16461.79
1378,107.82,105.68,4,0,22,0,4,0.0,Food,90,0,2.42,81,8733.04
1379,78.25,65.47,0,0,5,0,6,-0.0,Electronics,19,0,2.33,134,10486.08
1380,122.66,100.53,6,1,19,1,6,-0.0,Electronics,99,1,1.79,193,23673.51
1381,41.07,39.23,2,0,16,0,3,1.0,Clothing,66,0,4.94,215,8829.95
1382,84.31,97.23,0,0,19,1,2,1.7321,Electronics,45,0,2.37,265,22340.96
1383,194.19,206.43,3,0,7,0,11,-1.366,Food,71,0,3.67,3,582.57
1384,59.05,65.73,5,1,12,1,9,-1.0,Electronics,73,0,1.53,177,10451.03
1385,134.78,117.18,1,0,15,0,2,1.7321,Food,86,0,2.8,98,13208.44
1386,71.79,70.99,2,0,11,1,9,-1.0,Toys,33,1,4.18,224,16080.09
1387,156.96,114.05,0,0,16,0,12,-0.0,Books,80,0,4.88,56,8789.75
1388,34.87,41.51,5,1,17,1,11,-1.366,Clothing,43,0,1.71,166,5787.76
1389,194.27,251.37,6,1,7,0,8,0.0,Clothing,88,0,1.38,79,15347.01
1390,96.22,90.84,2,0,17,1,11,-1.366,Electronics,72,0,4.95,185,17800.7
1391,54.85,38.76,4,0,10,1,10,-1.7321,Food,94,0,3.22,133,7295.0
1392,23.96,19.22,1,0,12,1,7,0.366,Books,26,0,2.38,218,5224.24
1393,42.25,46.12,6,1,11,1,12,-0.0,Electronics,45,0,4.84,244,10309.98
1394,108.76,116.07,5,1,14,0,5,-0.366,Books,35,1,2.56,145,15769.77
1395,74.03,86.82,2,0,2,0,3,1.0,Food,81,1,1.93,200,14806.12
1396,167.49,142.75,6,1,2,0,2,1.7321,Electronics,53,0,4.21,183,30650.27
1397,91.87,106.4,1,0,5,0,11,-1.366,Electronics,10,1,2.26,173,15893.27
1398,57.26,63.71,5,1,2,0,8,0.0,Books,41,0,2.29,147,8416.59
1399,127.26,113.73,4,0,8,0,2,1.7321,Electronics,17,0,2.78,179,22779.1
1400,144.29,148.23,4,0,10,1,8,0.0,Books,71,0,3.77,125,18035.96
1401,41.74,32.9,0,0,7,0,5,-0.366,Food,66,1,4.37,228,9516.26
1402,41.85,40.66,3,0,3,0,9,-1.0,Books,11,0,1.9,142,5942.37
1403,16.97,20.85,0,0,21,1,4,0.0,Food,63,0,2.45,237,4021.31
1404,149.92,142.83,1,0,23,0,8,0.0,Food,67,0,2.98,50,7495.82
1405,136.12,163.86,0,0,19,1,11,-1.366,Toys,46,0,1.1,112,15245.76
1406,100.18,105.6,5,1,14,0,7,0.366,Books,20,0,3.79,147,14726.44
1407,170.39,138.89,2,0,4,0,12,-0.0,Clothing,13,0,3.26,72,12268.25
1408,163.08,171.01,5,1,6,0,8,0.0,Toys,87,0,1.53,69,11252.34
1409,121.22,121.65,0,0,7,0,5,-0.366,Toys,17,0,1.52,126,15273.38
1410,174.97,164.33,3,0,6,0,2,1.7321,Books,93,0,4.58,86,15047.55
1411,49.11,37.9,5,1,7,0,7,0.366,Toys,32,0,3.73,164,8054.01
1412,31.26,29.7,5,1,3,0,3,1.0,Toys,99,1,2.55,230,7190.89
1413,61.25,45.55,5,1,0,0,10,-1.7321,Electronics,99,0,2.35,101,6186.5
1414,20.85,15.83,3,0,21,1,10,-1.7321,Food,98,0,2.27,161,3356.29
1415,110.92,105.33,5,1,4,0,10,-1.7321,Clothing,85,0,3.62,71,7875.48
1416,187.96,166.01,1,0,10,1,12,-0.0,Books,16,0,1.71,39,7330.25
1417,17.48,21.94,4,0,3,0,11,-1.366,Electronics,23,0,4.95,183,3197.97
1418,33.2,30.72,3,0,1,0,10,-1.7321,Clothing,11,0,3.75,127,4216.51
1419,95.92,110.76,1,0,16,0,2,1.7321,Clothing,14,1,1.51,227,21773.34
1420,187.44,190.84,3,0,11,1,3,1.0,Electronics,67,0,1.55,202,37862.12
1421,70.07,78.65,3,0,1,0,4,0.0,Books,71,0,3.59,150,10510.45
1422,106.37,91.06,4,0,8,0,10,-1.7321,Food,45,0,2.53,34,3616.74
1423,17.9,22.64,2,0,5,0,11,-1.366,Electronics,75,0,3.64,147,2631.13
1424,38.19,38.87,1,0,5,0,7,0.366,Toys,33,1,3.89,264,10080.89
1425,197.46,236.71,3,0,17,1,10,-1.7321,Clothing,83,0,3.15,84,16586.62
1426,193.37,177.71,6,1,21,1,12,-0.0,Toys,45,0,2.03,104,20110.75
1427,10.94,8.31,3,0,2,0,1,1.366,Books,54,0,3.2,228,2494.0
1428,190.84,210.74,0,0,14,0,6,-0.0,Food,51,0,2.69,22,4198.57
1429,131.43,92.61,5,1,6,0,6,-0.0,Food,87,0,4.56,101,13274.71
1430,174.9,172.31,2,0,12,1,8,0.0,Food,23,0,3.96,90,15741.4
1431,96.4,78.63,4,0,9,1,2,1.7321,Toys,29,1,3.48,259,24967.75
1432,107.96,116.21,6,1,3,0,2,1.7321,Books,6,0,1.16,159,17166.16
1433,102.88,132.47,1,0,15,0,1,1.366,Toys,39,0,4.96,209,21502.1
1434,136.7,133.78,3,0,8,0,3,1.0,Clothing,5,0,3.27,138,18865.18
1435,36.53,43.49,5,1,20,1,7,0.366,Food,96,1,2.04,257,9389.17
1436,15.69,15.77,1,0,9,1,8,0.0,Books,40,0,3.37,235,3688.32
1437,68.51,68.34,4,0,18,1,7,0.366,Toys,90,0,4.27,219,15002.96
1438,143.89,181.05,2,0,16,0,9,-1.0,Toys,78,0,3.15,93,13381.71
1439,48.35,59.67,0,0,0,0,8,0.0,Toys,82,1,4.11,240,11604.52
1440,137.95,161.61,2,0,12,1,8,0.0,Toys,21,0,2.65,162,22348.25
1441,194.28,170.53,0,0,3,0,11,-1.366,Toys,59,0,3.36,50,9714.16
1442,27.84,28.59,1,0,14,0,2,1.7321,Clothing,89,0,2.69,226,6292.1
1443,137.79,114.97,2,0,9,1,1,1.366,Food,20,1,3.11,170,23425.05
1444,94.31,91.14,2,0,19,1,6,-0.0,Toys,24,1,1.67,226,21314.63
1445,174.95,173.29,2,0,8,0,7,0.366,Clothing,3,0,3.39,108,18894.28
1446,43.66,52.35,4,0,7,0,6,-0.0,Books,86,1,4.92,212,9255.59
1447,141.6,175.25,1,0,19,1,7,0.366,Books,72,0,4.06,167,23647.02
1448,169.24,160.57,6,1,5,0,8,0.0,Clothing,57,0,2.28,63,10662.24
1449,189.48,134.65,0,0,22,0,2,1.7321,Clothing,93,0,4.46,110,20842.44
1450,139.82,170.17,2,0,9,1,1,1.366,Clothing,71,1,4.58,268,37470.99
1451,104.46,84.05,1,0,23,0,10,-1.7321,Books,70,0,1.71,48,5014.23
1452,127.39,136.71,6,1,19,1,8,0.0,Toys,70,0,1.21,158,20127.77
1453,175.09,125.19,5,1,16,0,8,0.0,Food,76,0,3.29,18,3151.66
1454,118.42,111.28,4,0,4,0,8,0.0,Toys,63,0,2.9,142,16815.05
1455,15.77,20.37,4,0,13,0,10,-1.7321,Electronics,86,0,3.86,150,2366.03
1456,186.88,142.11,5,1,16,0,7,0.366,Clothing,47,0,2.17,45,8409.61
1457,141.01,134.55,1,0,10,1,2,1.7321,Toys,90,0,2.52,186,26227.88
1458,138.54,122.51,0,0,3,0,4,0.0,Food,89,0,2.06,42,5818.58
1459,50.98,63.37,1,0,22,0,9,-1.0,Toys,19,1,2.17,185,9430.98
1460,135.19,165.15,1,0,22,0,8,0.0,Electronics,100,0,1.04,145,19602.29
1461,84.83,71.48,3,0,16,0,4,0.0,Electronics,99,1,3.04,201,17051.68
1462,133.73,100.13,6,1,1,0,8,0.0,Toys,13,0,2.89,101,13507.16
1463,30.25,32.56,4,0,20,1,10,-1.7321,Food,89,0,2.42,175,5294.22
1464,134.99,121.74,0,0,21,1,6,-0.0,Toys,45,0,3.16,163,22003.47
1465,199.89,220.53,3,0,0,0,11,-1.366,Clothing,32,0,2.57,8,1599.11
1466,19.16,13.78,5,1,17,1,9,-1.0,Food,30,1,2.73,215,4119.46
1467,195.66,152.62,1,0,6,0,1,1.366,Books,85,0,1.01,11,2152.29
1468,87.31,97.08,5,1,21,1,6,-0.0,Food,42,0,1.27,158,13795.38
1469,175.44,145.17,4,0,5,0,11,-1.366,Toys,72,1,1.6,22,3859.75
1470,158.65,192.69,3,0,5,0,4,0.0,Toys,42,1,1.74,144,22846.07
1471,117.73,86.55,6,1,13,0,3,1.0,Books,7,0,2.81,112,13186.11
1472,150.31,124.65,3,0,22,0,5,-0.366,Electronics,3,0,4.5,129,19389.39
1473,176.92,229.84,0,0,11,1,10,-1.7321,Toys,37,0,2.62,92,16276.45
1474,86.79,83.3,6,1,13,0,11,-1.366,Electronics,3,0,3.51,101,8765.45
1475,72.14,80.92,1,0,13,0,8,0.0,Electronics,18,0,1.1,158,11397.54
1476,136.84,110.79,0,0,11,1,11,-1.366,Clothing,42,0,4.42,110,15052.7
1477,163.49,174.27,3,0,8,0,10,-1.7321,Electronics,9,0,1.45,59,9645.95
1478,154.83,175.84,6,1,8,0,6,-0.0,Food,57,0,2.14,36,5574.03
1479,161.58,143.6,3,0,1,0,1,1.366,Electronics,24,0,4.27,173,27954.13
1480,92.76,111.07,0,0,17,1,6,-0.0,Clothing,7,0,2.06,173,16047.62
1481,165.39,175.65,3,0,4,0,7,0.366,Toys,97,0,2.03,99,16373.46
1482,32.84,30.66,6,1,22,0,6,-0.0,Toys,89,0,3.41,183,6009.67
1483,113.45,117.38,2,0,11,1,3,1.0,Books,42,0,4.61,173,19627.36
1484,11.09,11.61,4,0,13,0,11,-1.366,Electronics,98,0,1.85,111,1231.45
1485,71.67,57.29,1,0,12,1,9,-1.0,Food,58,0,3.48,131,9388.94
1486,79.63,74.98,4,0,2,0,10,-1.7321,Books,85,0,3.4,103,8201.65
1487,85.27,77.26,1,0,14,0,10,-1.7321,Books,56,0,3.64,66,5628.01
1488,142.14,133.69,6,1,14,0,4,0.0,Clothing,58,0,4.79,129,18335.9
1489,83.83,96.96,3,0,2,0,5,-0.366,Toys,18,0,1.66,138,11567.99
1490,95.25,94.25,6,1,19,1,5,-0.366,Electronics,39,0,3.62,224,21336.4
1491,55.13,69.7,0,0,18,1,3,1.0,Electronics,50,0,1.73,242,13342.28
1492,80.92,70.9,0,0,14,0,12,-0.0,Toys,33,0,2.26,128,10357.48
1493,53.18,50.49,3,0,18,1,2,1.7321,Clothing,28,0,2.56,230,12231.68
1494,23.91,28.02,1,0,7,0,8,0.0,Clothing,56,0,4.34,206,4924.89
1495,124.66,128.1,3,0,22,0,7,0.366,Clothing,25,0,1.21,100,12465.52
1496,136.96,140.83,1,0,12,1,5,-0.366,Food,14,0,3.93,100,13696.04
1497,127.7,93.48,3,0,22,0,1,1.366,Electronics,55,0,4.65,171,21837.24
1498,98.06,92.1,3,0,9,1,10,-1.7321,Clothing,84,0,1.32,87,8531.56
1499,82.16,70.86,3,0,1,0,1,1.366,Clothing,84,0,4.16,176,14460.04
1500,174.03,226.17,0,0,10,1,8,0.0,Toys,7,1,1.43,182,31674.08
1501,108.63,96.14,1,0,21,1,4,0.0,Books,4,1,4.85,250,27156.38
1502,101.04,124.36,5,1,18,1,4,0.0,Books,95,0,4.26,175,17682.8
1503,14.87,16.44,3,0,8,0,9,-1.0,Books,30,0,3.78,171,2543.11
1504,74.84,67.69,4,0,8,0,2,1.7321,Electronics,62,0,3.2,210,15715.79
1505,82.24,84.39,4,0,5,0,5,-0.366,Food,57,1,4.68,160,13157.95
1506,85.78,103.3,6,1,9,1,6,-0.0,Electronics,37,0,1.48,201,17241.04
1507,120.23,147.89,6,1,21,1,6,-0.0,Toys,55,0,1.49,168,20199.1
1508,111.38,88.69,0,0,23,0,10,-1.7321,Clothing,85,1,4.29,114,12697.83
1509,125.5,113.42,2,0,7,0,12,-0.0,Electronics,65,0,2.93,143,17946.78
1510,155.33,139.97,5,1,14,0,3,1.0,Books,52,0,4.38,109,16930.73
1511,164.47,119.28,0,0,5,0,10,-1.7321,Food,3,1,2.56,21,3453.81
1512,146.44,155.08,2,0,6,0,6,-0.0,Toys,77,1,2.81,171,25041.82
1513,191.55,232.33,0,0,19,1,10,-1.7321,Clothing,7,0,2.33,61,11684.52
1514,13.46,12.51,6,1,16,0,10,-1.7321,Food,70,0,4.8,176,2369.7
1515,47.2,54.0,4,0,3,0,5,-0.366,Electronics,70,0,2.86,157,7410.06
1516,11.44,12.31,3,0,7,0,12,-0.0,Electronics,34,0,4.02,217,2481.82
1517,133.02,123.1,1,0,12,1,8,0.0,Food,96,0,3.78,117,15563.36
1518,180.63,141.73,6,1,23,0,4,0.0,Food,16,0,1.94,0,0.0
1519,56.26,63.33,3,0,13,0,10,-1.7321,Clothing,8,1,4.66,192,10802.23
1520,186.14,225.74,4,0,17,1,10,-1.7321,Books,21,1,3.18,121,22522.52
1521,21.45,23.84,1,0,22,0,3,1.0,Food,11,0,4.42,210,4504.67
1522,187.54,133.29,2,0,16,0,6,-0.0,Clothing,50,1,4.33,93,17441.48
1523,76.81,63.73,2,0,17,1,10,-1.7321,Food,87,0,1.23,85,6528.71
1524,29.27,21.71,4,0,13,0,9,-1.0,Food,6,0,3.48,144,4214.87
1525,102.32,106.64,1,0,23,0,8,0.0,Books,15,0,4.16,143,14631.14
1526,58.79,67.83,3,0,10,1,10,-1.7321,Clothing,11,0,4.63,145,8524.19
1527,64.13,49.14,4,0,9,1,8,0.0,Electronics,27,1,3.03,261,16736.85
1528,68.39,82.27,2,0,12,1,3,1.0,Clothing,79,0,4.0,242,16549.19
1529,162.57,167.99,4,0,19,1,1,1.366,Clothing,45,0,4.88,200,32514.98
1530,112.44,125.26,3,0,15,0,3,1.0,Clothing,38,0,4.31,151,16978.54
1531,69.15,88.71,0,0,13,0,3,1.0,Books,4,0,4.42,204,14106.29
1532,125.96,94.5,5,1,2,0,12,-0.0,Books,78,0,2.63,84,10580.93
1533,146.07,181.23,5,1,17,1,6,-0.0,Toys,45,1,1.37,174,25415.94
1534,61.8,47.93,6,1,5,0,3,1.0,Electronics,10,0,4.86,206,12730.5
1535,88.57,82.89,5,1,19,1,2,1.7321,Books,54,0,3.78,211,18689.18
1536,33.16,40.15,0,0,2,0,12,-0.0,Books,29,0,1.68,155,5139.55
1537,44.42,55.25,3,0,18,1,9,-1.0,Clothing,12,0,4.9,219,9727.62
1538,139.41,139.95,6,1,2,0,6,-0.0,Clothing,56,1,3.86,173,24118.34
1539,44.47,46.98,1,0,11,1,5,-0.366,Food,40,1,1.36,219,9739.65
1540,109.78,123.49,4,0,7,0,12,-0.0,Food,84,0,1.68,111,12185.7
1541,144.72,173.61,3,0,4,0,3,1.0,Food,37,0,4.46,117,16932.1
1542,30.31,23.42,0,0,16,0,7,0.366,Books,66,0,4.82,185,5606.72
1543,117.79,139.7,6,1,9,1,7,0.366,Food,20,1,2.46,203,23911.23
1544,58.75,58.09,2,0,20,1,4,0.0,Electronics,12,0,2.65,216,12689.34
1545,192.96,187.24,5,1,16,0,10,-1.7321,Food,38,0,2.58,0,0.0
1546,101.87,97.22,5,1,8,0,2,1.7321,Toys,30,0,4.34,195,19865.37
1547,163.14,164.04,3,0,12,1,2,1.7321,Toys,47,0,2.81,185,30180.64
1548,114.54,145.13,5,1,9,1,12,-0.0,Clothing,82,0,2.5,175,20045.03
1549,18.25,18.78,5,1,7,0,8,0.0,Books,74,0,3.49,198,3613.18
1550,130.3,165.73,3,0,6,0,4,0.0,Toys,71,1,2.96,194,25277.96
1551,190.77,154.17,3,0,1,0,7,0.366,Electronics,42,1,3.13,149,28424.23
1552,124.31,141.02,6,1,1,0,3,1.0,Clothing,5,0,2.63,146,18148.71
1553,165.65,196.68,0,0,3,0,9,-1.0,Toys,48,1,2.84,128,21202.67
1554,178.0,197.13,0,0,8,0,10,-1.7321,Food,93,0,1.14,0,0.0
1555,53.34,56.76,5,1,13,0,9,-1.0,Toys,99,0,4.7,138,7360.25
1556,50.29,52.24,6,1,23,0,7,0.366,Toys,51,0,1.12,179,9001.65
1557,126.09,153.39,3,0,10,1,7,0.366,Clothing,12,0,4.09,186,23452.07
1558,88.1,105.1,3,0,20,1,1,1.366,Books,10,1,2.19,249,21935.76
1559,169.57,131.14,5,1,6,0,10,-1.7321,Food,37,0,1.45,0,0.0
1560,181.0,218.86,1,0,18,1,8,0.0,Food,66,1,3.44,131,23711.58
1561,77.15,73.17,2,0,3,0,2,1.7321,Food,67,0,3.83,192,14812.81
1562,55.01,46.88,4,0,1,0,8,0.0,Food,14,0,3.52,170,9350.92
1563,158.3,193.42,4,0,22,0,11,-1.366,Books,47,0,3.3,47,7440.09
1564,62.21,59.68,5,1,21,1,2,1.7321,Food,20,1,3.14,254,15802.14
1565,166.3,197.06,6,1,20,1,1,1.366,Books,52,0,3.16,170,28270.44
1566,90.51,77.66,4,0,22,0,11,-1.366,Clothing,68,0,4.46,80,7240.82
1567,136.83,96.11,0,0,18,1,8,0.0,Electronics,26,1,1.36,181,24767.04
1568,28.15,28.08,6,1,20,1,4,0.0,Books,47,0,1.63,227,6390.44
1569,128.53,97.7,6,1,17,1,11,-1.366,Food,79,0,4.25,51,6555.2
1570,95.84,110.46,0,0,20,1,10,-1.7321,Clothing,73,0,2.21,108,10350.27
1571,121.46,105.14,1,0,6,0,6,-0.0,Clothing,3,0,4.09,105,12752.84
1572,41.92,40.51,5,1,10,1,10,-1.7321,Toys,2,1,2.41,193,8091.08
1573,150.01,112.84,0,0,9,1,11,-1.366,Toys,41,1,4.7,143,21450.86
1574,173.93,151.67,5,1,10,1,10,-1.7321,Electronics,30,0,2.13,81,14088.45
1575,51.18,59.82,5,1,22,0,1,1.366,Electronics,37,0,2.71,235,12027.43
1576,28.19,22.29,6,1,8,0,9,-1.0,Toys,81,1,1.64,177,4988.88
1577,14.49,15.77,3,0,2,0,11,-1.366,Toys,3,1,3.67,221,3202.58
1578,131.97,165.03,2,0,23,0,7,0.366,Clothing,9,0,2.61,156,20588.04
1579,125.35,138.87,2,0,4,0,5,-0.366,Books,8,0,4.76,145,18175.44
1580,113.87,135.12,5,1,22,0,6,-0.0,Toys,9,1,1.06,161,18333.47
1581,54.07,41.38,2,0,0,0,3,1.0,Food,17,0,2.55,192,10381.43
1582,84.27,71.67,2,0,0,0,9,-1.0,Books,24,1,1.09,136,11461.01
1583,122.95,152.06,4,0,19,1,2,1.7321,Books,72,0,2.32,220,27049.11
1584,104.39,117.86,6,1,4,0,12,-0.0,Food,14,0,2.52,86,8977.17
1585,197.68,214.23,4,0,18,1,10,-1.7321,Food,54,0,2.03,0,0.0
1586,35.92,39.45,3,0,5,0,1,1.366,Food,80,0,2.02,204,7328.4
1587,142.08,134.76,1,0,2,0,1,1.366,Clothing,18,0,2.04,104,14776.06
1588,86.82,63.1,6,1,20,1,10,-1.7321,Toys,88,0,2.07,101,8768.88
1589,91.36,106.95,0,0,12,1,2,1.7321,Toys,39,0,2.13,214,19550.6
1590,146.34,162.04,0,0,16,0,6,-0.0,Clothing,47,0,4.41,111,16244.14
1591,141.56,139.25,4,0,2,0,6,-0.0,Books,27,0,1.16,64,9060.02
1592,198.34,245.91,5,1,22,0,9,-1.0,Clothing,92,1,4.96,162,32130.86
1593,34.39,31.01,2,0,2,0,10,-1.7321,Toys,71,1,2.13,169,5812.74
1594,29.78,26.11,3,0,20,1,4,0.0,Electronics,98,0,1.11,183,5449.89
1595,147.62,180.64,1,0,22,0,8,0.0,Clothing,91,1,1.7,149,21996.03
1596,119.89,141.26,4,0,12,1,4,0.0,Electronics,34,1,4.77,223,26736.25
1597,62.09,62.65,5,1,1,0,3,1.0,Electronics,19,0,4.99,233,14467.09
1598,25.09,19.53,3,0,2,0,4,0.0,Food,6,0,1.99,179,4491.05
1599,26.28,21.78,5,1,19,1,1,1.366,Food,30,0,1.9,221,5806.79
1600,179.9,196.76,3,0,15,0,9,-1.0,Food,92,1,4.34,75,13492.22
1601,46.45,43.25,4,0,20,1,11,-1.366,Electronics,12,0,4.66,189,8779.96
1602,71.44,85.86,3,0,11,1,5,-0.366,Toys,15,0,3.6,186,13287.95
1603,53.06,67.39,6,1,8,0,7,0.366,Food,39,0,4.74,207,10984.4
1604,77.45,91.65,2,0,15,0,3,1.0,Food,64,0,4.8,173,13398.73
1605,23.19,21.49,3,0,3,0,5,-0.366,Books,64,0,4.04,184,4267.06
1606,108.62,127.44,1,0,19,1,10,-1.7321,Electronics,15,0,2.39,135,14663.88
1607,22.85,20.81,3,0,17,1,4,0.0,Electronics,58,0,1.6,235,5368.9
1608,162.07,129.7,6,1,0,0,7,0.366,Food,100,0,3.07,36,5834.44
1609,54.41,39.17,0,0,6,0,5,-0.366,Books,67,0,2.16,119,6474.23
1610,112.6,104.88,6,1,19,1,2,1.7321,Books,1,0,1.47,202,22745.66
1611,177.22,220.13,3,0,11,1,3,1.0,Clothing,7,0,2.58,143,25341.75
1612,133.67,112.73,5,1,7,0,8,0.0,Clothing,9,0,2.92,123,16441.0
1613,111.26,91.67,4,0,7,0,3,1.0,Food,1,0,3.65,162,18024.44
1614,71.62,91.81,0,0,23,0,7,0.366,Electronics,5,1,1.88,226,16186.89
1615,73.27,52.39,4,0,21,1,5,-0.366,Books,47,1,4.47,213,15606.59
1616,137.2,160.73,5,1,8,0,7,0.366,Books,100,0,1.74,93,12759.83
1617,198.89,177.57,1,0,13,0,10,-1.7321,Books,10,0,4.99,0,0.0
1618,135.75,98.08,2,0,19,1,9,-1.0,Electronics,2,0,3.23,129,17511.68
1619,115.98,145.05,1,0,4,0,7,0.366,Clothing,23,0,1.59,120,13917.46
1620,148.82,116.65,0,0,19,1,6,-0.0,Food,93,1,4.34,126,18751.77
1621,98.39,101.45,5,1,20,1,12,-0.0,Clothing,56,0,2.01,177,17414.86
1622,21.43,18.52,5,1,1,0,1,1.366,Books,19,0,1.75,209,4478.25
1623,116.84,86.36,2,0,20,1,4,0.0,Books,38,0,1.54,124,14487.71
1624,191.95,140.11,3,0,9,1,8,0.0,Electronics,47,1,3.2,169,32439.35
1625,43.31,33.32,0,0,23,0,1,1.366,Electronics,84,0,4.52,214,9267.82
1626,141.1,104.81,2,0,8,0,6,-0.0,Electronics,76,0,4.59,122,17214.31
1627,48.18,55.71,6,1,6,0,2,1.7321,Food,75,0,4.14,211,10165.43
1628,111.81,110.84,6,1,22,0,9,-1.0,Toys,99,0,3.33,115,12857.83
1629,28.37,25.69,4,0,21,1,8,0.0,Toys,52,1,3.12,291,8255.24
1630,95.57,90.89,2,0,17,1,9,-1.0,Food,49,0,2.5,92,8792.48
1631,153.67,193.22,4,0,11,1,9,-1.0,Food,71,0,1.18,62,9527.6
1632,76.04,94.78,6,1,10,1,2,1.7321,Food,23,1,4.35,292,22203.27
1633,136.33,153.98,6,1,9,1,2,1.7321,Clothing,50,1,5.0,264,35991.97
1634,161.14,198.33,4,0,12,1,9,-1.0,Food,17,0,4.68,86,13857.65
1635,186.16,166.02,5,1,8,0,2,1.7321,Clothing,48,0,4.73,125,23270.47
1636,54.58,50.69,2,0,15,0,4,0.0,Electronics,2,1,2.33,206,11243.89
1637,85.87,91.73,5,1,20,1,2,1.7321,Books,69,1,1.4,262,22497.95
1638,38.96,41.85,6,1,21,1,1,1.366,Toys,62,1,4.49,327,12739.61
1639,198.57,196.39,5,1,16,0,12,-0.0,Books,85,0,4.06,32,6354.3
1640,186.13,175.04,1,0,4,0,11,-1.366,Toys,13,1,2.56,102,18985.28
1641,112.59,145.44,1,0,5,0,10,-1.7321,Electronics,61,0,4.33,122,13736.21
1642,169.99,202.74,5,1,9,1,7,0.366,Toys,11,0,1.55,166,28217.73
1643,108.98,104.73,5,1,10,1,12,-0.0,Electronics,88,0,3.6,194,21142.51
1644,128.48,146.0,4,0,1,0,11,-1.366,Books,97,0,4.81,83,10663.95
1645,26.93,23.21,5,1,6,0,5,-0.366,Clothing,27,0,4.64,199,5359.79
1646,153.5,116.68,0,0,13,0,3,1.0,Toys,35,0,4.04,128,19648.18
1647,34.27,31.23,2,0,3,0,8,0.0,Food,18,0,2.07,138,4728.65
1648,166.95,157.23,0,0,4,0,5,-0.366,Clothing,85,0,1.41,49,8180.69
1649,158.59,112.58,1,0,18,1,1,1.366,Clothing,68,1,2.3,193,30606.97
1650,144.66,171.98,0,0,20,1,9,-1.0,Electronics,61,0,3.47,149,21554.56
1651,16.87,15.45,3,0,19,1,5,-0.366,Books,41,0,2.27,227,3829.6
1652,67.59,70.86,3,0,9,1,3,1.0,Food,96,0,2.65,199,13451.28
1653,59.99,44.66,1,0,5,0,6,-0.0,Books,43,1,2.61,193,11578.34
1654,78.43,63.13,0,0,1,0,8,0.0,Books,49,0,2.34,122,9567.96
1655,26.65,32.88,2,0,2,0,2,1.7321,Clothing,11,1,4.69,318,8475.37
1656,188.02,200.28,1,0,14,0,11,-1.366,Food,67,0,2.28,0,0.0
1657,115.22,146.35,3,0,9,1,3,1.0,Toys,51,0,4.97,230,26501.16
1658,68.05,88.41,1,0,16,0,7,0.366,Food,52,1,1.84,182,12385.03
1659,85.43,78.86,0,0,6,0,2,1.7321,Electronics,85,0,4.49,204,17427.0
1660,94.97,83.5,0,0,1,0,11,-1.366,Clothing,43,0,3.93,88,8357.23
1661,124.11,150.8,0,0,6,0,11,-1.366,Food,58,0,3.68,61,7570.89
1662,107.98,140.28,4,0,14,0,12,-0.0,Electronics,78,1,2.78,209,22567.63
1663,184.68,199.05,0,0,2,0,5,-0.366,Toys,70,1,4.27,136,25117.09
1664,104.42,122.91,5,1,4,0,9,-1.0,Books,29,0,2.97,84,8771.54
1665,198.51,232.07,3,0,21,1,7,0.366,Books,31,0,1.54,72,14292.72
1666,171.77,156.86,6,1,7,0,3,1.0,Electronics,28,1,2.12,180,30918.73
1667,49.62,51.83,3,0,3,0,2,1.7321,Clothing,50,0,1.73,188,9328.0
1668,186.81,224.14,4,0,17,1,10,-1.7321,Books,36,0,3.28,60,11208.79
1669,32.11,35.73,3,0,18,1,9,-1.0,Clothing,92,0,3.62,199,6389.81
1670,165.32,117.82,3,0,7,0,9,-1.0,Clothing,19,0,2.34,39,6447.3
1671,82.32,74.25,1,0,22,0,9,-1.0,Books,67,1,1.16,124,10207.48
1672,176.82,139.1,6,1,5,0,10,-1.7321,Toys,12,0,3.63,3,530.45
1673,174.93,146.9,6,1,4,0,3,1.0,Food,100,0,1.25,25,4373.27
1674,163.13,202.81,0,0,4,0,1,1.366,Books,88,0,4.86,150,24468.87
1675,160.11,115.62,5,1,16,0,9,-1.0,Food,76,1,4.55,77,12328.15
1676,67.89,56.48,5,1,5,0,7,0.366,Clothing,24,0,4.32,186,12627.36
1677,25.37,22.48,1,0,12,1,2,1.7321,Toys,65,0,2.47,265,6724.29
1678,86.57,92.64,5,1,8,0,6,-0.0,Clothing,92,0,3.98,145,12552.1
1679,42.97,43.85,1,0,23,0,11,-1.366,Toys,80,0,1.18,94,4039.15
1680,142.04,118.03,6,1,11,1,9,-1.0,Electronics,21,0,1.36,107,15198.36
1681,75.76,60.5,6,1,9,1,8,0.0,Toys,94,0,2.98,190,14394.2
1682,195.37,164.51,6,1,0,0,11,-1.366,Toys,98,1,3.35,90,17582.93
1683,131.78,131.98,5,1,10,1,12,-0.0,Clothing,26,0,4.07,165,21744.47
1684,166.27,143.44,3,0,5,0,6,-0.0,Books,35,0,2.19,37,6152.04
1685,35.18,44.63,6,1,2,0,6,-0.0,Books,95,0,3.17,156,5488.03
1686,173.78,170.01,2,0,5,0,8,0.0,Food,80,0,1.25,17,2954.31
1687,185.32,136.26,0,0,8,0,9,-1.0,Electronics,58,1,2.88,99,18347.06
1688,102.54,116.65,2,0,21,1,8,0.0,Toys,42,0,3.69,196,20098.19
1689,125.19,112.33,3,0,7,0,1,1.366,Food,29,0,4.96,121,15147.76
1690,155.31,169.62,4,0,14,0,2,1.7321,Toys,29,0,4.07,195,30286.2
1691,43.22,37.5,1,0,21,1,6,-0.0,Toys,9,0,4.98,224,9681.13
1692,105.49,109.97,5,1,5,0,8,0.0,Electronics,78,1,2.99,224,23629.21
1693,85.75,99.75,5,1,22,0,4,0.0,Electronics,72,0,2.73,173,14834.05
1694,37.81,47.52,3,0,10,1,12,-0.0,Food,2,0,4.34,239,9036.84
1695,79.83,68.39,5,1,9,1,4,0.0,Books,75,0,2.85,153,12214.23
1696,22.95,20.68,3,0,10,1,2,1.7321,Toys,2,0,4.02,276,6334.96
1697,14.9,14.58,2,0,3,0,10,-1.7321,Clothing,18,1,4.98,204,3040.47
1698,35.68,44.83,4,0,12,1,1,1.366,Food,69,1,3.9,291,10383.34
1699,192.99,239.47,1,0,7,0,10,-1.7321,Toys,57,0,1.06,42,8105.66
1700,114.41,86.26,5,1,19,1,9,-1.0,Electronics,71,0,1.72,141,16131.9
1701,193.51,150.77,4,0,14,0,7,0.366,Electronics,23,0,2.11,94,18189.58
1702,92.17,91.93,4,0,6,0,9,-1.0,Electronics,19,0,4.29,130,11982.7
1703,69.25,52.9,4,0,0,0,2,1.7321,Electronics,19,0,4.73,242,16757.31
1704,106.17,96.33,0,0,8,0,10,-1.7321,Books,58,1,3.6,113,11996.87
1705,93.51,73.78,4,0,22,0,5,-0.366,Books,83,0,1.35,76,7106.55
1706,30.08,32.53,6,1,7,0,2,1.7321,Toys,49,0,3.0,230,6917.55
1707,131.76,167.29,3,0,1,0,10,-1.7321,Toys,45,0,4.44,94,12385.16
1708,51.05,66.26,0,0,13,0,7,0.366,Food,28,0,2.45,170,8678.03
1709,127.72,118.16,6,1,11,1,9,-1.0,Electronics,75,0,1.26,144,18391.93
1710,133.54,141.47,0,0,22,0,3,1.0,Electronics,50,0,4.12,155,20698.42
1711,38.88,47.2,4,0,16,0,1,1.366,Clothing,11,1,3.63,301,11704.3
1712,21.66,16.69,5,1,18,1,4,0.0,Clothing,55,0,2.87,223,4829.38
1713,158.34,176.35,5,1,5,0,4,0.0,Electronics,9,0,4.4,153,24226.74
1714,97.36,92.04,5,1,20,1,11,-1.366,Clothing,14,0,4.4,148,14409.59
1715,21.05,17.34,5,1,4,0,6,-0.0,Clothing,98,0,3.8,194,4083.92
1716,199.02,187.41,3,0,5,0,5,-0.366,Electronics,93,0,4.77,115,22887.83
1717,20.98,15.64,5,1,2,0,12,-0.0,Books,21,1,2.82,275,5769.03
1718,142.06,158.71,1,0,15,0,5,-0.366,Books,48,0,3.92,121,17188.86
1719,196.9,167.69,4,0,17,1,9,-1.0,Toys,58,0,4.32,81,15948.82
1720,55.44,49.17,0,0,13,0,11,-1.366,Books,69,0,3.54,143,7928.52
1721,37.03,28.61,1,0,14,0,1,1.366,Electronics,97,0,3.21,232,8590.35
1722,33.06,40.3,5,1,3,0,8,0.0,Clothing,9,0,3.93,173,5719.92
1723,67.62,67.36,1,0,10,1,8,0.0,Electronics,67,1,2.42,233,15755.99
1724,29.2,30.46,0,0,4,0,11,-1.366,Food,78,0,2.47,125,3649.84
1725,141.51,147.41,5,1,8,0,8,0.0,Clothing,18,0,4.91,138,19528.47
1726,21.84,20.66,1,0,4,0,12,-0.0,Electronics,12,1,1.48,226,4934.81
1727,106.79,87.09,3,0,6,0,3,1.0,Toys,87,0,4.37,182,19435.82
1728,199.37,228.7,3,0,17,1,10,-1.7321,Toys,78,1,4.15,150,29905.86
1729,164.65,127.81,4,0,17,1,8,0.0,Clothing,16,0,1.22,93,15312.85
1730,126.89,96.73,4,0,19,1,2,1.7321,Books,37,0,3.81,180,22840.5
1731,68.19,76.79,6,1,23,0,8,0.0,Toys,20,0,1.38,138,9409.97
1732,128.54,106.08,1,0,1,0,12,-0.0,Food,20,1,1.84,99,12725.48
1733,110.14,97.37,0,0,22,0,8,0.0,Clothing,15,1,4.83,195,21476.89
1734,90.96,89.6,3,0,12,1,3,1.0,Food,25,0,2.45,178,16190.14
1735,34.83,33.78,2,0,12,1,4,0.0,Clothing,17,0,1.23,198,6897.32
1736,178.45,200.79,4,0,16,0,9,-1.0,Books,12,0,3.08,30,5353.64
1737,95.46,102.53,6,1,21,1,9,-1.0,Electronics,42,0,1.83,173,16514.42
1738,46.98,51.05,3,0,16,0,10,-1.7321,Clothing,39,0,2.71,126,5919.26
1739,79.87,90.13,6,1,5,0,9,-1.0,Electronics,56,0,1.41,162,12939.63
1740,88.68,77.65,5,1,13,0,10,-1.7321,Clothing,53,0,1.38,65,5764.5
1741,167.23,149.41,1,0,20,1,6,-0.0,Books,71,0,3.02,123,20569.56
1742,149.39,143.83,6,1,13,0,1,1.366,Food,72,0,2.34,83,12399.1
1743,156.17,138.13,3,0,11,1,8,0.0,Electronics,88,0,1.62,120,18740.15
1744,12.1,15.62,3,0,4,0,9,-1.0,Food,47,0,3.32,151,1826.49
1745,89.07,105.85,1,0,4,0,8,0.0,Clothing,25,0,1.25,139,12380.63
1746,101.46,81.04,4,0,3,0,1,1.366,Clothing,85,0,4.01,149,15116.85
1747,13.65,9.6,4,0,22,0,12,-0.0,Books,50,0,1.21,166,2265.32
1748,59.36,43.08,2,0,12,1,6,-0.0,Clothing,33,0,4.88,213,12644.64
1749,154.46,130.74,2,0,3,0,9,-1.0,Books,74,0,3.94,56,8649.48
1750,36.05,27.71,4,0,17,1,9,-1.0,Clothing,86,0,4.59,181,6525.2
1751,111.71,113.94,4,0,15,0,7,0.366,Food,83,1,2.76,164,18320.26
1752,50.89,61.82,6,1,17,1,7,0.366,Clothing,29,0,1.23,199,10126.78
1753,12.3,14.05,4,0,1,0,4,0.0,Electronics,3,0,1.92,204,2509.8
1754,55.83,46.3,4,0,22,0,7,0.366,Toys,39,0,4.88,199,11109.83
1755,195.42,183.61,3,0,3,0,10,-1.7321,Electronics,4,1,3.48,101,19737.02
1756,162.29,163.06,2,0,19,1,5,-0.366,Electronics,37,1,1.91,174,28238.82
1757,192.32,228.11,1,0,16,0,11,-1.366,Books,95,1,2.93,87,16731.8
1758,102.69,123.59,0,0,19,1,10,-1.7321,Clothing,6,0,2.27,105,10782.69
1759,30.85,38.43,1,0,5,0,5,-0.366,Food,92,0,2.96,163,5028.53
1760,114.11,114.75,5,1,17,1,1,1.366,Clothing,10,0,4.35,210,23963.58
1761,96.33,107.56,0,0,19,1,2,1.7321,Toys,12,0,1.89,212,20422.32
1762,170.43,130.73,3,0,6,0,9,-1.0,Clothing,66,0,2.6,13,2215.56
1763,28.64,29.76,5,1,12,1,2,1.7321,Toys,3,0,2.78,275,7874.81
1764,102.77,87.27,2,0,8,0,10,-1.7321,Toys,65,1,3.35,124,12742.96
1765,38.51,36.93,0,0,1,0,11,-1.366,Electronics,64,0,1.31,123,4736.64
1766,71.69,77.45,4,0,7,0,12,-0.0,Toys,35,0,1.83,140,10036.38
1767,150.1,128.21,5,1,13,0,2,1.7321,Toys,24,0,2.59,158,23715.46
1768,100.44,73.46,3,0,21,1,9,-1.0,Food,47,0,4.24,132,13258.53
1769,81.42,57.49,0,0,23,0,3,1.0,Books,52,0,1.75,128,10421.6
1770,84.95,60.59,4,0,17,1,2,1.7321,Clothing,34,0,4.53,224,19028.91
1771,97.29,68.59,5,1,0,0,7,0.366,Food,84,1,2.36,149,14496.94
1772,159.15,121.95,3,0,22,0,12,-0.0,Books,80,1,2.02,86,13687.17
1773,179.5,151.44,5,1,8,0,9,-1.0,Electronics,94,0,2.64,61,10949.26
1774,191.51,159.48,0,0,8,0,11,-1.366,Food,25,1,3.21,9,1723.62
1775,159.51,206.1,4,0,1,0,6,-0.0,Food,69,1,3.94,115,18343.84
1776,69.93,61.79,2,0,15,0,12,-0.0,Electronics,29,0,2.91,156,10908.66
1777,140.75,109.28,6,1,3,0,7,0.366,Toys,92,0,4.27,100,14074.56
1778,93.14,95.69,3,0,12,1,3,1.0,Electronics,64,1,4.27,289,26918.79
1779,58.39,70.93,0,0,16,0,11,-1.366,Clothing,53,0,1.01,140,8174.24
1780,169.77,187.9,4,0,10,1,3,1.0,Electronics,58,0,4.17,200,33953.12
1781,17.3,15.18,2,0,22,0,8,0.0,Food,41,0,2.77,164,2837.37
1782,181.33,188.04,5,1,1,0,7,0.366,Electronics,87,0,4.87,117,21216.17
1783,97.68,110.27,4,0,3,0,5,-0.366,Clothing,96,0,4.28,132,12893.85
1784,131.07,149.01,6,1,11,1,6,-0.0,Toys,51,0,2.54,154,20184.52
1785,135.28,148.79,2,0,1,0,9,-1.0,Toys,18,0,3.54,89,12039.67
1786,180.07,220.14,0,0,0,0,3,1.0,Books,41,0,1.78,119,21428.61
1787,130.97,160.05,4,0,22,0,12,-0.0,Books,99,0,2.16,103,13489.63
1788,126.65,132.65,6,1,5,0,3,1.0,Clothing,61,1,1.81,198,25076.18
1789,22.66,21.71,4,0,15,0,11,-1.366,Books,24,0,4.0,165,3739.54
1790,108.5,117.71,1,0,1,0,6,-0.0,Toys,47,0,1.03,98,10632.76
1791,38.53,45.89,3,0,13,0,11,-1.366,Toys,28,0,2.63,149,5741.28
1792,150.11,105.59,4,0,19,1,8,0.0,Books,36,0,4.35,110,16512.37
1793,107.32,139.0,6,1,11,1,5,-0.366,Electronics,21,0,3.84,182,19532.63
1794,139.24,112.75,2,0,18,1,1,1.366,Toys,56,0,2.69,165,22975.14
1795,17.92,17.6,3,0,2,0,3,1.0,Books,69,0,3.53,238,4264.45
1796,26.11,31.94,0,0,18,1,8,0.0,Books,26,0,2.73,217,5665.97
1797,146.1,122.0,6,1,10,1,4,0.0,Clothing,54,0,4.38,130,18993.19
1798,23.7,23.37,3,0,3,0,9,-1.0,Clothing,87,0,3.29,169,4004.63
1799,23.54,18.35,1,0,16,0,6,-0.0,Toys,44,0,3.53,207,4872.53
1800,12.3,11.53,0,0,16,0,10,-1.7321,Food,33,0,4.95,162,1992.7
1801,191.74,154.59,4,0,6,0,4,0.0,Books,26,0,4.08,34,6519.0
1802,150.13,137.84,6,1,4,0,4,0.0,Electronics,22,0,2.14,131,19666.58
1803,77.12,71.26,5,1,18,1,10,-1.7321,Food,20,0,4.09,95,7326.19
1804,66.34,85.97,0,0,20,1,5,-0.366,Books,2,0,4.71,214,14197.14
1805,76.44,99.14,6,1,18,1,7,0.366,Food,41,0,2.18,197,15059.39
1806,157.18,120.85,0,0,8,0,12,-0.0,Books,54,0,4.27,87,13675.02
1807,135.66,154.05,1,0,16,0,7,0.366,Books,57,0,1.95,127,17228.87
1808,45.19,33.03,2,0,8,0,10,-1.7321,Food,18,0,2.74,115,5196.52
1809,43.08,30.94,0,0,13,0,7,0.366,Clothing,5,0,3.76,190,8185.35
1810,28.7,21.9,6,1,4,0,5,-0.366,Books,96,1,1.97,189,5423.39
1811,135.46,173.29,2,0,21,1,12,-0.0,Toys,46,0,1.75,156,21131.37
1812,155.23,196.29,3,0,1,0,9,-1.0,Food,75,0,2.85,37,5743.54
1813,60.36,49.27,5,1,23,0,2,1.7321,Clothing,21,0,4.13,202,12192.48
1814,13.98,11.14,1,0,14,0,8,0.0,Electronics,22,0,3.38,153,2138.87
1815,25.61,21.63,4,0,15,0,10,-1.7321,Books,3,0,3.8,140,3585.77
1816,193.89,195.7,6,1,18,1,8,0.0,Books,9,0,3.76,81,15705.37
1817,66.13,68.9,6,1,0,0,3,1.0,Toys,2,0,3.18,203,13425.31
1818,156.15,130.07,6,1,22,0,5,-0.366,Clothing,28,0,2.26,37,5777.64
1819,128.69,148.5,0,0,11,1,8,0.0,Books,34,0,2.69,123,15828.39
1820,82.57,73.13,5,1,18,1,10,-1.7321,Clothing,53,0,2.52,111,9165.11
1821,49.08,61.51,5,1,19,1,9,-1.0,Books,59,0,1.32,174,8540.02
1822,33.06,36.17,2,0,14,0,7,0.366,Electronics,10,0,4.59,217,7174.76
1823,126.85,122.01,0,0,4,0,4,0.0,Toys,83,0,3.57,131,16617.67
1824,157.18,184.52,6,1,0,0,4,0.0,Electronics,93,0,4.43,137,21533.72
1825,132.34,157.59,5,1,10,1,3,1.0,Electronics,2,0,4.1,241,31894.38
1826,110.76,96.83,6,1,8,0,11,-1.366,Food,48,0,1.27,15,1661.36
1827,17.97,16.24,6,1,6,0,8,0.0,Electronics,6,0,1.87,200,3594.15
1828,194.01,244.76,6,1,1,0,6,-0.0,Toys,44,0,4.8,137,26579.76
1829,161.76,129.22,1,0,16,0,10,-1.7321,Toys,54,0,2.85,18,2911.6
1830,65.64,47.61,4,0,15,0,6,-0.0,Books,71,0,4.25,174,11420.7
1831,196.19,190.79,3,0,15,0,10,-1.7321,Electronics,36,1,3.3,102,20011.82
1832,124.36,146.83,3,0,13,0,10,-1.7321,Clothing,8,0,4.29,109,13554.97
1833,120.66,140.33,2,0,1,0,9,-1.0,Food,83,0,3.94,55,6636.32
1834,152.13,190.43,5,1,18,1,11,-1.366,Food,10,0,2.12,47,7150.29
1835,164.24,167.51,3,0,2,0,3,1.0,Food,33,1,4.96,152,24963.91
1836,134.73,102.4,2,0,7,0,4,0.0,Toys,91,0,2.96,85,11452.13
1837,34.34,36.17,4,0,20,1,3,1.0,Toys,93,0,3.34,258,8859.25
1838,74.27,86.68,6,1,18,1,3,1.0,Books,19,0,3.16,204,15151.25
1839,186.34,140.87,0,0,15,0,1,1.366,Electronics,18,0,4.54,126,23478.32
1840,52.68,42.33,1,0,21,1,10,-1.7321,Toys,51,0,2.12,155,8164.93
1841,80.71,57.09,4,0,3,0,6,-0.0,Food,23,0,1.25,125,10088.97
1842,92.09,97.27,4,0,7,0,9,-1.0,Toys,1,0,2.71,128,11788.11
1843,93.49,115.18,3,0,0,0,5,-0.366,Electronics,59,1,4.67,231,21595.48
1844,126.46,139.41,3,0,3,0,12,-0.0,Toys,3,0,2.76,127,16060.23
1845,189.18,243.9,1,0,6,0,12,-0.0,Electronics,10,0,2.11,138,26107.45
1846,55.73,41.12,0,0,0,0,12,-0.0,Books,71,0,3.47,105,5851.82
1847,33.09,41.09,4,0,23,0,10,-1.7321,Toys,49,0,3.95,131,4334.17
1848,47.52,56.47,5,1,17,1,2,1.7321,Electronics,56,0,2.85,302,14350.86
1849,178.52,158.62,3,0,3,0,10,-1.7321,Electronics,90,1,2.52,103,18387.12
1850,132.7,170.41,4,0,19,1,4,0.0,Clothing,16,0,2.46,158,20967.24
1851,64.32,56.14,0,0,13,0,12,-0.0,Books,39,0,2.69,150,9648.34
1852,165.03,203.58,2,0,7,0,6,-0.0,Toys,96,0,4.37,141,23269.22
1853,173.66,213.33,0,0,17,1,7,0.366,Clothing,76,0,2.93,113,19623.61
1854,170.84,197.25,4,0,6,0,12,-0.0,Toys,44,0,2.26,92,15717.07
1855,184.6,191.63,4,0,2,0,7,0.366,Food,8,1,1.73,58,10706.57
1856,57.93,44.72,1,0,20,1,4,0.0,Food,8,0,2.13,203,11758.94
1857,153.46,156.4,4,0,13,0,10,-1.7321,Electronics,45,1,2.85,102,15652.71
1858,97.5,89.12,3,0,11,1,10,-1.7321,Clothing,11,0,3.19,114,11115.29
1859,169.98,199.78,5,1,14,0,5,-0.366,Electronics,97,1,3.49,186,31616.23
1860,148.41,171.4,1,0,7,0,4,0.0,Electronics,25,0,1.29,133,19738.96
1861,157.53,196.33,4,0,4,0,12,-0.0,Electronics,17,0,3.45,133,20950.83
1862,134.67,95.47,0,0,16,0,10,-1.7321,Food,95,0,2.41,0,0.0
1863,43.71,51.82,4,0,9,1,6,-0.0,Electronics,83,0,2.03,202,8829.72
1864,113.56,143.43,0,0,10,1,11,-1.366,Electronics,55,0,2.32,145,16465.49
1865,197.09,231.3,0,0,22,0,7,0.366,Electronics,79,0,4.14,138,27198.04
1866,188.1,146.37,4,0,15,0,2,1.7321,Electronics,56,0,4.21,163,30660.91
1867,18.2,13.63,0,0,15,0,10,-1.7321,Clothing,44,0,1.42,108,1965.93
1868,41.31,29.44,5,1,3,0,12,-0.0,Toys,53,0,2.98,172,7106.15
1869,35.03,37.73,2,0,22,0,3,1.0,Clothing,35,1,3.12,247,8652.03
1870,147.94,159.45,1,0,4,0,11,-1.366,Books,39,0,1.12,34,5029.83
1871,165.38,213.69,4,0,9,1,8,0.0,Clothing,2,1,3.87,218,36052.67
1872,50.57,47.47,6,1,13,0,7,0.366,Books,98,1,2.47,209,10568.54
1873,106.11,95.41,2,0,8,0,12,-0.0,Food,25,0,2.67,77,8170.62
1874,169.73,182.41,0,0,17,1,1,1.366,Toys,38,0,3.44,175,29703.38
1875,149.23,178.39,0,0,19,1,4,0.0,Electronics,68,0,2.88,170,25369.49
1876,113.03,142.64,1,0,5,0,5,-0.366,Books,80,0,3.99,124,14015.11
1877,122.17,144.38,2,0,10,1,3,1.0,Food,32,0,3.38,180,21989.89
1878,106.59,101.9,2,0,20,1,4,0.0,Toys,79,0,1.9,166,17693.69
1879,66.53,71.92,4,0,16,0,10,-1.7321,Books,78,1,4.48,174,11576.95
1880,117.35,142.44,0,0,8,0,10,-1.7321,Food,41,1,1.86,71,8332.15
1881,140.89,140.09,6,1,2,0,10,-1.7321,Electronics,79,0,3.85,88,12398.16
1882,175.93,146.03,3,0,15,0,7,0.366,Food,71,1,4.17,79,13898.58
1883,130.9,104.96,6,1,19,1,8,0.0,Food,7,0,3.75,112,14660.28
1884,154.61,108.24,4,0,3,0,12,-0.0,Electronics,72,1,2.69,159,24583.48
1885,40.41,45.71,4,0,23,0,9,-1.0,Books,83,0,4.51,148,5981.21
1886,97.7,74.9,4,0,21,1,2,1.7321,Food,18,0,2.31,157,15338.26
1887,11.77,9.96,1,0,14,0,4,0.0,Electronics,17,0,3.75,186,2189.78
1888,56.87,49.97,1,0,1,0,1,1.366,Books,82,0,4.51,176,10008.94
1889,148.03,153.39,4,0,19,1,3,1.0,Electronics,83,0,1.62,188,27829.21
1890,198.44,186.29,5,1,16,0,8,0.0,Clothing,77,1,3.61,100,19844.39
1891,28.84,31.87,3,0,18,1,7,0.366,Books,59,0,4.6,236,6807.15
1892,86.28,63.28,2,0,19,1,8,0.0,Clothing,11,0,1.41,130,11216.91
1893,162.01,125.46,2,0,15,0,11,-1.366,Food,51,0,1.58,0,0.0
1894,48.77,48.74,0,0,23,0,6,-0.0,Food,7,0,2.51,149,7266.25
1895,115.47,104.17,2,0,18,1,5,-0.366,Food,27,0,4.98,129,14895.13
1896,149.28,130.99,6,1,20,1,12,-0.0,Books,59,1,1.9,164,24482.5
1897,127.04,94.04,2,0,16,0,12,-0.0,Toys,37,0,2.3,82,10417.05
1898,45.72,56.58,3,0,3,0,10,-1.7321,Books,5,0,4.34,133,6081.39
1899,77.52,86.45,2,0,17,1,9,-1.0,Books,62,0,1.52,154,11938.55
1900,158.92,122.84,6,1,3,0,5,-0.366,Toys,72,0,4.98,104,16527.73
1901,115.3,85.21,3,0,20,1,9,-1.0,Books,74,0,3.96,126,14528.18
1902,10.99,14.13,1,0,2,0,4,0.0,Clothing,90,0,4.84,208,2286.67
1903,154.59,171.39,3,0,21,1,12,-0.0,Toys,79,0,1.58,133,20560.24
1904,16.71,15.88,1,0,17,1,5,-0.366,Toys,55,0,1.93,203,3391.96
1905,151.69,170.05,3,0,20,1,1,1.366,Clothing,16,0,2.48,186,28214.23
1906,48.47,55.93,4,0,19,1,6,-0.0,Toys,93,0,1.2,180,8724.84
1907,192.03,224.29,6,1,4,0,3,1.0,Toys,92,1,1.24,165,31685.6
1908,79.91,78.85,5,1,8,0,11,-1.366,Clothing,74,0,4.62,103,8230.6
1909,72.12,69.08,1,0,21,1,10,-1.7321,Electronics,56,0,1.17,143,10312.73
1910,38.29,27.06,1,0,22,0,2,1.7321,Electronics,51,0,4.0,248,9495.6
1911,68.06,85.48,2,0,23,0,6,-0.0,Electronics,68,0,3.87,198,13476.83
1912,176.56,187.51,1,0,14,0,1,1.366,Clothing,46,0,1.29,111,19598.56
1913,199.3,163.81,3,0,8,0,12,-0.0,Food,61,0,1.75,0,0.0
1914,79.98,100.11,4,0,13,0,9,-1.0,Books,78,0,2.82,146,11676.91
1915,95.24,118.95,4,0,20,1,5,-0.366,Toys,33,0,3.57,166,15809.18
1916,147.19,190.4,2,0,23,0,7,0.366,Clothing,55,0,4.58,163,23992.54
1917,178.38,218.41,3,0,1,0,11,-1.366,Books,18,0,3.11,65,11594.52
1918,122.68,159.32,3,0,17,1,10,-1.7321,Clothing,12,1,4.75,181,22204.79
1919,84.39,71.46,0,0,12,1,9,-1.0,Toys,74,0,1.76,151,12742.87
1920,88.4,106.55,1,0,20,1,9,-1.0,Food,21,0,3.49,165,14585.69
1921,142.17,169.72,2,0,15,0,7,0.366,Clothing,97,0,4.38,135,19192.61
1922,10.61,8.9,4,0,5,0,4,0.0,Books,78,0,1.93,178,1888.84
1923,127.72,96.95,6,1,15,0,4,0.0,Books,73,0,4.15,81,10345.48
1924,77.54,99.85,5,1,3,0,7,0.366,Toys,26,0,2.6,204,15818.91
1925,160.9,141.21,0,0,23,0,8,0.0,Electronics,79,0,5.0,151,24295.52
1926,27.67,33.83,3,0,9,1,7,0.366,Toys,21,0,1.37,206,5699.65
1927,121.76,85.53,1,0,18,1,11,-1.366,Toys,22,0,3.21,117,14245.74
1928,101.38,72.25,4,0,10,1,10,-1.7321,Electronics,55,0,4.13,133,13484.18
1929,132.04,129.34,6,1,4,0,4,0.0,Food,46,0,3.7,56,7394.34
1930,22.32,18.82,0,0,17,1,4,0.0,Clothing,41,0,3.02,266,5937.7
1931,120.2,133.89,3,0,2,0,8,0.0,Books,5,0,3.05,102,12260.09
1932,116.68,121.27,4,0,7,0,12,-0.0,Clothing,44,0,2.62,109,12718.35
1933,116.53,86.99,4,0,10,1,9,-1.0,Clothing,16,0,2.37,103,12002.12
1934,124.66,99.43,3,0,20,1,7,0.366,Books,35,0,3.37,135,16829.46
1935,138.53,129.22,3,0,18,1,12,-0.0,Electronics,5,0,3.99,181,25073.73
1936,162.95,132.21,2,0,20,1,3,1.0,Books,62,0,2.12,131,21346.18
1937,61.27,72.01,4,0,2,0,12,-0.0,Electronics,90,0,4.79,190,11640.53
1938,166.76,158.36,3,0,11,1,10,-1.7321,Electronics,26,0,2.46,108,18010.01
1939,104.67,79.14,5,1,14,0,1,1.366,Toys,61,0,2.74,161,16851.64
1940,24.64,24.41,6,1,22,0,5,-0.366,Food,51,1,2.64,194,4780.37
1941,21.12,15.94,6,1,23,0,6,-0.0,Toys,69,0,1.45,176,3717.94
1942,73.51,57.14,5,1,15,0,11,-1.366,Food,56,0,1.46,63,4630.83
1943,159.13,134.27,6,1,4,0,9,-1.0,Electronics,50,1,4.18,116,18459.13
1944,144.46,175.62,0,0,18,1,5,-0.366,Toys,36,0,2.53,130,18779.72
1945,159.84,200.56,6,1,5,0,1,1.366,Clothing,24,0,1.86,147,23496.02
1946,108.28,129.48,1,0,11,1,11,-1.366,Books,79,0,3.83,168,18191.23
1947,93.64,84.32,6,1,18,1,11,-1.366,Books,30,1,4.84,190,17791.18
1948,38.02,32.83,5,1,8,0,4,0.0,Books,69,0,4.75,138,5246.21
1949,72.36,74.49,2,0,17,1,2,1.7321,Food,48,0,3.89,239,17293.23
1950,92.46,104.77,3,0,2,0,4,0.0,Books,22,0,1.77,97,8968.98
1951,26.83,34.78,1,0,22,0,7,0.366,Food,33,0,1.62,169,4534.96
1952,51.92,40.44,2,0,13,0,9,-1.0,Food,69,0,4.48,158,8202.77
1953,123.66,90.22,4,0,23,0,12,-0.0,Food,96,1,4.85,122,15086.86
1954,149.78,167.24,1,0,20,1,3,1.0,Clothing,50,0,3.49,183,27409.01
1955,199.69,239.49,5,1,4,0,3,1.0,Electronics,23,0,4.61,170,33946.62
1956,187.29,226.21,2,0,4,0,11,-1.366,Clothing,10,1,4.26,112,20976.65
1957,132.09,146.23,3,0,3,0,4,0.0,Electronics,36,0,1.62,105,13869.18
1958,90.04,114.56,3,0,21,1,7,0.366,Clothing,17,0,1.89,192,17287.13
1959,130.87,131.74,6,1,15,0,6,-0.0,Food,53,0,1.27,76,9946.4
1960,159.27,198.82,2,0,12,1,5,-0.366,Electronics,91,0,2.9,152,24209.62
1961,32.48,41.6,4,0,7,0,4,0.0,Books,8,0,2.3,193,6269.39
1962,87.88,106.19,6,1,23,0,12,-0.0,Clothing,44,0,2.7,129,11336.77
1963,169.56,150.21,5,1,20,1,8,0.0,Electronics,61,0,1.03,144,24416.99
1964,82.93,67.81,2,0,15,0,12,-0.0,Books,6,0,3.88,126,10448.96
1965,118.66,122.08,0,0,1,0,4,0.0,Toys,71,0,1.8,97,11509.61
1966,121.68,118.25,2,0,7,0,3,1.0,Food,90,0,2.47,116,14114.44
1967,45.05,55.26,2,0,2,0,7,0.366,Clothing,81,1,2.61,236,10631.92
1968,78.82,59.91,5,1,22,0,2,1.7321,Clothing,37,0,1.26,146,11508.41
1969,73.56,62.87,3,0,8,0,4,0.0,Toys,54,0,2.46,157,11548.47
1970,14.98,17.24,6,1,10,1,8,0.0,Electronics,23,0,4.6,231,3459.77
1971,14.6,11.05,4,0,20,1,4,0.0,Clothing,91,0,4.57,237,3459.36
1972,168.02,149.95,6,1,23,0,10,-1.7321,Clothing,57,0,1.1,2,336.04
1973,61.88,57.69,2,0,19,1,12,-0.0,Clothing,51,0,1.12,163,10087.0
1974,108.43,116.41,1,0,0,0,7,0.366,Clothing,58,0,3.38,153,16590.55
1975,66.76,53.06,3,0,0,0,2,1.7321,Toys,19,0,1.82,200,13351.57
1976,188.73,229.56,3,0,21,1,11,-1.366,Food,27,0,4.59,54,10191.37
1977,59.27,57.4,2,0,7,0,5,-0.366,Clothing,89,1,2.93,160,9482.62
1978,91.63,114.56,5,1,15,0,12,-0.0,Toys,25,0,2.3,165,15119.74
1979,175.82,172.43,1,0,9,1,4,0.0,Books,21,0,4.81,118,20746.61
1980,169.97,147.03,2,0,1,0,9,-1.0,Clothing,25,0,2.27,22,3739.28
1981,45.36,35.61,1,0,15,0,7,0.366,Electronics,51,0,2.28,179,8119.31
1982,162.5,114.12,3,0,3,0,9,-1.0,Toys,71,0,1.53,42,6825.09
1983,97.06,98.93,1,0,18,1,11,-1.366,Electronics,35,1,1.89,197,19119.94
1984,101.76,77.78,6,1,8,0,10,-1.7321,Food,70,0,4.04,52,5291.73
1985,35.36,33.06,2,0,2,0,7,0.366,Books,50,0,4.04,168,5940.68
1986,25.31,26.67,0,0,10,1,2,1.7321,Electronics,15,0,2.55,251,6353.89
1987,148.31,128.35,0,0,7,0,12,-0.0,Clothing,24,0,2.4,74,10974.83
1988,104.33,84.0,1,0,6,0,2,1.7321,Toys,49,0,2.67,181,18883.3
1989,93.0,108.33,5,1,0,0,2,1.7321,Books,68,0,2.2,194,18042.32
1990,148.61,188.44,2,0,7,0,5,-0.366,Toys,7,0,3.43,143,21250.74
1991,155.45,118.18,4,0,23,0,1,1.366,Books,94,0,4.35,145,22539.88
1992,40.19,31.89,0,0,16,0,7,0.366,Electronics,81,0,1.04,164,6591.58
1993,125.94,160.7,3,0,10,1,2,1.7321,Food,54,0,4.74,212,26699.87
1994,35.72,25.81,6,1,6,0,4,0.0,Toys,38,1,1.47,210,7500.63
1995,152.76,196.54,2,0,8,0,9,-1.0,Clothing,94,0,4.6,89,13595.75
1996,134.82,94.75,2,0,13,0,8,0.0,Toys,45,1,1.93,150,20223.22
1997,191.76,234.75,6,1,4,0,10,-1.7321,Food,9,0,4.67,17,3259.87
1998,23.1,20.43,0,0,17,1,2,1.7321,Electronics,55,0,4.15,289,6676.48
1999,20.84,26.32,6,1,23,0,4,0.0,Clothing,83,0,2.08,165,3438.67
2000,63.62,56.63,6,1,22,0,4,0.0,Clothing,52,0,1.11,114,7252.17
2001,59.72,65.25,4,0,12,1,2,1.7321,Electronics,77,1,3.86,314,18753.36
2002,56.93,42.58,6,1,4,0,2,1.7321,Toys,49,0,4.29,226,12865.27
2003,182.19,154.02,3,0,7,0,5,-0.366,Clothing,55,0,3.72,42,7651.91
2004,57.41,66.84,4,0,14,0,11,-1.366,Toys,83,0,2.53,125,7176.72
2005,61.67,62.73,3,0,21,1,4,0.0,Toys,70,0,1.51,181,11162.35
2006,154.29,193.9,0,0,3,0,8,0.0,Electronics,76,0,2.39,136,20982.85
2007,95.45,91.37,2,0,0,0,4,0.0,Food,79,0,2.07,102,9735.96
2008,157.58,192.54,3,0,5,0,8,0.0,Food,3,0,3.89,79,12448.43
2009,22.42,21.73,2,0,23,0,5,-0.366,Toys,68,0,1.64,144,3228.42
2010,102.64,132.15,1,0,18,1,1,1.366,Electronics,38,0,4.28,252,25864.91
2011,16.39,20.91,1,0,11,1,9,-1.0,Food,70,0,3.45,212,3473.96
2012,21.9,19.66,0,0,6,0,8,0.0,Toys,49,0,2.93,188,4117.97
2013,182.22,224.42,0,0,12,1,1,1.366,Clothing,92,0,2.44,166,30249.04
2014,36.46,44.06,5,1,6,0,12,-0.0,Clothing,8,1,3.03,227,8275.65
2015,111.16,91.86,0,0,8,0,3,1.0,Books,95,1,3.16,170,18897.19
2016,88.11,94.68,1,0,0,0,3,1.0,Books,85,0,1.95,130,11454.06
2017,76.0,56.51,3,0,20,1,5,-0.366,Books,45,0,4.96,183,13907.13
2018,180.97,217.53,6,1,23,0,7,0.366,Food,29,0,4.64,69,12486.82
2019,14.15,11.38,6,1,12,1,1,1.366,Clothing,79,0,2.56,269,3805.39
2020,136.12,101.07,6,1,18,1,1,1.366,Clothing,49,0,2.02,169,23004.29
2021,193.04,181.49,4,0,20,1,10,-1.7321,Food,24,0,2.23,0,0.0
2022,116.43,121.81,6,1,0,0,6,-0.0,Clothing,21,0,4.92,92,10711.74
2023,188.0,228.03,0,0,19,1,5,-0.366,Clothing,23,0,2.63,119,22371.56
2024,19.93,25.6,6,1,20,1,12,-0.0,Toys,95,0,4.65,266,5301.11
2025,89.57,86.32,4,0,18,1,12,-0.0,Clothing,98,1,1.24,204,18272.43
2026,59.43,43.76,4,0,17,1,3,1.0,Toys,28,0,4.11,234,13906.62
2027,148.86,171.11,1,0,22,0,3,1.0,Books,32,0,4.05,127,18904.71
2028,196.45,204.13,5,1,4,0,4,0.0,Electronics,22,0,3.6,124,24359.36
2029,58.74,56.9,3,0,2,0,11,-1.366,Toys,62,0,1.48,86,5051.7
2030,134.29,118.92,1,0,1,0,10,-1.7321,Clothing,67,0,4.93,82,11012.04
2031,47.64,47.71,0,0,21,1,2,1.7321,Books,73,0,1.85,244,11623.81
2032,117.41,106.05,1,0,9,1,9,-1.0,Electronics,6,0,3.84,155,18198.98
2033,98.15,113.28,1,0,5,0,12,-0.0,Electronics,65,0,4.01,161,15801.69
2034,194.68,199.81,1,0,18,1,4,0.0,Books,22,0,4.04,112,21804.27
2035,125.62,154.02,0,0,16,0,10,-1.7321,Books,51,0,4.3,71,8919.03
2036,76.41,78.4,0,0,18,1,3,1.0,Electronics,68,0,4.96,276,21088.11
2037,31.68,26.7,1,0,12,1,10,-1.7321,Electronics,57,0,1.38,167,5290.26
2038,38.74,46.9,1,0,16,0,11,-1.366,Clothing,72,0,2.89,154,5965.48
2039,52.81,54.62,4,0,22,0,7,0.366,Toys,55,0,4.9,194,10245.18
2040,57.68,47.54,3,0,17,1,9,-1.0,Toys,42,0,4.53,191,11017.58
2041,171.62,184.33,4,0,10,1,12,-0.0,Electronics,52,0,4.96,187,32092.39
2042,116.63,106.68,5,1,19,1,2,1.7321,Electronics,61,0,3.33,230,26825.44
2043,109.44,132.06,3,0,19,1,6,-0.0,Food,19,0,3.69,138,15103.31
2044,31.81,30.91,5,1,12,1,5,-0.366,Electronics,1,0,2.06,257,8174.16
2045,173.43,196.99,3,0,23,0,1,1.366,Toys,41,0,2.83,132,22892.3
2046,147.33,111.58,1,0,10,1,11,-1.366,Clothing,63,0,1.08,66,9724.09
2047,22.86,21.43,4,0,19,1,7,0.366,Food,88,0,3.88,253,5782.82
2048,144.49,186.38,3,0,18,1,1,1.366,Toys,48,1,4.7,266,38433.99
2049,113.27,134.24,5,1,9,1,10,-1.7321,Clothing,81,0,1.45,81,9175.05
2050,25.53,20.32,3,0,2,0,9,-1.0,Food,32,0,2.82,147,3752.59
2051,97.08,84.13,0,0,20,1,4,0.0,Food,50,1,3.49,189,18347.58
2052,102.09,91.67,3,0,5,0,8,0.0,Food,14,0,3.53,91,9290.4
2053,41.5,45.24,6,1,6,0,1,1.366,Food,17,1,2.23,238,9876.32
2054,189.68,218.93,1,0,20,1,5,-0.366,Food,96,0,1.08,47,8915.08
2055,171.5,197.17,2,0,22,0,3,1.0,Food,97,0,4.55,71,12176.17
2056,137.11,137.93,0,0,19,1,4,0.0,Books,30,0,1.37,112,15356.8
2057,97.84,116.08,2,0,4,0,12,-0.0,Clothing,51,1,1.71,158,15458.11
2058,88.24,84.9,1,0,21,1,4,0.0,Toys,98,0,4.85,221,19500.04
2059,133.68,103.52,6,1,8,0,8,0.0,Electronics,92,0,3.0,118,15774.83
2060,113.63,118.03,2,0,21,1,10,-1.7321,Toys,62,1,4.5,200,22726.41
2061,21.83,27.76,3,0,9,1,10,-1.7321,Books,24,0,4.59,205,4475.54
2062,107.38,126.25,2,0,13,0,3,1.0,Books,63,0,4.96,174,18683.34
2063,163.22,170.92,4,0,10,1,1,1.366,Food,14,0,1.16,121,19749.22
2064,97.26,105.82,1,0,16,0,5,-0.366,Books,34,0,1.21,107,10406.35
2065,19.87,25.01,4,0,10,1,2,1.7321,Toys,59,1,1.76,335,6657.04
2066,159.39,152.54,2,0,6,0,11,-1.366,Books,65,0,3.63,33,5259.96
2067,48.26,43.38,6,1,10,1,6,-0.0,Toys,86,0,2.05,201,9700.08
2068,59.14,76.07,4,0,12,1,4,0.0,Food,33,0,2.98,176,10408.28
2069,41.29,50.3,0,0,18,1,9,-1.0,Food,58,1,4.15,223,9208.61
2070,72.74,65.02,2,0,5,0,7,0.366,Books,18,0,1.74,146,10620.17
2071,153.78,150.44,5,1,1,0,2,1.7321,Electronics,12,0,2.14,177,27219.55
2072,108.68,103.15,4,0,13,0,7,0.366,Food,74,0,3.91,99,10759.65
2073,48.93,38.63,3,0,15,0,10,-1.7321,Clothing,66,1,1.03,139,6800.91
2074,176.79,225.35,2,0,6,0,8,0.0,Clothing,2,0,4.03,98,17325.2
2075,177.12,166.95,6,1,0,0,3,1.0,Food,70,1,3.71,90,15940.85
2076,175.41,214.91,5,1,1,0,3,1.0,Books,84,0,1.52,98,17190.17
2077,55.37,45.05,6,1,8,0,11,-1.366,Food,28,0,1.98,81,4485.07
2078,95.74,98.49,0,0,22,0,2,1.7321,Books,42,0,1.06,161,15413.41
2079,197.15,140.84,3,0,17,1,12,-0.0,Toys,3,0,3.33,88,17349.03
2080,156.68,181.52,2,0,20,1,1,1.366,Electronics,48,0,2.59,203,31806.52
2081,15.16,15.9,6,1,19,1,3,1.0,Electronics,89,0,2.69,278,4214.98
2082,22.39,24.08,3,0,17,1,10,-1.7321,Toys,87,0,1.41,169,3783.72
2083,98.15,71.75,2,0,17,1,12,-0.0,Toys,13,0,2.41,150,14722.04
2084,182.75,151.07,2,0,9,1,11,-1.366,Toys,57,1,4.68,153,27961.03
2085,112.35,83.66,1,0,7,0,7,0.366,Electronics,88,1,1.26,160,17976.53
2086,104.58,91.34,4,0,20,1,11,-1.366,Food,3,0,4.9,102,10667.61
2087,30.04,32.34,2,0,7,0,9,-1.0,Clothing,63,0,4.39,149,4475.96
2088,134.79,140.14,0,0,1,0,9,-1.0,Books,38,0,1.81,44,5930.68
2089,166.2,177.38,5,1,17,1,6,-0.0,Clothing,59,0,3.82,121,20110.15
2090,82.28,84.71,4,0,10,1,6,-0.0,Books,28,0,1.36,156,12835.65
2091,157.37,135.94,1,0,10,1,11,-1.366,Electronics,26,0,1.64,86,13533.5
2092,193.25,163.63,4,0,18,1,5,-0.366,Food,84,0,2.95,20,3865.01
2093,48.72,38.11,4,0,10,1,2,1.7321,Clothing,91,0,2.6,246,11984.04
2094,109.43,132.35,2,0,9,1,7,0.366,Toys,65,0,4.26,217,23746.88
2095,64.56,69.07,0,0,7,0,1,1.366,Toys,74,0,4.76,224,14460.59
2096,160.64,130.43,2,0,14,0,6,-0.0,Toys,74,0,4.77,118,18955.8
2097,119.74,96.55,6,1,7,0,4,0.0,Clothing,61,0,1.59,86,10297.88
2098,130.57,159.8,0,0,18,1,3,1.0,Food,57,0,3.74,164,21413.59
2099,161.6,185.14,6,1,0,0,11,-1.366,Food,1,0,3.28,60,9696.22
2100,85.23,93.39,0,0,22,0,1,1.366,Toys,32,0,2.48,198,16876.41
2101,183.87,173.59,3,0,19,1,6,-0.0,Clothing,32,0,4.98,138,25373.66
2102,111.28,95.38,2,0,2,0,7,0.366,Toys,27,0,2.82,162,18026.63
2103,40.01,51.52,6,1,20,1,11,-1.366,Books,13,0,3.66,167,6681.91
2104,142.22,167.59,1,0,11,1,1,1.366,Books,17,0,3.01,156,22186.45
2105,160.72,141.6,5,1,15,0,11,-1.366,Clothing,28,0,1.41,23,3696.55
2106,70.18,84.82,4,0,21,1,1,1.366,Books,89,0,1.56,219,15370.45
2107,172.86,199.72,3,0,15,0,7,0.366,Electronics,52,0,4.0,138,23855.24
2108,182.17,159.99,6,1,16,0,11,-1.366,Electronics,36,0,4.21,77,14026.88
2109,62.61,59.85,1,0,15,0,12,-0.0,Electronics,47,0,2.46,160,10017.9
2110,196.87,159.77,5,1,8,0,6,-0.0,Books,66,0,1.27,11,2165.56
2111,36.74,28.16,5,1,21,1,7,0.366,Food,32,1,4.83,290,10653.21
2112,48.38,54.85,2,0,18,1,8,0.0,Electronics,32,0,2.99,232,11224.85
2113,45.0,38.73,0,0,0,0,8,0.0,Toys,70,0,1.54,163,7335.44
2114,179.86,214.4,6,1,17,1,9,-1.0,Food,95,0,1.79,4,719.43
2115,134.32,174.26,2,0,5,0,9,-1.0,Clothing,55,0,1.18,86,11551.14
2116,38.9,29.02,5,1,5,0,7,0.366,Books,73,1,3.84,218,8480.16
2117,93.66,92.15,2,0,11,1,9,-1.0,Toys,80,1,3.82,206,19294.26
2118,126.91,149.91,3,0,2,0,6,-0.0,Clothing,89,0,3.41,129,16370.95
2119,25.86,30.34,6,1,10,1,9,-1.0,Books,40,0,3.19,208,5378.5
2120,177.66,205.37,1,0,5,0,11,-1.366,Books,28,0,2.53,21,3730.84
2121,162.68,147.94,5,1,13,0,2,1.7321,Toys,81,0,4.8,159,25866.86
2122,105.99,103.05,6,1,17,1,11,-1.366,Books,31,1,4.2,170,18018.18
2123,193.75,204.79,3,0,15,0,2,1.7321,Books,87,0,4.63,119,23056.73
2124,89.37,114.79,1,0,23,0,6,-0.0,Books,31,1,2.25,181,16176.8
2125,196.98,176.6,3,0,12,1,3,1.0,Food,26,0,4.91,101,19895.08
2126,136.9,171.66,4,0,0,0,2,1.7321,Electronics,4,0,1.66,216,29571.44
2127,130.59,112.52,0,0,5,0,8,0.0,Toys,58,0,1.23,67,8749.37
2128,41.53,53.72,0,0,13,0,7,0.366,Food,79,0,2.28,186,7724.85
2129,177.57,195.71,0,0,16,0,8,0.0,Toys,23,1,1.81,149,26457.37
2130,91.22,89.23,4,0,12,1,6,-0.0,Food,69,0,3.07,157,14322.02
2131,40.82,43.6,5,1,12,1,9,-1.0,Books,60,0,2.4,220,8981.36
2132,12.4,10.7,5,1,8,0,9,-1.0,Books,43,0,1.69,142,1760.15
2133,116.35,100.59,4,0,5,0,2,1.7321,Food,89,0,4.38,137,15940.44
2134,110.21,84.65,0,0,5,0,10,-1.7321,Books,94,0,3.03,84,9257.3
2135,146.68,112.71,0,0,4,0,5,-0.366,Electronics,26,1,1.44,110,16134.49
2136,179.15,162.78,1,0,20,1,9,-1.0,Toys,67,0,1.3,46,8240.86
2137,25.09,29.04,1,0,13,0,3,1.0,Books,68,0,2.53,219,5494.11
2138,148.98,158.64,2,0,13,0,5,-0.366,Clothing,55,0,4.63,107,15941.32
2139,45.61,34.73,6,1,3,0,8,0.0,Food,47,0,3.03,132,6020.29
2140,173.05,209.63,6,1,1,0,2,1.7321,Food,82,0,1.56,102,17651.47
2141,165.62,175.7,6,1,1,0,6,-0.0,Books,59,1,1.99,107,17721.56
2142,112.75,143.93,3,0,16,0,11,-1.366,Food,75,0,1.2,20,2255.02
2143,144.95,159.75,1,0,9,1,4,0.0,Clothing,75,0,4.33,166,24061.06
2144,69.73,56.14,1,0,13,0,12,-0.0,Food,100,1,4.78,209,14572.84
2145,99.52,97.96,1,0,18,1,12,-0.0,Clothing,16,1,1.31,182,18112.99
2146,166.11,180.91,1,0,16,0,6,-0.0,Food,58,0,1.69,13,2159.44
2147,97.26,69.73,4,0,21,1,3,1.0,Food,89,0,1.68,111,10795.9
2148,77.98,55.28,2,0,10,1,6,-0.0,Clothing,1,1,4.21,253,19729.36
2149,103.9,80.8,1,0,6,0,7,0.366,Toys,90,0,4.36,139,14442.15
2150,167.37,142.43,5,1,8,0,10,-1.7321,Electronics,45,1,2.68,93,15565.16
2151,73.69,70.57,3,0,13,0,3,1.0,Clothing,94,0,4.88,209,15401.11
2152,43.01,42.69,6,1,22,0,5,-0.366,Electronics,6,0,2.04,154,6624.26
2153,145.28,113.73,1,0,3,0,12,-0.0,Food,91,0,3.1,25,3632.07
2154,166.94,184.3,4,0,13,0,8,0.0,Toys,52,0,4.99,120,20032.3
2155,29.12,30.8,5,1,19,1,2,1.7321,Clothing,19,1,4.31,340,9901.18
2156,55.58,48.72,6,1,23,0,7,0.366,Toys,43,0,2.95,154,8558.72
2157,36.97,26.19,0,0,19,1,1,1.366,Clothing,19,0,1.43,216,7986.53
2158,76.11,56.82,0,0,16,0,7,0.366,Books,39,0,4.62,172,13090.73
2159,95.57,89.36,6,1,18,1,1,1.366,Clothing,32,0,3.17,186,17775.4
2160,152.28,120.66,2,0,16,0,4,0.0,Electronics,65,0,2.23,89,13552.65
2161,133.72,123.84,0,0,13,0,4,0.0,Books,89,0,2.8,73,9761.42
2162,127.98,137.82,1,0,12,1,12,-0.0,Food,47,0,2.24,112,14333.36
2163,76.95,79.13,6,1,13,0,5,-0.366,Clothing,13,0,3.2,146,11234.88
2164,169.88,142.48,4,0,15,0,2,1.7321,Electronics,74,0,2.09,152,25821.01
2165,99.54,90.22,2,0,20,1,12,-0.0,Food,82,0,2.78,137,13637.6
2166,196.03,209.44,5,1,14,0,11,-1.366,Electronics,36,0,2.71,99,19406.96
2167,130.49,158.74,1,0,18,1,12,-0.0,Food,86,0,3.46,128,16702.34
2168,33.99,39.15,0,0,21,1,6,-0.0,Clothing,70,1,1.06,225,7647.82
2169,138.47,142.91,3,0,10,1,6,-0.0,Toys,27,0,3.4,165,22848.17
2170,71.77,65.84,1,0,11,1,8,0.0,Food,72,0,3.37,170,12200.86
2171,140.4,129.03,3,0,10,1,10,-1.7321,Toys,24,0,2.57,87,12214.99
2172,23.23,28.52,5,1,22,0,12,-0.0,Food,20,0,1.99,165,3833.25
2173,43.23,31.28,3,0,4,0,1,1.366,Toys,86,0,4.36,225,9726.18
2174,172.59,223.12,5,1,7,0,4,0.0,Clothing,9,0,2.38,118,20365.63
2175,53.16,58.41,2,0,5,0,12,-0.0,Electronics,39,1,2.25,242,12865.72
2176,169.04,187.41,4,0,15,0,2,1.7321,Clothing,83,0,2.85,169,28567.39
2177,63.06,45.58,0,0,11,1,11,-1.366,Food,1,0,2.11,151,9522.43
2178,132.15,140.51,0,0,5,0,8,0.0,Books,11,0,4.32,135,17839.92
2179,141.89,140.59,1,0,12,1,12,-0.0,Electronics,74,0,3.26,182,25823.73
2180,107.4,82.0,6,1,6,0,4,0.0,Toys,1,0,4.02,143,15358.83
2181,68.01,58.95,0,0,7,0,8,0.0,Electronics,91,0,3.98,200,13601.81
2182,50.4,62.21,2,0,11,1,2,1.7321,Electronics,81,0,4.15,278,14011.88
2183,16.31,16.8,0,0,1,0,4,0.0,Clothing,44,0,4.48,199,3244.89
2184,67.75,64.23,1,0,22,0,12,-0.0,Food,51,0,4.68,158,10704.47
2185,134.1,99.72,0,0,8,0,9,-1.0,Clothing,17,0,2.53,54,7241.45
2186,188.28,212.47,4,0,12,1,5,-0.366,Food,66,0,2.77,41,7719.39
2187,175.53,196.89,5,1,16,0,6,-0.0,Books,23,0,1.2,71,12462.55
2188,155.55,166.2,3,0,12,1,10,-1.7321,Clothing,41,0,4.7,91,14155.26
2189,159.8,160.79,3,0,15,0,12,-0.0,Books,59,0,3.35,94,15021.67
2190,136.35,130.93,5,1,0,0,9,-1.0,Food,74,0,3.85,45,6135.62
2191,59.45,62.78,3,0,6,0,9,-1.0,Electronics,94,0,2.74,140,8323.63
2192,182.37,153.2,4,0,12,1,7,0.366,Books,99,0,2.9,82,14954.1
2193,137.44,173.83,2,0,13,0,11,-1.366,Books,25,0,3.17,78,10720.25
2194,116.48,122.69,1,0,20,1,2,1.7321,Food,17,0,4.18,188,21898.94
2195,31.09,27.57,4,0,16,0,7,0.366,Food,19,0,3.45,232,7212.42
2196,94.94,92.07,1,0,15,0,9,-1.0,Clothing,82,0,4.24,128,12152.39
2197,97.47,115.34,2,0,14,0,2,1.7321,Clothing,82,0,1.87,196,19103.74
2198,174.27,138.89,4,0,16,0,7,0.366,Food,46,1,1.82,47,8190.55
2199,113.86,99.71,0,0,1,0,12,-0.0,Books,35,0,1.83,103,11727.91
2200,82.28,91.14,6,1,11,1,7,0.366,Toys,74,1,1.02,239,19663.99
2201,195.59,173.94,2,0,2,0,3,1.0,Clothing,23,0,1.72,57,11148.75
2202,31.04,36.48,3,0,8,0,6,-0.0,Food,86,0,1.47,189,5865.98
2203,90.28,70.27,4,0,5,0,8,0.0,Toys,44,0,2.82,112,10111.83
2204,17.98,20.82,2,0,5,0,10,-1.7321,Toys,9,1,1.51,163,2931.5
2205,150.58,111.58,2,0,6,0,8,0.0,Toys,32,1,2.66,131,19726.21
2206,184.43,130.5,4,0,7,0,3,1.0,Toys,90,0,5.0,127,23423.19
2207,63.21,78.31,3,0,2,0,6,-0.0,Electronics,93,0,3.01,170,10745.21
2208,173.08,181.53,5,1,23,0,2,1.7321,Clothing,59,0,4.7,132,22847.21
2209,65.52,59.7,3,0,14,0,2,1.7321,Toys,42,0,3.81,206,13497.42
2210,183.05,153.68,2,0,21,1,8,0.0,Toys,62,0,4.58,115,21050.33
2211,153.25,164.0,1,0,5,0,11,-1.366,Food,19,0,3.5,26,3984.57
2212,162.93,163.81,5,1,10,1,10,-1.7321,Food,93,0,4.24,35,5702.63
2213,13.42,17.38,5,1,2,0,5,-0.366,Electronics,35,0,2.21,168,2254.77
2214,192.93,248.87,2,0,15,0,5,-0.366,Toys,76,0,2.49,86,16592.32
2215,148.07,160.06,4,0,5,0,11,-1.366,Electronics,8,0,4.84,94,13918.34
2216,67.9,65.58,4,0,10,1,4,0.0,Food,89,1,2.07,229,15549.72
2217,167.58,166.69,4,0,7,0,11,-1.366,Clothing,91,0,2.69,32,5362.72
2218,63.49,70.44,3,0,22,0,10,-1.7321,Books,43,0,3.6,96,6094.95
2219,175.82,133.79,0,0,9,1,4,0.0,Books,45,0,2.57,78,13714.21
2220,31.39,28.16,4,0,9,1,8,0.0,Electronics,6,0,1.08,213,6686.13
2221,143.7,107.08,4,0,22,0,3,1.0,Food,13,0,4.17,82,11783.43
2222,112.73,83.87,5,1,2,0,11,-1.366,Books,11,0,2.34,40,4509.31
2223,28.34,23.17,1,0,13,0,3,1.0,Toys,70,0,1.91,202,5724.99
2224,55.96,55.46,1,0,18,1,8,0.0,Clothing,69,0,3.02,173,9681.05
2225,12.36,14.47,2,0,20,1,3,1.0,Food,7,0,1.03,244,3015.05
2226,99.07,98.2,2,0,20,1,12,-0.0,Electronics,55,1,4.46,254,25162.74
2227,67.24,60.6,2,0,8,0,2,1.7321,Food,55,0,2.05,187,12573.95
2228,123.69,92.69,4,0,12,1,11,-1.366,Clothing,19,0,4.69,118,14595.17
2229,66.48,68.48,1,0,8,0,5,-0.366,Food,6,0,3.71,145,9638.9
2230,66.98,57.79,2,0,20,1,11,-1.366,Electronics,89,1,3.19,194,12995.02
2231,151.21,161.63,1,0,11,1,3,1.0,Toys,9,0,4.23,218,32963.06
2232,19.15,24.63,4,0,13,0,6,-0.0,Food,20,0,4.97,210,4020.9
2233,181.55,139.21,5,1,4,0,11,-1.366,Electronics,25,0,2.0,19,3449.45
2234,171.93,142.23,4,0,5,0,7,0.366,Toys,50,0,2.42,61,10487.74
2235,136.88,134.67,2,0,12,1,3,1.0,Books,72,1,2.94,208,28471.64
2236,122.71,157.21,4,0,12,1,9,-1.0,Food,50,0,3.16,103,12639.35
2237,179.54,208.82,4,0,23,0,10,-1.7321,Toys,38,0,3.21,73,13106.24
2238,45.21,56.02,1,0,5,0,1,1.366,Books,66,0,3.2,221,9992.01
2239,25.0,22.51,0,0,13,0,7,0.366,Food,57,0,4.31,196,4900.81
2240,55.51,71.89,3,0,10,1,4,0.0,Food,22,0,2.62,179,9935.74
2241,160.97,122.61,2,0,12,1,7,0.366,Clothing,56,0,1.04,84,13521.47
2242,16.59,12.14,6,1,11,1,9,-1.0,Food,36,0,4.5,197,3267.71
2243,120.73,146.49,0,0,15,0,9,-1.0,Food,51,0,3.65,63,7606.2
2244,199.13,250.18,5,1,5,0,1,1.366,Toys,68,0,1.76,107,21307.24
2245,172.58,130.19,6,1,8,0,10,-1.7321,Electronics,1,0,1.12,38,6558.13
2246,109.07,83.78,2,0,16,0,12,-0.0,Clothing,48,1,2.26,176,19197.14
2247,22.09,15.9,0,0,19,1,4,0.0,Food,33,0,1.5,198,4374.17
2248,167.96,128.1,4,0,15,0,7,0.366,Toys,24,0,4.59,92,15452.41
2249,123.81,102.22,2,0,11,1,10,-1.7321,Toys,49,0,2.11,86,10647.31
2250,31.84,40.82,0,0,17,1,6,-0.0,Electronics,69,0,3.82,233,7418.08
2251,27.83,30.64,3,0,8,0,9,-1.0,Books,58,1,3.63,210,5844.91
2252,182.83,213.39,4,0,2,0,7,0.366,Food,48,1,3.86,123,22487.98
2253,137.15,159.87,2,0,9,1,3,1.0,Books,57,0,3.12,162,22217.98
2254,167.56,171.09,5,1,10,1,7,0.366,Electronics,64,0,3.92,173,28988.66
2255,177.01,208.6,5,1,1,0,10,-1.7321,Toys,99,1,3.05,84,14868.5
2256,118.64,125.46,2,0,7,0,5,-0.366,Books,53,0,2.51,108,12812.77
2257,108.31,96.26,0,0,19,1,2,1.7321,Electronics,60,0,4.43,275,29786.57
2258,91.78,95.15,2,0,10,1,10,-1.7321,Books,90,1,2.83,163,14960.34
2259,70.22,71.63,6,1,17,1,3,1.0,Toys,43,0,3.27,238,16712.32
2260,92.57,110.54,4,0,19,1,6,-0.0,Food,41,0,2.86,162,14996.86
2261,157.04,202.43,1,0,6,0,6,-0.0,Clothing,26,0,4.1,111,17431.12
2262,124.37,117.73,5,1,13,0,7,0.366,Toys,59,0,3.16,123,15296.95
2263,179.58,207.96,0,0,6,0,6,-0.0,Books,49,0,2.88,71,12750.14
2264,94.24,71.61,3,0,0,0,9,-1.0,Food,64,1,2.03,120,11309.06
2265,125.35,146.17,2,0,11,1,5,-0.366,Clothing,5,0,4.65,161,20180.87
2266,129.95,119.92,4,0,0,0,5,-0.366,Electronics,44,0,4.45,166,21571.44
2267,122.42,88.59,2,0,2,0,8,0.0,Food,18,0,2.73,51,6243.55
2268,143.5,131.73,3,0,1,0,8,0.0,Toys,57,1,3.64,154,22099.06
2269,55.11,58.77,4,0,2,0,1,1.366,Books,89,0,3.03,205,11298.03
2270,107.35,82.83,3,0,3,0,3,1.0,Clothing,40,0,1.7,106,11379.01
2271,29.8,37.39,4,0,13,0,6,-0.0,Food,46,0,2.5,159,4738.63
2272,83.06,62.01,1,0,22,0,6,-0.0,Clothing,58,0,4.41,138,11461.89
2273,102.66,129.14,5,1,17,1,1,1.366,Clothing,85,1,4.19,286,29359.83
2274,133.92,150.57,4,0,22,0,2,1.7321,Food,24,0,1.41,144,19284.86
2275,190.6,171.13,3,0,4,0,10,-1.7321,Books,28,0,1.3,0,0.0
2276,124.12,115.99,0,0,14,0,7,0.366,Electronics,46,0,4.41,157,19487.42
2277,151.28,173.14,5,1,15,0,1,1.366,Food,68,0,4.6,128,19364.2
2278,106.19,112.66,6,1,7,0,10,-1.7321,Electronics,72,0,2.18,99,10512.86
2279,130.48,143.92,1,0,23,0,5,-0.366,Clothing,54,0,2.4,92,12004.14
2280,23.48,21.92,2,0,20,1,1,1.366,Clothing,33,0,2.34,265,6221.44
2281,58.33,57.91,1,0,7,0,6,-0.0,Books,67,0,1.51,142,8283.48
2282,78.75,101.9,1,0,6,0,7,0.366,Food,84,0,3.98,149,11734.06
2283,99.77,82.65,2,0,5,0,8,0.0,Food,35,0,2.48,86,8580.54
2284,18.67,17.75,4,0,6,0,12,-0.0,Toys,39,0,4.34,211,3940.06
2285,36.6,32.03,1,0,22,0,3,1.0,Books,47,0,4.51,227,8309.24
2286,62.59,72.55,5,1,18,1,3,1.0,Food,71,0,4.65,216,13520.46
2287,194.59,225.42,1,0,21,1,11,-1.366,Clothing,91,1,4.27,148,28799.5
2288,72.96,63.87,0,0,21,1,1,1.366,Books,5,0,4.16,241,17582.38
2289,101.59,76.07,5,1,0,0,12,-0.0,Toys,37,0,2.8,111,11276.25
2290,47.26,33.41,0,0,12,1,3,1.0,Toys,1,0,1.11,256,12098.19
2291,126.05,120.56,5,1,6,0,5,-0.366,Clothing,86,0,1.45,100,12604.82
2292,63.33,59.92,3,0,0,0,6,-0.0,Food,56,0,3.12,134,8486.19
2293,49.33,63.78,2,0,9,1,3,1.0,Clothing,7,1,2.44,281,13861.33
2294,108.15,106.19,5,1,12,1,4,0.0,Toys,64,1,4.32,228,24657.93
2295,11.05,9.43,5,1,3,0,5,-0.366,Books,8,0,3.25,184,2032.48
2296,11.46,14.15,4,0,6,0,5,-0.366,Food,94,0,1.4,140,1603.86
2297,51.62,51.35,4,0,5,0,9,-1.0,Clothing,64,0,2.91,121,6246.39
2298,16.98,17.99,3,0,5,0,8,0.0,Food,57,0,4.29,199,3378.43
2299,30.52,23.12,4,0,20,1,1,1.366,Books,28,0,4.45,283,8638.54
2300,74.38,69.16,6,1,10,1,2,1.7321,Toys,26,0,1.66,216,16066.84
2301,162.49,205.8,6,1,22,0,12,-0.0,Clothing,34,0,1.4,71,11536.88
2302,118.69,125.06,4,0,8,0,5,-0.366,Toys,96,1,2.55,162,19227.66
2303,107.41,97.39,6,1,21,1,12,-0.0,Clothing,22,0,1.26,129,13855.49
2304,65.76,70.72,0,0,6,0,3,1.0,Food,20,0,3.91,186,12231.9
2305,187.03,233.09,6,1,8,0,7,0.366,Electronics,14,0,2.79,141,26371.68
2306,85.43,73.85,4,0,22,0,11,-1.366,Clothing,23,0,1.79,67,5724.0
2307,26.55,26.63,4,0,5,0,6,-0.0,Clothing,67,0,1.41,166,4406.91
2308,127.24,162.26,6,1,18,1,2,1.7321,Toys,19,0,4.71,265,33719.3
2309,31.63,25.41,3,0,13,0,8,0.0,Electronics,78,0,1.17,147,4649.51
2310,75.59,85.56,3,0,0,0,5,-0.366,Electronics,39,0,1.39,145,10960.9
2311,106.41,113.72,1,0,15,0,6,-0.0,Electronics,37,0,1.94,133,14152.3
2312,176.1,195.09,4,0,8,0,8,0.0,Electronics,99,0,1.38,103,18138.53
2313,103.77,94.51,4,0,22,0,6,-0.0,Books,1,0,3.58,130,13490.6
2314,143.43,127.41,5,1,14,0,10,-1.7321,Food,19,0,1.87,0,0.0
2315,198.64,220.59,4,0,18,1,3,1.0,Clothing,15,0,2.92,155,30788.46
2316,34.98,29.01,0,0,9,1,7,0.366,Food,89,0,4.44,242,8465.87
2317,62.2,59.2,6,1,15,0,4,0.0,Food,1,0,4.3,145,9018.85
2318,84.97,69.07,5,1,2,0,6,-0.0,Food,31,0,1.58,89,7562.28
2319,90.15,63.55,4,0,18,1,6,-0.0,Food,52,0,1.35,120,10817.68
2320,88.09,112.94,0,0,12,1,11,-1.366,Books,43,0,3.66,167,14711.7
2321,182.45,174.97,1,0,13,0,5,-0.366,Toys,46,0,1.84,32,5838.27
2322,145.67,186.69,5,1,6,0,1,1.366,Books,86,1,4.13,212,30881.23
2323,125.5,98.42,6,1,1,0,8,0.0,Clothing,50,1,2.74,128,16064.25
2324,68.78,72.39,6,1,13,0,10,-1.7321,Electronics,20,0,1.62,118,8116.14
2325,166.52,136.64,2,0,22,0,2,1.7321,Toys,62,1,4.9,204,33970.12
2326,191.46,224.78,4,0,22,0,4,0.0,Clothing,43,1,1.22,98,18763.23
2327,166.03,194.29,5,1,16,0,12,-0.0,Electronics,5,1,1.5,166,27560.59
2328,10.3,7.9,6,1,12,1,3,1.0,Books,79,0,4.25,273,2811.18
2329,130.92,163.28,3,0,1,0,6,-0.0,Food,66,1,2.81,117,15317.2
2330,19.72,16.1,5,1,4,0,11,-1.366,Clothing,12,0,4.75,177,3489.68
2331,58.95,62.94,3,0,3,0,1,1.366,Food,57,0,1.45,156,9195.48
2332,21.31,27.52,4,0,2,0,9,-1.0,Food,60,0,1.63,138,2940.74
2333,124.72,153.34,0,0,13,0,5,-0.366,Food,55,0,1.01,56,6984.38
2334,140.45,178.93,3,0,10,1,5,-0.366,Toys,71,0,1.87,133,18680.13
2335,31.75,28.75,5,1,7,0,4,0.0,Electronics,66,1,3.63,232,7366.62
2336,82.93,63.3,5,1,22,0,4,0.0,Food,72,1,3.89,179,14844.36
2337,96.68,78.61,6,1,8,0,1,1.366,Clothing,73,1,2.72,195,18853.56
2338,80.12,80.14,3,0,15,0,9,-1.0,Toys,27,1,2.03,151,12098.13
2339,32.99,38.8,1,0,2,0,9,-1.0,Electronics,28,0,3.87,190,6269.0
2340,89.6,70.79,6,1,9,1,4,0.0,Clothing,37,0,1.69,141,12633.61
2341,152.72,167.36,1,0,0,0,10,-1.7321,Toys,79,1,4.07,119,18174.14
2342,23.49,21.0,1,0,8,0,10,-1.7321,Toys,19,0,4.15,154,3617.68
2343,25.23,22.83,3,0,15,0,4,0.0,Electronics,94,1,2.76,235,5930.04
2344,77.41,84.93,3,0,8,0,12,-0.0,Food,51,0,1.77,88,6811.78
2345,188.93,185.19,5,1,11,1,7,0.366,Clothing,13,1,3.52,175,33062.38
2346,137.03,162.68,4,0,0,0,4,0.0,Books,45,0,4.41,105,14388.02
2347,138.95,110.26,4,0,15,0,1,1.366,Food,6,0,3.12,103,14311.57
2348,78.76,92.47,0,0,7,0,11,-1.366,Books,94,1,2.84,149,11735.95
2349,122.8,90.69,3,0,13,0,9,-1.0,Clothing,1,0,4.92,99,12156.76
2350,11.92,9.74,6,1,13,0,2,1.7321,Books,25,0,3.15,275,3279.35
2351,130.86,143.12,6,1,9,1,5,-0.366,Books,99,0,1.14,108,14132.69
2352,183.52,222.61,4,0,0,0,4,0.0,Electronics,26,0,3.01,129,23674.66
2353,126.39,107.63,4,0,5,0,8,0.0,Electronics,13,0,2.78,133,16809.73
2354,176.0,157.75,1,0,8,0,6,-0.0,Electronics,19,1,2.17,129,22704.35
2355,147.55,150.84,1,0,18,1,7,0.366,Books,10,0,2.27,125,18444.36
2356,32.91,27.21,6,1,21,1,2,1.7321,Books,45,0,4.72,280,9213.71
2357,181.47,215.34,6,1,15,0,4,0.0,Toys,71,0,1.53,89,16150.49
2358,22.62,26.34,1,0,18,1,4,0.0,Toys,15,0,4.06,232,5248.84
2359,111.45,87.73,2,0,10,1,12,-0.0,Electronics,87,0,4.61,173,19281.51
2360,37.01,36.2,4,0,20,1,2,1.7321,Toys,100,0,2.04,267,9880.62
2361,12.22,14.24,1,0,10,1,10,-1.7321,Food,31,0,1.27,174,2127.02
2362,90.19,81.38,1,0,13,0,4,0.0,Toys,8,0,2.23,120,10822.38
2363,66.06,71.33,3,0,6,0,9,-1.0,Toys,30,1,2.73,195,12881.26
2364,102.34,74.72,6,1,11,1,8,0.0,Food,98,0,4.81,144,14736.97
2365,119.67,127.47,5,1,19,1,11,-1.366,Food,97,0,2.72,71,8496.43
2366,18.31,14.49,1,0,19,1,1,1.366,Clothing,1,0,1.37,269,4925.5
2367,33.37,39.99,3,0,22,0,8,0.0,Books,16,0,1.59,145,4838.74
2368,116.14,106.07,0,0,4,0,11,-1.366,Books,11,0,2.41,66,7665.38
2369,75.2,65.35,1,0,0,0,9,-1.0,Electronics,27,0,1.74,121,9099.42
2370,148.54,178.92,5,1,10,1,8,0.0,Clothing,86,0,1.24,114,16933.9
2371,133.94,97.78,3,0,14,0,10,-1.7321,Clothing,40,0,1.7,2,267.87
2372,170.66,160.08,5,1,9,1,1,1.366,Clothing,83,1,1.42,154,26282.38
2373,141.57,130.53,1,0,14,0,8,0.0,Clothing,44,0,1.81,75,10618.02
2374,91.69,79.85,0,0,12,1,12,-0.0,Toys,70,1,4.99,236,21638.11
2375,137.86,171.92,1,0,14,0,5,-0.366,Clothing,57,1,2.78,150,20679.55
2376,62.32,71.71,3,0,1,0,9,-1.0,Electronics,48,1,3.63,191,11903.58
2377,68.2,50.36,0,0,21,1,9,-1.0,Books,40,0,1.66,149,10161.74
2378,159.91,180.51,0,0,12,1,6,-0.0,Clothing,39,0,4.4,138,22067.19
2379,94.82,96.37,0,0,11,1,3,1.0,Books,84,0,2.07,204,19343.22
2380,161.69,200.58,2,0,22,0,12,-0.0,Food,3,1,4.93,132,21343.38
2381,166.26,147.6,3,0,3,0,7,0.366,Electronics,55,0,4.35,125,20782.53
2382,172.94,180.63,2,0,11,1,3,1.0,Food,1,0,4.8,139,24038.22
2383,184.16,184.24,5,1,14,0,7,0.366,Clothing,23,0,3.67,80,14732.86
2384,91.89,91.31,0,0,12,1,8,0.0,Toys,67,0,3.63,220,20215.18
2385,70.58,68.73,2,0,1,0,5,-0.366,Toys,62,0,4.36,130,9176.01
2386,120.62,99.31,1,0,19,1,5,-0.366,Electronics,34,0,3.86,187,22555.52
2387,80.52,92.88,2,0,15,0,4,0.0,Clothing,17,0,3.42,160,12883.64
2388,124.2,120.58,4,0,13,0,3,1.0,Clothing,48,0,2.43,130,16146.53
2389,144.06,183.69,5,1,20,1,12,-0.0,Clothing,91,0,1.89,126,18151.73
2390,140.8,120.59,0,0,1,0,8,0.0,Clothing,53,0,4.13,120,16895.63
2391,81.17,90.06,0,0,16,0,11,-1.366,Electronics,61,0,2.54,99,8035.34
2392,41.7,52.73,6,1,15,0,6,-0.0,Electronics,87,0,1.24,172,7172.99
2393,91.8,100.8,5,1,3,0,6,-0.0,Electronics,11,0,2.92,147,13494.68
2394,37.09,45.36,5,1,10,1,2,1.7321,Toys,15,1,3.63,346,12834.14
2395,179.12,214.31,3,0,12,1,4,0.0,Clothing,90,0,1.09,97,17374.49
2396,75.72,69.36,1,0,5,0,5,-0.366,Food,11,0,3.82,129,9767.46
2397,39.35,41.71,6,1,16,0,11,-1.366,Books,7,1,1.9,165,6492.31
2398,14.84,11.78,5,1,0,0,10,-1.7321,Electronics,47,0,1.89,115,1706.03
2399,132.71,135.53,6,1,8,0,5,-0.366,Electronics,8,0,3.25,109,14464.98
2400,131.01,109.82,5,1,20,1,3,1.0,Toys,5,0,2.35,187,24499.14
2401,74.71,85.64,6,1,17,1,10,-1.7321,Toys,81,0,2.8,151,11281.93
2402,23.63,24.02,3,0,10,1,5,-0.366,Books,87,0,3.05,200,4725.05
2403,87.83,83.15,5,1,13,0,5,-0.366,Toys,66,1,4.68,191,16775.43
2404,69.13,59.54,2,0,1,0,2,1.7321,Electronics,91,0,1.82,182,12581.9
2405,138.65,180.14,4,0,19,1,5,-0.366,Clothing,63,0,2.86,135,18718.14
2406,125.1,92.95,4,0,10,1,3,1.0,Clothing,21,0,4.14,177,22142.36
2407,79.27,57.56,4,0,1,0,3,1.0,Toys,71,0,1.82,140,11098.19
2408,51.4,42.68,5,1,3,0,5,-0.366,Books,90,0,1.33,126,6476.35
2409,197.73,253.61,6,1,12,1,9,-1.0,Clothing,94,0,1.07,86,17004.51
2410,96.26,123.94,4,0,5,0,2,1.7321,Electronics,12,0,1.41,207,19925.88
2411,140.77,153.86,1,0,6,0,9,-1.0,Clothing,11,1,2.1,97,13654.89
2412,36.71,45.08,2,0,21,1,3,1.0,Books,54,0,2.64,241,8845.92
2413,102.26,84.71,4,0,19,1,12,-0.0,Toys,81,0,3.38,194,19838.84
2414,15.23,19.55,0,0,2,0,7,0.366,Food,10,1,1.8,260,3960.31
2415,106.04,83.31,5,1,3,0,12,-0.0,Clothing,16,0,2.08,99,10497.61
2416,193.16,146.93,2,0,20,1,1,1.366,Electronics,15,0,3.8,167,32258.27
2417,83.0,63.69,1,0,19,1,1,1.366,Books,58,0,4.64,233,19338.83
2418,17.41,18.17,4,0,2,0,8,0.0,Clothing,79,0,1.54,167,2907.34
2419,15.88,18.56,1,0,0,0,9,-1.0,Food,84,0,2.89,132,2096.37
2420,83.72,77.02,5,1,18,1,3,1.0,Toys,4,0,2.18,217,18166.69
2421,40.4,51.99,4,0,20,1,6,-0.0,Clothing,96,0,3.11,205,8282.97
2422,14.44,13.87,0,0,12,1,3,1.0,Books,22,0,1.48,237,3421.54
2423,153.68,121.45,2,0,13,0,6,-0.0,Clothing,35,0,2.08,64,9835.56
2424,97.12,95.14,6,1,21,1,7,0.366,Toys,14,0,3.84,188,18258.44
2425,64.96,71.93,0,0,15,0,5,-0.366,Books,94,0,4.28,164,10652.87
2426,181.02,217.1,4,0,3,0,3,1.0,Food,31,0,3.49,90,16291.42
2427,32.07,31.27,3,0,16,0,8,0.0,Electronics,74,0,4.78,212,6798.08
2428,191.62,202.39,2,0,9,1,5,-0.366,Toys,70,0,3.61,137,26252.57
2429,69.65,59.93,1,0,6,0,1,1.366,Clothing,91,1,3.99,244,16995.5
2430,178.8,194.45,4,0,12,1,12,-0.0,Food,11,0,2.43,60,10727.8
2431,124.56,160.88,0,0,12,1,9,-1.0,Books,36,0,1.68,101,12580.47
2432,167.07,121.87,5,1,21,1,3,1.0,Books,74,0,3.63,104,17375.74
2433,196.96,242.64,6,1,13,0,2,1.7321,Books,80,0,4.68,112,22059.8
2434,64.8,67.22,3,0,5,0,3,1.0,Clothing,24,0,4.93,188,12181.84
2435,192.62,163.97,6,1,15,0,7,0.366,Toys,85,1,2.8,129,24847.43
2436,84.0,106.93,5,1,8,0,12,-0.0,Food,40,0,3.16,130,10920.2
2437,83.25,82.42,4,0,19,1,11,-1.366,Books,100,0,2.24,135,11238.38
2438,74.67,67.13,1,0,15,0,12,-0.0,Electronics,42,0,3.69,146,10902.34
2439,112.87,91.3,0,0,20,1,10,-1.7321,Toys,87,0,4.06,108,12189.68
2440,39.29,33.26,2,0,20,1,8,0.0,Food,21,0,1.16,224,8800.41
2441,115.21,138.21,3,0,11,1,2,1.7321,Food,96,0,4.39,227,26151.58
2442,112.92,120.68,4,0,15,0,7,0.366,Books,81,0,3.06,160,18067.83
2443,154.76,193.13,4,0,4,0,11,-1.366,Electronics,51,0,3.32,135,20892.78
2444,168.39,141.31,4,0,23,0,5,-0.366,Books,81,1,1.82,78,13134.69
2445,93.68,72.39,4,0,10,1,9,-1.0,Toys,55,0,1.04,123,11523.11
2446,67.44,47.46,0,0,0,0,7,0.366,Clothing,85,0,4.81,172,11600.25
2447,59.27,59.55,2,0,9,1,1,1.366,Toys,4,0,4.71,256,15174.05
2448,46.98,61.02,1,0,10,1,1,1.366,Electronics,62,0,4.1,300,14093.56
2449,20.95,23.4,3,0,14,0,6,-0.0,Clothing,87,0,2.89,201,4211.56
2450,75.07,66.44,6,1,2,0,9,-1.0,Food,25,0,2.27,105,7881.84
2451,61.35,75.22,4,0,23,0,1,1.366,Books,96,0,1.62,166,10183.61
2452,193.62,226.35,5,1,14,0,3,1.0,Toys,70,0,1.32,94,18200.21
2453,115.96,82.25,4,0,10,1,5,-0.366,Books,14,0,2.83,122,14147.69
2454,75.98,90.43,2,0,8,0,4,0.0,Toys,41,1,4.17,202,15348.49
2455,120.29,105.89,2,0,1,0,1,1.366,Books,57,0,3.9,146,17562.17
2456,36.45,28.79,0,0,11,1,10,-1.7321,Clothing,38,0,4.02,148,5394.21
2457,94.37,78.87,0,0,19,1,4,0.0,Books,62,0,1.47,122,11512.93
2458,128.98,126.55,5,1,15,0,4,0.0,Electronics,41,0,4.45,175,22572.29
2459,102.89,98.25,5,1,23,0,11,-1.366,Electronics,45,0,4.22,157,16153.82
2460,86.34,75.4,0,0,15,0,12,-0.0,Books,80,0,1.38,123,10619.57
2461,198.83,159.73,3,0,20,1,10,-1.7321,Food,96,0,2.43,0,0.0
2462,177.26,205.15,5,1,0,0,4,0.0,Electronics,16,0,2.5,123,21802.96
2463,128.45,166.22,0,0,15,0,3,1.0,Toys,19,1,3.94,234,30056.63
2464,118.18,137.88,4,0,5,0,7,0.366,Books,37,0,4.44,152,17963.62
2465,127.93,112.26,0,0,13,0,1,1.366,Books,85,1,2.5,176,22514.89
2466,48.25,40.86,6,1,10,1,2,1.7321,Electronics,79,0,1.52,262,12641.32
2467,85.08,70.66,3,0,0,0,1,1.366,Food,61,0,1.33,138,11740.51
2468,17.5,13.68,0,0,19,1,4,0.0,Toys,26,0,3.56,219,3831.91
2469,100.35,103.44,0,0,16,0,5,-0.366,Electronics,94,0,2.99,149,14952.71
2470,113.17,120.33,4,0,22,0,11,-1.366,Electronics,79,0,4.61,142,16070.8
2471,53.27,59.84,5,1,18,1,10,-1.7321,Clothing,64,0,4.81,177,9429.22
2472,193.17,214.05,4,0,1,0,5,-0.366,Electronics,13,0,4.59,111,21441.37
2473,182.8,160.02,6,1,13,0,2,1.7321,Toys,91,1,1.3,158,28881.83
2474,147.21,132.22,6,1,7,0,11,-1.366,Clothing,87,1,2.14,77,11334.96
2475,111.34,123.47,4,0,22,0,3,1.0,Food,34,0,1.96,104,11579.72
2476,175.29,159.46,0,0,21,1,4,0.0,Food,98,0,1.27,31,5434.12
2477,34.82,28.82,4,0,5,0,10,-1.7321,Electronics,23,0,4.67,133,4631.58
2478,160.2,148.12,2,0,8,0,6,-0.0,Toys,20,1,4.58,162,25951.89
2479,33.72,29.11,1,0,4,0,6,-0.0,Food,54,0,2.56,182,6136.3
2480,160.9,121.16,1,0,4,0,12,-0.0,Toys,73,0,4.83,110,17699.0
2481,62.4,74.76,4,0,17,1,2,1.7321,Toys,58,0,3.25,267,16659.69
2482,176.65,214.07,5,1,21,1,2,1.7321,Clothing,59,0,2.74,194,34269.56
2483,189.37,157.53,3,0,13,0,9,-1.0,Electronics,20,0,3.2,85,16096.28
2484,38.27,28.28,6,1,11,1,12,-0.0,Toys,39,0,2.69,226,8649.3
2485,97.91,111.94,4,0,11,1,2,1.7321,Toys,78,1,2.17,277,27120.62
2486,196.39,162.4,5,1,21,1,2,1.7321,Toys,90,1,1.72,178,34956.99
2487,101.85,95.34,4,0,5,0,3,1.0,Electronics,91,1,2.84,256,26072.94
2488,174.07,128.55,0,0,3,0,9,-1.0,Clothing,98,0,3.12,32,5570.37
2489,121.86,101.85,6,1,14,0,6,-0.0,Toys,93,1,4.29,190,23153.21
2490,81.31,95.6,6,1,22,0,11,-1.366,Books,32,0,2.89,82,6667.64
2491,64.3,76.04,5,1,14,0,12,-0.0,Clothing,41,0,4.32,196,12602.58
2492,48.61,40.07,6,1,16,0,6,-0.0,Electronics,69,1,4.82,229,11132.24
2493,154.74,139.51,3,0,2,0,12,-0.0,Food,68,0,3.89,44,6808.63
2494,83.44,65.13,4,0,9,1,10,-1.7321,Toys,87,0,1.48,96,8010.5
2495,107.14,79.77,2,0,20,1,5,-0.366,Books,21,0,2.85,128,13714.22
2496,103.54,134.12,5,1,21,1,7,0.366,Food,97,1,4.43,232,24021.71
2497,119.68,130.86,1,0,7,0,11,-1.366,Food,24,1,2.97,97,11609.25
2498,174.46,178.87,5,1,8,0,4,0.0,Toys,16,0,4.24,104,18143.8
2499,196.34,227.62,2,0,23,0,10,-1.7321,Toys,32,1,4.1,83,16296.26
2500,87.44,105.28,6,1,2,0,10,-1.7321,Food,83,1,1.64,119,10405.48
2501,167.23,198.0,2,0,0,0,3,1.0,Books,26,0,2.32,134,22408.63
2502,155.26,110.22,6,1,10,1,7,0.366,Clothing,3,0,4.06,122,18941.75
2503,118.97,96.61,2,0,12,1,10,-1.7321,Toys,99,0,1.64,74,8803.82
2504,191.65,209.46,3,0,11,1,1,1.366,Toys,82,0,2.69,161,30855.48
2505,48.09,44.51,3,0,20,1,6,-0.0,Electronics,7,0,1.55,199,9569.94
2506,30.76,39.66,5,1,6,0,11,-1.366,Toys,96,0,1.94,115,3537.42
2507,172.25,189.35,3,0,1,0,11,-1.366,Electronics,88,0,2.14,54,9301.65
2508,93.44,119.03,1,0,0,0,11,-1.366,Food,16,1,3.12,152,14202.65
2509,170.92,140.31,6,1,19,1,2,1.7321,Books,53,1,4.65,179,30595.41
2510,179.69,218.93,0,0,2,0,2,1.7321,Electronics,88,0,2.54,181,32523.37
2511,21.87,19.52,5,1,3,0,11,-1.366,Electronics,4,0,4.4,149,3258.17
2512,177.86,230.1,4,0,16,0,8,0.0,Clothing,45,1,3.78,175,31125.2
2513,95.18,75.63,4,0,17,1,3,1.0,Food,32,0,4.12,160,15228.9
2514,106.98,108.03,5,1,16,0,9,-1.0,Electronics,98,0,4.05,117,12516.91
2515,129.05,151.73,0,0,18,1,4,0.0,Electronics,83,0,2.21,161,20777.46
2516,186.01,178.5,4,0,3,0,6,-0.0,Food,78,0,1.95,0,0.0
2517,13.63,13.37,5,1,16,0,1,1.366,Toys,58,0,4.91,234,3189.9
2518,100.6,129.96,5,1,21,1,11,-1.366,Books,13,1,3.95,202,20321.25
2519,140.67,134.36,2,0,1,0,10,-1.7321,Food,22,0,2.46,12,1688.01
2520,147.31,156.51,1,0,9,1,10,-1.7321,Clothing,95,0,3.22,132,19445.49
2521,141.58,103.74,4,0,11,1,3,1.0,Clothing,44,0,4.1,130,18405.55
2522,35.54,42.84,1,0,12,1,4,0.0,Books,44,0,1.22,209,7428.42
2523,66.89,72.83,6,1,10,1,5,-0.366,Clothing,30,0,1.4,162,10835.4
2524,78.16,73.66,5,1,20,1,1,1.366,Food,23,0,1.1,196,15318.57
2525,162.84,115.57,0,0,7,0,4,0.0,Toys,12,0,1.66,56,9119.21
2526,62.96,66.43,5,1,19,1,5,-0.366,Clothing,14,0,1.48,186,11711.37
2527,50.03,35.4,4,0,4,0,4,0.0,Food,36,1,2.85,223,11157.57
2528,191.92,134.48,1,0,1,0,10,-1.7321,Clothing,45,1,2.15,11,2111.07
2529,11.68,12.5,2,0,11,1,10,-1.7321,Electronics,72,1,1.18,199,2325.12
2530,199.59,162.35,2,0,1,0,7,0.366,Electronics,24,0,2.8,77,15368.12
2531,138.6,112.97,5,1,5,0,8,0.0,Toys,3,0,3.31,85,11780.66
2532,167.41,182.8,0,0,21,1,12,-0.0,Electronics,78,1,2.48,202,33816.65
2533,65.98,48.31,6,1,18,1,8,0.0,Electronics,51,0,2.04,182,12007.94
2534,12.72,11.3,3,0,11,1,3,1.0,Clothing,75,0,2.56,257,3269.02
2535,150.2,118.6,4,0,12,1,5,-0.366,Clothing,55,0,3.08,99,14869.33
2536,168.49,176.59,5,1,16,0,10,-1.7321,Books,38,1,2.74,56,9435.3
2537,150.69,165.32,2,0,11,1,8,0.0,Toys,92,1,1.37,187,28179.12
2538,37.14,42.07,2,0,2,0,7,0.366,Electronics,87,0,2.83,190,7056.9
2539,153.15,130.66,0,0,23,0,9,-1.0,Books,82,1,3.88,112,17152.95
2540,156.1,117.63,2,0,7,0,10,-1.7321,Clothing,20,0,4.28,47,7336.48
2541,135.12,100.97,4,0,15,0,7,0.366,Books,97,0,2.76,74,9999.08
2542,155.56,148.67,0,0,3,0,2,1.7321,Electronics,2,0,4.98,184,28623.41
2543,170.73,216.4,1,0,23,0,4,0.0,Books,26,0,4.37,96,16389.61
2544,126.58,105.15,0,0,12,1,12,-0.0,Food,2,1,1.86,152,19240.89
2545,26.83,22.92,6,1,7,0,12,-0.0,Toys,67,0,2.83,210,5635.33
2546,102.65,78.07,4,0,0,0,8,0.0,Electronics,84,0,2.18,129,13241.76
2547,24.75,26.32,6,1,2,0,9,-1.0,Food,74,1,3.2,195,4826.91
2548,87.43,96.87,4,0,0,0,7,0.366,Books,42,0,1.9,105,9180.48
2549,87.35,94.84,1,0,14,0,5,-0.366,Electronics,85,0,1.14,142,12403.73
2550,22.54,27.43,5,1,17,1,1,1.366,Books,40,0,4.62,278,6266.64
2551,76.28,75.65,0,0,19,1,9,-1.0,Toys,9,0,3.08,177,13500.83
2552,31.09,24.27,4,0,2,0,12,-0.0,Toys,2,0,4.66,225,6995.17
2553,163.56,142.9,4,0,14,0,6,-0.0,Clothing,28,0,1.47,43,7033.28
2554,190.06,208.58,1,0,21,1,2,1.7321,Food,3,0,1.61,125,23757.59
2555,23.74,25.35,3,0,4,0,11,-1.366,Toys,16,0,1.91,145,3442.32
2556,191.47,195.03,0,0,20,1,10,-1.7321,Food,4,0,2.83,2,382.94
2557,109.29,121.29,4,0,9,1,10,-1.7321,Books,23,0,4.52,106,11584.69
2558,66.92,72.43,2,0,6,0,2,1.7321,Food,94,0,3.6,181,12112.06
2559,24.6,30.23,1,0,22,0,10,-1.7321,Electronics,77,0,1.22,114,2804.83
2560,105.12,110.54,3,0,7,0,1,1.366,Clothing,6,0,2.63,168,17659.93
2561,160.96,187.86,3,0,2,0,12,-0.0,Food,74,0,3.89,84,13520.47
2562,144.35,122.58,1,0,17,1,4,0.0,Food,55,0,2.29,102,14723.34
2563,19.54,21.63,3,0,16,0,10,-1.7321,Toys,81,0,2.97,132,2579.67
2564,23.85,29.61,4,0,15,0,11,-1.366,Electronics,8,1,3.85,189,4507.9
2565,86.55,80.61,3,0,21,1,2,1.7321,Toys,73,0,4.86,239,20684.48
2566,66.11,77.18,0,0,12,1,10,-1.7321,Food,98,0,2.33,119,7866.52
2567,54.15,61.46,2,0,3,0,11,-1.366,Books,81,0,3.98,120,6498.36
2568,63.39,46.64,4,0,2,0,9,-1.0,Toys,86,0,3.99,151,9572.02
2569,162.66,170.62,1,0,10,1,2,1.7321,Toys,64,1,3.17,235,38225.5
2570,186.55,145.16,2,0,1,0,11,-1.366,Electronics,67,0,4.25,31,5783.15
2571,86.97,111.36,5,1,17,1,9,-1.0,Toys,41,0,3.14,184,16002.39
2572,182.16,216.2,4,0,3,0,1,1.366,Toys,40,0,3.5,156,28417.13
2573,71.08,54.44,2,0,16,0,7,0.366,Clothing,93,0,4.35,150,10662.63
2574,100.52,77.71,3,0,5,0,6,-0.0,Food,27,0,2.91,90,9047.07
2575,52.95,55.95,5,1,9,1,6,-0.0,Electronics,39,0,2.91,202,10694.99
2576,131.69,119.43,1,0,10,1,2,1.7321,Toys,53,0,3.36,232,30552.18
2577,196.01,141.31,1,0,4,0,1,1.366,Food,40,1,4.22,62,12152.4
2578,124.66,127.78,0,0,17,1,10,-1.7321,Electronics,52,0,1.51,100,12466.37
2579,77.98,72.74,3,0,9,1,8,0.0,Toys,37,0,4.08,191,14895.07
2580,133.09,101.23,0,0,8,0,8,0.0,Books,67,1,2.18,126,16768.75
2581,33.35,39.4,0,0,15,0,2,1.7321,Clothing,19,0,1.28,230,7671.63
2582,178.85,223.39,3,0,9,1,4,0.0,Electronics,34,0,4.17,202,36126.74
2583,105.59,121.84,4,0,9,1,4,0.0,Books,78,1,1.58,207,21856.29
2584,95.38,113.83,5,1,3,0,2,1.7321,Electronics,85,0,1.85,176,16786.26
2585,121.31,100.68,6,1,20,1,11,-1.366,Electronics,66,0,3.82,128,15528.23
2586,128.71,110.45,0,0,23,0,9,-1.0,Clothing,10,1,3.26,128,16474.74
2587,23.64,19.5,2,0,13,0,12,-0.0,Books,52,1,4.68,254,6003.9
2588,139.7,161.91,5,1,7,0,4,0.0,Toys,42,1,4.82,178,24866.11
2589,55.97,71.01,4,0,0,0,4,0.0,Food,60,0,2.26,138,7723.45
2590,145.65,164.6,3,0,15,0,4,0.0,Books,81,0,2.3,81,11797.73
2591,166.28,204.34,1,0,16,0,5,-0.366,Electronics,2,0,1.84,147,24443.4
2592,162.75,176.3,4,0,9,1,10,-1.7321,Books,91,0,3.07,66,10741.64
2593,114.98,107.23,0,0,5,0,12,-0.0,Food,1,0,2.51,84,9657.92
2594,108.83,103.98,2,0,6,0,12,-0.0,Books,50,0,1.06,78,8488.92
2595,37.15,27.68,5,1,17,1,8,0.0,Food,36,0,2.58,194,7206.41
2596,157.32,113.09,3,0,1,0,4,0.0,Clothing,97,1,1.25,75,11798.68
2597,61.57,68.79,1,0,20,1,3,1.0,Electronics,22,0,4.2,240,14776.27
2598,104.37,100.52,5,1,8,0,11,-1.366,Toys,99,0,4.72,110,11480.93
2599,64.01,66.02,2,0,4,0,1,1.366,Books,98,0,2.18,184,11778.22
2600,35.43,36.65,6,1,7,0,2,1.7321,Clothing,82,1,3.6,304,10769.93
2601,129.62,112.3,1,0,23,0,4,0.0,Books,36,0,1.35,56,7258.49
2602,20.32,20.03,3,0,4,0,9,-1.0,Clothing,3,0,2.45,158,3211.05
2603,152.24,149.57,5,1,23,0,1,1.366,Food,44,0,3.3,119,18116.87
2604,70.34,65.63,4,0,14,0,6,-0.0,Clothing,16,0,1.42,148,10410.54
2605,10.03,11.95,0,0,7,0,6,-0.0,Food,11,0,2.51,212,2125.43
2606,107.11,103.98,3,0,4,0,10,-1.7321,Clothing,10,0,4.82,65,6962.44
2607,18.9,20.08,2,0,4,0,3,1.0,Books,51,0,1.66,212,4007.19
2608,62.47,77.3,4,0,19,1,10,-1.7321,Toys,42,0,3.48,141,8808.58
2609,144.33,176.04,5,1,16,0,9,-1.0,Electronics,85,0,4.33,166,23958.04
2610,21.91,27.04,1,0,8,0,10,-1.7321,Toys,25,0,4.08,162,3549.59
2611,169.47,146.09,4,0,1,0,3,1.0,Clothing,99,0,4.09,119,20167.44
2612,10.73,7.73,4,0,0,0,1,1.366,Food,6,0,1.24,204,2188.06
2613,56.9,48.74,2,0,21,1,2,1.7321,Books,44,1,4.89,316,17979.31
2614,150.77,130.75,0,0,20,1,4,0.0,Electronics,8,0,3.91,176,26535.83
2615,70.09,87.31,6,1,10,1,4,0.0,Electronics,34,0,4.82,223,15630.37
2616,29.36,31.99,4,0,14,0,2,1.7321,Books,41,0,4.92,250,7339.89
2617,78.44,58.76,4,0,0,0,10,-1.7321,Clothing,1,0,2.43,57,4471.33
2618,61.37,47.95,0,0,6,0,6,-0.0,Electronics,3,1,3.17,250,15343.68
2619,170.12,134.97,0,0,22,0,6,-0.0,Books,52,0,3.92,64,10887.38
2620,69.54,74.98,1,0,18,1,3,1.0,Clothing,91,0,4.4,229,15923.77
2621,159.9,182.48,5,1,23,0,1,1.366,Books,77,1,4.88,205,32778.92
2622,179.46,218.18,1,0,14,0,10,-1.7321,Electronics,43,0,4.9,74,13279.72
2623,92.43,116.86,0,0,5,0,9,-1.0,Toys,47,0,2.31,132,12200.14
2624,182.89,150.16,6,1,19,1,4,0.0,Electronics,83,0,3.72,141,25787.38
2625,81.69,72.37,3,0,9,1,9,-1.0,Electronics,19,0,1.59,126,10292.99
2626,193.17,163.08,0,0,11,1,5,-0.366,Toys,70,0,4.24,103,19897.01
2627,26.97,24.68,1,0,12,1,7,0.366,Clothing,47,0,1.64,231,6228.92
2628,140.53,175.5,2,0,14,0,3,1.0,Books,78,0,4.56,162,22766.45
2629,103.82,108.5,2,0,18,1,3,1.0,Clothing,5,0,4.92,221,22945.25
2630,83.65,95.61,5,1,16,0,8,0.0,Clothing,64,0,1.35,130,10874.93
2631,130.22,129.44,4,0,12,1,1,1.366,Books,45,0,3.05,159,20704.23
2632,143.73,103.1,6,1,1,0,8,0.0,Clothing,64,0,2.06,66,9486.37
2633,10.83,8.0,2,0,17,1,8,0.0,Food,45,0,2.88,234,2533.99
2634,41.72,42.67,1,0,10,1,3,1.0,Electronics,36,0,2.18,263,10972.65
2635,145.48,164.58,2,0,4,0,1,1.366,Food,9,0,1.26,76,11056.38
2636,136.61,113.28,6,1,3,0,9,-1.0,Books,23,0,2.58,37,5054.69
2637,193.55,219.32,6,1,1,0,4,0.0,Toys,32,0,1.82,84,16258.12
2638,154.6,183.41,3,0,15,0,7,0.366,Toys,93,0,3.2,97,14995.93
2639,190.65,180.57,0,0,6,0,9,-1.0,Books,45,0,3.72,13,2478.41
2640,143.48,164.7,0,0,7,0,3,1.0,Books,28,0,2.62,147,21091.96
2641,66.63,62.79,1,0,7,0,5,-0.366,Clothing,52,0,1.81,107,7129.4
2642,30.02,33.23,4,0,1,0,10,-1.7321,Electronics,11,0,1.77,133,3992.57
2643,158.55,183.66,6,1,14,0,11,-1.366,Food,19,0,1.01,1,158.55
2644,132.39,171.46,0,0,4,0,3,1.0,Books,64,0,3.81,153,20255.42
2645,19.16,17.38,2,0,18,1,5,-0.366,Toys,65,0,2.01,213,4080.09
2646,78.41,74.22,6,1,9,1,11,-1.366,Electronics,73,0,4.88,170,13329.63
2647,191.79,153.31,3,0,8,0,2,1.7321,Electronics,57,0,3.99,147,28193.42
2648,105.08,86.42,4,0,21,1,4,0.0,Clothing,66,1,2.18,196,20594.94
2649,92.22,102.92,4,0,19,1,12,-0.0,Toys,4,1,1.64,239,22040.23
2650,96.96,121.23,4,0,7,0,2,1.7321,Electronics,29,0,3.5,231,22398.44
2651,49.69,46.55,0,0,4,0,3,1.0,Toys,4,0,4.46,218,10831.92
2652,80.05,64.68,5,1,18,1,5,-0.366,Food,1,0,3.34,156,12488.48
2653,80.26,69.92,4,0,12,1,9,-1.0,Toys,92,0,1.04,121,9712.01
2654,19.95,19.41,1,0,13,0,3,1.0,Electronics,18,0,4.15,213,4248.81
2655,155.84,136.26,2,0,7,0,10,-1.7321,Toys,13,0,4.86,47,7324.38
2656,89.14,74.89,5,1,15,0,6,-0.0,Toys,70,0,1.19,122,10874.57
2657,166.21,189.75,3,0,21,1,4,0.0,Toys,49,1,4.24,228,37896.83
2658,171.57,120.9,2,0,4,0,4,0.0,Electronics,47,1,3.88,153,26249.62
2659,50.28,51.46,1,0,0,0,11,-1.366,Food,86,1,2.59,146,7340.72
2660,134.9,158.67,1,0,18,1,10,-1.7321,Toys,30,0,3.54,119,16052.76
2661,99.73,85.74,6,1,22,0,10,-1.7321,Food,27,0,1.64,23,2293.87
2662,177.23,188.21,5,1,18,1,5,-0.366,Electronics,72,1,3.88,219,38813.32
2663,50.99,56.16,2,0,16,0,11,-1.366,Books,28,0,3.32,105,5354.03
2664,138.78,151.69,0,0,23,0,7,0.366,Toys,2,0,1.35,135,18735.91
2665,125.47,121.4,6,1,22,0,11,-1.366,Food,20,1,4.47,111,13927.49
2666,66.11,60.02,1,0,20,1,4,0.0,Toys,75,0,1.51,169,11172.13
2667,35.95,43.2,4,0,9,1,8,0.0,Clothing,78,0,2.75,204,7334.65
2668,133.81,154.56,3,0,4,0,12,-0.0,Clothing,24,0,1.52,93,12444.47
2669,150.33,134.21,3,0,21,1,9,-1.0,Electronics,77,0,3.58,143,21497.69
2670,69.97,53.3,1,0,6,0,9,-1.0,Food,72,0,3.95,90,6297.23
2671,132.52,98.47,4,0,15,0,9,-1.0,Food,44,0,4.79,22,2915.4
2672,85.07,64.36,2,0,2,0,2,1.7321,Toys,21,0,2.01,175,14888.1
2673,145.51,152.74,3,0,11,1,3,1.0,Clothing,22,1,2.47,225,32739.59
2674,47.85,34.98,4,0,13,0,5,-0.366,Toys,73,1,2.55,172,8230.36
2675,179.14,161.61,4,0,19,1,12,-0.0,Toys,58,0,1.39,63,11285.87
2676,64.61,74.42,0,0,0,0,1,1.366,Electronics,11,0,4.23,239,15441.27
2677,79.88,70.02,1,0,6,0,4,0.0,Books,80,0,1.33,116,9266.0
2678,21.04,24.36,4,0,17,1,11,-1.366,Electronics,53,1,2.35,233,4901.73
2679,31.19,35.78,6,1,22,0,5,-0.366,Electronics,9,1,1.76,212,6611.71
2680,108.01,91.54,2,0,21,1,9,-1.0,Electronics,67,0,3.66,156,16850.15
2681,60.84,69.2,3,0,3,0,8,0.0,Toys,100,0,4.62,192,11681.78
2682,168.74,193.83,6,1,15,0,1,1.366,Toys,52,0,3.99,181,30542.16
2683,12.79,12.0,0,0,10,1,12,-0.0,Toys,13,0,4.1,251,3210.73
2684,82.03,67.78,2,0,17,1,3,1.0,Toys,1,1,1.31,251,20589.0
2685,74.1,75.04,3,0,22,0,3,1.0,Clothing,44,0,3.96,182,13485.41
2686,13.67,17.13,1,0,15,0,11,-1.366,Food,75,0,1.25,130,1777.39
2687,33.63,36.45,2,0,6,0,6,-0.0,Clothing,24,0,2.94,182,6120.66
2688,88.59,71.21,3,0,20,1,4,0.0,Food,5,0,3.77,163,14440.51
2689,103.64,115.01,0,0,2,0,4,0.0,Toys,66,0,2.02,133,13784.69
2690,86.82,83.02,6,1,4,0,1,1.366,Clothing,81,1,3.73,257,22311.47
2691,110.88,116.97,3,0,17,1,12,-0.0,Food,81,0,4.52,161,17851.38
2692,123.08,140.36,4,0,16,0,10,-1.7321,Books,20,0,4.51,56,6892.2
2693,11.89,11.99,0,0,0,0,12,-0.0,Electronics,64,0,1.77,181,2151.28
2694,98.18,116.67,2,0,15,0,11,-1.366,Food,15,0,2.1,84,8246.96
2695,193.06,218.8,5,1,14,0,4,0.0,Clothing,68,0,3.66,72,13900.67
2696,108.62,116.12,1,0,12,1,1,1.366,Clothing,54,0,4.37,212,23026.62
2697,138.73,109.67,6,1,6,0,5,-0.366,Books,11,1,2.82,111,15399.37
2698,69.25,83.21,0,0,2,0,3,1.0,Food,23,1,4.69,235,16274.72
2699,157.06,198.14,6,1,23,0,10,-1.7321,Electronics,1,0,3.3,111,17433.48
2700,156.86,122.69,0,0,22,0,5,-0.366,Clothing,42,0,2.05,41,6431.06
2701,109.05,108.28,0,0,12,1,3,1.0,Toys,47,1,1.08,249,27152.52
2702,195.44,167.17,3,0,15,0,5,-0.366,Toys,68,0,4.23,67,13094.66
2703,33.85,39.02,4,0,22,0,4,0.0,Food,38,0,1.37,139,4705.78
2704,13.22,14.98,5,1,0,0,9,-1.0,Books,2,0,1.31,134,1771.49
2705,156.33,122.65,1,0,0,0,6,-0.0,Electronics,45,0,4.11,115,17977.96
2706,163.36,200.31,6,1,15,0,12,-0.0,Food,27,1,1.13,99,16172.6
2707,32.84,26.55,1,0,1,0,10,-1.7321,Food,98,0,4.37,131,4301.96
2708,60.46,71.24,4,0,17,1,2,1.7321,Electronics,77,0,3.39,277,16747.62
2709,13.33,12.99,3,0,20,1,1,1.366,Clothing,61,0,3.55,288,3840.47
2710,65.73,58.96,3,0,22,0,1,1.366,Toys,82,1,4.75,260,17089.45
2711,156.9,124.72,4,0,17,1,1,1.366,Clothing,11,0,4.47,189,29653.52
2712,108.41,86.79,6,1,4,0,9,-1.0,Books,69,1,1.3,101,10949.66
2713,76.14,83.53,4,0,4,0,5,-0.366,Electronics,29,1,4.41,209,15912.88
2714,80.63,83.07,2,0,7,0,4,0.0,Clothing,25,1,3.67,159,12820.24
2715,10.26,7.93,3,0,8,0,10,-1.7321,Food,78,0,2.27,142,1456.52
2716,66.96,51.4,6,1,23,0,5,-0.366,Food,54,0,4.41,111,7432.79
2717,132.83,98.74,0,0,13,0,9,-1.0,Books,48,1,1.09,98,13017.06
2718,195.1,223.63,1,0,12,1,3,1.0,Books,46,1,4.35,148,28874.35
2719,170.94,192.67,3,0,17,1,3,1.0,Electronics,41,1,3.48,256,43761.04
2720,14.48,10.65,4,0,3,0,12,-0.0,Clothing,41,0,2.04,162,2346.25
2721,180.73,187.26,0,0,17,1,2,1.7321,Food,61,0,1.02,109,19699.19
2722,158.81,119.23,2,0,21,1,8,0.0,Electronics,11,1,3.09,185,29379.42
2723,158.27,196.61,5,1,19,1,7,0.366,Electronics,44,0,2.69,212,33553.55
2724,97.02,120.72,2,0,14,0,2,1.7321,Food,32,0,4.45,167,16202.21
2725,85.62,95.8,0,0,6,0,4,0.0,Clothing,49,0,4.15,157,13442.5
2726,67.55,84.83,6,1,12,1,7,0.366,Toys,6,0,3.36,226,15267.2
2727,22.48,26.68,6,1,1,0,1,1.366,Books,57,1,1.6,251,5642.99
2728,53.36,63.88,0,0,8,0,1,1.366,Clothing,6,0,3.9,233,12433.98
2729,56.85,59.23,6,1,4,0,8,0.0,Toys,47,0,3.37,150,8528.2
2730,101.97,90.11,4,0,0,0,6,-0.0,Toys,63,0,1.09,115,11727.08
2731,152.01,126.28,6,1,18,1,2,1.7321,Food,49,1,4.05,204,31010.95
2732,100.02,89.65,5,1,19,1,10,-1.7321,Toys,22,0,4.33,118,11802.82
2733,20.99,22.61,4,0,18,1,10,-1.7321,Books,67,0,4.1,197,4135.12
2734,191.98,154.27,1,0,21,1,1,1.366,Electronics,19,0,1.71,154,29564.93
2735,189.12,161.73,6,1,12,1,3,1.0,Clothing,55,0,3.01,109,20613.82
2736,159.19,156.14,5,1,5,0,12,-0.0,Books,34,1,3.11,122,19420.69
2737,198.35,166.58,5,1,9,1,4,0.0,Toys,41,0,4.74,99,19636.88
2738,113.45,119.49,1,0,10,1,5,-0.366,Electronics,7,0,4.7,193,21896.17
2739,192.93,241.91,2,0,22,0,11,-1.366,Electronics,57,0,1.25,43,8295.82
2740,24.36,27.99,0,0,15,0,10,-1.7321,Toys,16,0,5.0,169,4117.68
2741,79.48,87.42,2,0,22,0,3,1.0,Books,59,1,4.15,244,19392.96
2742,52.82,55.44,6,1,0,0,5,-0.366,Toys,38,0,2.5,186,9824.97
2743,47.21,46.87,6,1,18,1,12,-0.0,Clothing,9,0,3.97,214,10102.57
2744,36.75,29.84,4,0,4,0,7,0.366,Electronics,77,1,2.51,243,8930.87
2745,128.26,158.63,3,0,5,0,11,-1.366,Food,34,0,4.75,67,8593.33
2746,158.45,134.54,6,1,5,0,9,-1.0,Electronics,46,0,2.51,82,12992.99
2747,119.88,90.48,6,1,4,0,5,-0.366,Toys,37,0,4.06,135,16183.35
2748,37.92,43.61,4,0,5,0,4,0.0,Toys,43,0,1.62,178,6750.28
2749,164.11,132.17,3,0,12,1,10,-1.7321,Food,47,0,4.41,35,5743.97
2750,130.83,120.78,0,0,0,0,11,-1.366,Food,6,0,3.48,9,1177.48
2751,83.75,60.05,0,0,0,0,9,-1.0,Electronics,38,0,4.23,136,11390.2
2752,138.08,108.02,5,1,13,0,8,0.0,Toys,61,0,2.67,72,9942.1
2753,59.38,47.74,0,0,7,0,5,-0.366,Electronics,4,0,2.39,159,9441.73
2754,75.59,55.38,1,0,8,0,9,-1.0,Books,5,0,3.13,109,8238.93
2755,184.32,201.65,1,0,22,0,11,-1.366,Toys,70,1,2.55,80,14745.78
2756,65.2,78.38,3,0,9,1,9,-1.0,Electronics,60,0,3.06,178,11604.86
2757,99.3,91.75,2,0,5,0,1,1.366,Toys,77,0,2.72,188,18667.98
2758,179.13,219.38,5,1,8,0,12,-0.0,Toys,88,0,1.79,110,19703.95
2759,144.47,119.62,2,0,17,1,6,-0.0,Clothing,92,0,4.91,173,24992.8
2760,21.82,19.53,3,0,14,0,11,-1.366,Electronics,77,0,1.06,108,2356.41
2761,37.99,30.03,1,0,3,0,5,-0.366,Toys,56,0,4.7,187,7103.68
2762,11.49,12.32,4,0,1,0,6,-0.0,Food,82,0,4.31,215,2470.33
2763,129.88,123.63,6,1,5,0,10,-1.7321,Food,59,0,2.68,35,4545.63
2764,95.06,101.52,5,1,16,0,3,1.0,Clothing,7,1,2.29,229,21768.27
2765,35.51,41.09,3,0,6,0,3,1.0,Toys,68,0,1.66,207,7351.03
2766,192.01,197.27,2,0,22,0,10,-1.7321,Electronics,31,0,1.53,67,12864.5
2767,110.64,119.11,3,0,22,0,5,-0.366,Electronics,88,0,3.2,144,15931.49
2768,55.96,70.57,3,0,19,1,7,0.366,Food,86,1,1.42,227,12702.86
2769,105.11,92.44,0,0,14,0,4,0.0,Books,85,0,2.91,84,8829.63
2770,139.13,127.37,1,0,23,0,6,-0.0,Toys,48,1,4.26,145,20173.54
2771,24.49,27.68,5,1,20,1,5,-0.366,Clothing,42,0,4.03,230,5631.65
2772,62.19,66.35,0,0,1,0,2,1.7321,Clothing,90,0,1.53,171,10635.13
2773,163.32,131.82,1,0,20,1,11,-1.366,Toys,30,0,4.84,97,15842.37
2774,97.34,90.1,3,0,11,1,12,-0.0,Toys,51,0,2.14,161,15671.15
2775,113.85,111.65,1,0,9,1,1,1.366,Clothing,35,0,3.82,197,22428.38
2776,92.24,87.77,2,0,16,0,6,-0.0,Clothing,62,0,2.2,133,12267.26
2777,18.34,14.8,5,1,17,1,5,-0.366,Electronics,51,0,3.47,218,3998.34
2778,41.49,52.06,0,0,15,0,9,-1.0,Clothing,87,0,3.29,141,5850.44
2779,94.65,109.55,5,1,9,1,12,-0.0,Food,50,1,1.71,192,18173.36
2780,49.75,49.19,3,0,7,0,7,0.366,Clothing,30,0,3.61,179,8904.4
2781,19.5,21.6,2,0,20,1,1,1.366,Clothing,19,0,2.3,264,5146.95
2782,170.29,210.89,1,0,21,1,10,-1.7321,Food,96,0,3.44,66,11239.37
2783,196.43,153.55,6,1,12,1,6,-0.0,Food,50,0,3.17,28,5499.94
2784,160.7,136.63,1,0,15,0,11,-1.366,Toys,54,0,4.37,67,10766.71
2785,172.22,176.63,2,0,7,0,7,0.366,Clothing,83,0,1.85,69,11883.12
2786,55.98,66.02,6,1,11,1,3,1.0,Food,86,0,1.61,193,10803.3
2787,192.52,138.95,1,0,16,0,9,-1.0,Electronics,4,0,4.42,71,13668.86
2788,47.42,61.19,0,0,15,0,11,-1.366,Books,12,1,2.78,175,8297.78
2789,190.77,185.61,4,0,8,0,11,-1.366,Food,15,0,4.13,0,0.0
2790,199.02,182.21,1,0,18,1,2,1.7321,Books,15,0,4.84,152,30250.38
2791,145.23,127.17,3,0,16,0,1,1.366,Clothing,10,0,3.18,104,15103.64
2792,196.42,158.04,1,0,23,0,10,-1.7321,Electronics,61,0,2.2,32,6285.35
2793,118.21,138.89,5,1,7,0,10,-1.7321,Electronics,19,0,4.18,108,12766.96
2794,59.31,75.52,3,0,11,1,12,-0.0,Toys,53,0,4.72,219,12989.53
2795,93.03,88.21,1,0,8,0,9,-1.0,Toys,72,0,1.98,123,11442.59
2796,122.78,156.1,1,0,5,0,7,0.366,Clothing,57,1,3.75,213,26151.41
2797,23.89,28.53,3,0,9,1,10,-1.7321,Food,95,0,4.12,187,4466.59
2798,128.25,126.79,0,0,8,0,11,-1.366,Electronics,9,0,1.11,70,8977.17
2799,196.42,216.93,6,1,3,0,1,1.366,Clothing,29,0,3.37,88,17285.29
2800,46.12,44.32,6,1,10,1,4,0.0,Clothing,7,0,3.53,241,11115.03
2801,160.59,166.25,4,0,20,1,10,-1.7321,Food,72,0,3.55,22,3533.05
2802,182.5,134.11,4,0,21,1,3,1.0,Electronics,17,1,1.34,210,38325.16
2803,189.3,211.6,6,1,5,0,11,-1.366,Electronics,79,0,1.09,64,12115.41
2804,192.43,140.8,0,0,17,1,7,0.366,Electronics,16,0,2.17,123,23668.37
2805,109.08,129.83,1,0,3,0,5,-0.366,Toys,71,1,2.43,173,18870.38
2806,195.69,233.84,4,0,11,1,9,-1.0,Electronics,83,0,1.58,135,26417.95
2807,153.89,129.61,0,0,8,0,11,-1.366,Books,38,0,3.04,49,7540.56
2808,40.72,36.41,0,0,14,0,3,1.0,Food,89,0,1.91,194,7899.21
2809,100.61,99.48,4,0,22,0,11,-1.366,Electronics,76,1,2.35,159,15997.15
2810,146.48,154.98,6,1,8,0,6,-0.0,Food,96,0,2.17,87,12744.01
2811,56.99,49.72,3,0,5,0,10,-1.7321,Food,47,1,4.09,161,9176.14
2812,131.72,139.03,2,0,10,1,2,1.7321,Books,10,0,4.51,202,26606.81
2813,136.65,120.07,6,1,6,0,3,1.0,Electronics,24,0,2.19,161,22001.31
2814,40.91,30.0,3,0,13,0,4,0.0,Food,50,0,2.51,152,6218.77
2815,117.37,82.33,6,1,15,0,6,-0.0,Electronics,68,1,4.26,196,23003.78
2816,156.61,119.13,1,0,14,0,11,-1.366,Books,43,0,4.04,41,6420.97
2817,104.79,123.17,3,0,19,1,1,1.366,Toys,37,0,3.84,239,25044.85
2818,12.3,15.7,5,1,8,0,6,-0.0,Toys,45,1,3.83,256,3148.7
2819,11.72,11.2,2,0,18,1,4,0.0,Toys,54,0,2.19,216,2530.94
2820,77.84,78.43,6,1,11,1,8,0.0,Toys,43,0,4.75,241,18758.37
2821,185.98,146.57,2,0,10,1,9,-1.0,Clothing,68,0,4.24,74,13762.29
2822,53.45,55.09,0,0,7,0,8,0.0,Food,100,0,1.85,137,7322.46
2823,130.53,102.7,5,1,2,0,8,0.0,Clothing,37,0,3.65,111,14488.73
2824,52.19,55.68,1,0,18,1,2,1.7321,Electronics,89,0,1.62,272,14196.88
2825,71.12,89.6,0,0,2,0,10,-1.7321,Toys,41,0,3.31,118,8391.84
2826,171.13,139.88,3,0,2,0,2,1.7321,Electronics,94,0,2.16,133,22760.02
2827,148.48,172.05,3,0,5,0,6,-0.0,Books,1,0,1.42,90,13363.53
2828,28.13,20.08,4,0,10,1,5,-0.366,Food,93,1,3.41,234,6581.45
2829,91.45,84.62,0,0,19,1,6,-0.0,Books,16,1,4.54,227,20759.92
2830,15.54,11.91,5,1,13,0,9,-1.0,Food,37,0,1.56,139,2160.37
2831,101.37,92.4,0,0,1,0,12,-0.0,Books,37,1,4.6,178,18043.7
2832,135.86,109.25,0,0,11,1,10,-1.7321,Books,7,1,1.51,120,16303.5
2833,32.52,30.04,0,0,15,0,7,0.366,Food,40,0,3.97,170,5527.63
2834,64.89,61.68,2,0,2,0,5,-0.366,Electronics,51,1,4.96,233,15118.94
2835,85.59,75.35,4,0,20,1,10,-1.7321,Books,64,1,1.37,132,11297.74
2836,184.71,202.07,6,1,15,0,7,0.366,Food,97,0,1.85,47,8681.41
2837,198.72,248.66,1,0,9,1,8,0.0,Food,22,0,2.85,43,8544.89
2838,18.53,17.43,1,0,19,1,11,-1.366,Books,43,0,3.95,196,3632.5
2839,154.59,126.05,1,0,4,0,12,-0.0,Electronics,62,0,4.59,142,21951.99
2840,80.63,69.54,2,0,12,1,1,1.366,Toys,54,0,3.92,239,19269.99
2841,84.57,102.53,4,0,11,1,10,-1.7321,Clothing,27,1,4.08,181,15306.64
2842,153.31,159.9,5,1,0,0,11,-1.366,Toys,29,0,2.81,70,10731.72
2843,184.5,179.52,4,0,19,1,11,-1.366,Books,16,0,2.42,46,8487.05
2844,190.68,150.59,2,0,10,1,7,0.366,Books,85,0,3.03,54,10296.53
2845,119.65,116.04,5,1,18,1,4,0.0,Food,11,0,3.6,118,14119.09
2846,77.85,67.51,0,0,14,0,5,-0.366,Electronics,21,0,3.01,138,10743.72
2847,159.63,202.08,3,0,17,1,2,1.7321,Electronics,9,1,4.16,280,44697.61
2848,57.69,70.98,0,0,15,0,10,-1.7321,Books,27,0,1.63,99,5711.34
2849,117.17,87.92,1,0,6,0,5,-0.366,Electronics,86,1,2.58,197,23083.29
2850,78.13,78.91,0,0,9,1,9,-1.0,Clothing,79,1,1.27,186,14532.16
2851,134.76,112.53,2,0,15,0,1,1.366,Electronics,23,0,3.69,162,21831.1
2852,55.68,52.7,1,0,16,0,3,1.0,Electronics,51,0,4.03,204,11357.86
2853,46.4,56.89,3,0,6,0,4,0.0,Food,93,0,3.67,134,6217.96
2854,184.47,187.51,5,1,10,1,9,-1.0,Books,80,0,4.82,57,10514.53
2855,29.34,26.42,5,1,16,0,2,1.7321,Electronics,3,0,4.73,269,7893.19
2856,106.13,87.53,1,0,4,0,7,0.366,Books,16,0,2.08,103,10931.6
2857,51.96,61.33,6,1,0,0,9,-1.0,Electronics,8,0,1.97,117,6079.56
2858,17.4,18.7,6,1,2,0,12,-0.0,Electronics,90,0,1.1,176,3061.82
2859,16.84,16.52,0,0,15,0,10,-1.7321,Electronics,42,0,3.01,136,2290.73
2860,43.29,35.95,6,1,23,0,4,0.0,Food,73,0,4.44,179,7749.29
2861,174.69,157.31,4,0,14,0,5,-0.366,Electronics,35,0,1.63,72,12577.42
2862,63.67,81.24,4,0,3,0,12,-0.0,Toys,71,0,3.37,202,12861.53
2863,190.59,192.88,5,1,11,1,12,-0.0,Clothing,72,0,3.88,92,17534.03
2864,120.51,113.33,4,0,0,0,12,-0.0,Electronics,99,1,2.47,169,20365.89
2865,92.96,94.15,1,0,16,0,10,-1.7321,Toys,48,0,3.81,71,6599.93
2866,120.22,140.34,4,0,23,0,4,0.0,Books,54,0,4.35,118,14185.59
2867,108.17,97.8,2,0,14,0,12,-0.0,Food,36,0,1.04,70,7572.09
2868,154.17,124.45,5,1,23,0,7,0.366,Books,6,0,3.94,96,14800.08
2869,63.67,66.92,3,0,19,1,8,0.0,Food,71,0,3.4,182,11588.71
2870,77.08,84.72,4,0,19,1,8,0.0,Books,12,1,4.38,255,19655.29
2871,179.88,202.84,2,0,9,1,3,1.0,Books,59,0,1.55,135,24283.52
2872,189.83,233.33,2,0,10,1,2,1.7321,Clothing,65,0,4.23,180,34168.81
2873,179.59,165.7,1,0,17,1,6,-0.0,Clothing,50,0,1.56,71,12750.61
2874,89.7,66.84,5,1,1,0,12,-0.0,Clothing,43,0,3.34,128,11480.98
2875,158.27,201.79,1,0,5,0,1,1.366,Books,43,0,2.08,143,22632.53
2876,100.5,96.58,3,0,15,0,12,-0.0,Food,49,0,1.96,114,11457.43
2877,104.53,112.26,3,0,23,0,9,-1.0,Clothing,89,0,2.99,68,7108.21
2878,48.89,53.77,0,0,6,0,7,0.366,Food,76,0,4.03,152,7431.16
2879,122.31,125.73,3,0,22,0,8,0.0,Food,55,0,3.58,67,8195.09
2880,45.37,37.34,5,1,18,1,7,0.366,Electronics,91,0,4.95,263,11931.21
2881,73.0,84.17,6,1,11,1,5,-0.366,Toys,87,0,1.48,190,13869.49
2882,172.46,203.89,6,1,17,1,5,-0.366,Books,83,0,3.89,113,19487.5
2883,49.34,50.91,5,1,9,1,7,0.366,Toys,85,0,1.22,202,9967.57
2884,23.52,23.36,1,0,6,0,7,0.366,Books,50,0,2.43,196,4609.93
2885,23.11,17.76,2,0,3,0,2,1.7321,Food,21,0,2.37,228,5269.41
2886,188.75,141.63,0,0,16,0,2,1.7321,Toys,88,0,2.02,125,23593.63
2887,106.31,96.08,6,1,16,0,7,0.366,Electronics,13,0,3.13,151,16053.55
2888,87.79,77.82,6,1,3,0,5,-0.366,Toys,42,1,1.97,177,15538.53
2889,164.07,208.72,3,0,20,1,2,1.7321,Toys,100,0,2.47,204,33469.65
2890,168.81,197.53,2,0,4,0,1,1.366,Electronics,15,1,4.44,256,43214.57
2891,73.12,80.13,1,0,0,0,9,-1.0,Electronics,50,0,2.29,141,10309.4
2892,141.79,143.29,4,0,18,1,11,-1.366,Clothing,1,0,4.94,136,19283.09
2893,156.51,125.28,0,0,21,1,8,0.0,Books,51,0,2.1,82,12834.09
2894,134.38,172.96,5,1,22,0,2,1.7321,Food,34,0,4.61,155,20829.46
2895,38.8,35.89,2,0,10,1,2,1.7321,Toys,42,0,2.73,245,9506.75
2896,176.42,134.81,1,0,0,0,3,1.0,Toys,62,0,4.63,125,22052.22
2897,112.43,112.01,1,0,7,0,4,0.0,Food,95,0,2.71,81,9106.67
2898,63.67,77.96,0,0,3,0,9,-1.0,Electronics,32,0,4.08,160,10187.16
2899,90.79,111.89,0,0,21,1,12,-0.0,Electronics,100,0,2.6,180,16342.8
2900,17.14,12.11,3,0,14,0,6,-0.0,Toys,61,0,3.48,197,3376.29
2901,34.29,42.24,3,0,16,0,3,1.0,Toys,93,0,1.21,186,6378.81
2902,155.45,134.14,5,1,17,1,8,0.0,Food,54,1,3.4,173,26893.52
2903,10.0,7.24,5,1,2,0,6,-0.0,Food,74,0,2.26,191,1910.42
2904,89.15,107.75,0,0,17,1,8,0.0,Books,58,0,4.99,166,14798.49
2905,109.28,133.13,0,0,6,0,10,-1.7321,Electronics,85,0,4.24,138,15080.22
2906,20.38,21.56,2,0,16,0,12,-0.0,Clothing,100,1,1.32,222,4524.48
2907,194.88,203.59,3,0,17,1,2,1.7321,Clothing,24,0,1.79,121,23581.07
2908,52.96,62.91,1,0,19,1,8,0.0,Food,27,0,3.46,181,9586.45
2909,67.8,79.44,6,1,7,0,11,-1.366,Books,21,0,2.2,87,5898.4
2910,67.75,83.61,6,1,10,1,5,-0.366,Toys,18,0,1.85,205,13888.56
2911,53.78,55.48,6,1,2,0,10,-1.7321,Food,55,0,2.42,72,3872.1
2912,10.28,13.16,3,0,6,0,12,-0.0,Food,68,0,1.42,176,1809.28
2913,148.58,192.8,3,0,14,0,4,0.0,Food,47,0,3.22,68,10103.13
2914,193.7,149.14,0,0,9,1,3,1.0,Clothing,54,0,2.13,90,17433.06
2915,52.62,63.65,6,1,11,1,12,-0.0,Food,18,0,4.47,217,11417.62
2916,135.98,135.96,0,0,11,1,9,-1.0,Books,73,0,1.13,89,12102.13
2917,150.96,140.78,3,0,18,1,10,-1.7321,Clothing,64,0,2.4,51,7698.98
2918,171.2,182.82,4,0,18,1,7,0.366,Books,49,0,3.2,91,15579.27
2919,90.3,66.24,4,0,14,0,7,0.366,Clothing,94,0,1.94,104,9391.15
2920,67.56,67.82,5,1,20,1,6,-0.0,Books,35,0,1.23,163,11011.77
2921,71.81,87.79,3,0,20,1,9,-1.0,Electronics,94,0,1.29,175,12566.06
2922,145.4,120.4,6,1,4,0,3,1.0,Electronics,39,0,1.64,141,20501.13
2923,165.19,157.89,4,0,12,1,1,1.366,Clothing,58,1,2.09,221,36506.57
2924,44.51,56.24,5,1,8,0,7,0.366,Electronics,57,0,3.82,213,9479.92
2925,80.48,77.03,5,1,21,1,9,-1.0,Toys,6,0,2.9,147,11830.38
2926,181.37,165.96,3,0,22,0,6,-0.0,Books,78,0,1.13,33,5985.17
2927,163.27,157.45,5,1,9,1,10,-1.7321,Clothing,93,0,1.62,23,3755.25
2928,197.12,199.42,0,0,7,0,2,1.7321,Electronics,96,0,2.47,163,32131.06
2929,153.31,165.45,0,0,8,0,8,0.0,Clothing,78,0,2.68,102,15637.33
2930,84.71,99.99,0,0,5,0,9,-1.0,Toys,20,1,1.25,139,11774.29
2931,122.22,118.71,1,0,23,0,10,-1.7321,Clothing,50,0,1.48,70,8555.48
2932,135.59,161.42,0,0,17,1,8,0.0,Clothing,9,1,2.05,210,28474.47
2933,24.91,25.41,6,1,9,1,9,-1.0,Food,76,0,4.35,219,5454.55
2934,113.45,102.46,0,0,23,0,1,1.366,Food,14,0,1.84,131,14862.53
2935,144.77,158.49,3,0,14,0,3,1.0,Food,23,0,1.91,78,11292.13
2936,41.79,47.25,4,0,12,1,3,1.0,Food,48,0,2.98,225,9402.99
2937,158.32,163.83,6,1,10,1,9,-1.0,Books,98,0,4.57,88,13932.16
2938,120.92,88.75,4,0,1,0,3,1.0,Toys,80,1,3.11,152,18379.36
2939,190.92,153.11,0,0,7,0,10,-1.7321,Clothing,82,1,1.32,34,6491.35
2940,18.06,15.73,0,0,17,1,1,1.366,Toys,56,0,1.75,276,4984.63
2941,60.41,52.53,0,0,2,0,3,1.0,Clothing,40,0,4.42,195,11780.33
2942,124.3,137.23,5,1,22,0,2,1.7321,Food,97,1,4.51,249,30949.51
2943,66.35,47.17,3,0,2,0,9,-1.0,Books,69,0,4.18,110,7298.1
2944,145.74,168.1,3,0,20,1,1,1.366,Clothing,39,0,3.17,170,24775.9
2945,154.21,132.5,3,0,6,0,11,-1.366,Clothing,74,0,2.76,40,6168.44
2946,29.48,26.12,4,0,17,1,2,1.7321,Electronics,86,0,2.07,268,7900.11
2947,107.63,109.43,6,1,20,1,1,1.366,Books,43,0,3.19,211,22710.43
2948,106.69,88.5,6,1,20,1,9,-1.0,Books,97,1,3.73,179,19097.37
2949,80.16,98.66,1,0,8,0,7,0.366,Books,31,0,3.4,179,14349.24
2950,187.26,140.67,4,0,17,1,1,1.366,Toys,70,0,1.9,103,19287.34
2951,167.23,161.65,3,0,0,0,10,-1.7321,Food,100,0,4.61,0,0.0
2952,142.47,172.34,2,0,3,0,12,-0.0,Electronics,3,1,2.56,193,27496.67
2953,145.72,155.85,1,0,3,0,6,-0.0,Toys,4,1,4.54,195,28415.8
2954,97.73,85.55,0,0,16,0,5,-0.366,Food,27,0,2.59,73,7134.0
2955,184.99,176.19,5,1,22,0,10,-1.7321,Clothing,89,0,1.15,0,0.0
2956,141.97,159.58,4,0,1,0,11,-1.366,Electronics,27,1,3.95,159,22573.73
2957,148.51,190.68,5,1,14,0,5,-0.366,Toys,100,0,4.68,135,20048.36
2958,173.72,214.7,1,0,12,1,4,0.0,Electronics,47,1,2.02,225,39087.29
2959,62.07,56.21,6,1,8,0,3,1.0,Food,60,0,3.17,155,9621.41
2960,163.34,212.17,2,0,6,0,8,0.0,Toys,36,0,4.23,144,23521.46
2961,47.1,33.07,1,0,11,1,7,0.366,Toys,46,1,2.28,238,11208.78
2962,75.61,54.18,4,0,11,1,5,-0.366,Electronics,61,1,2.14,213,16105.99
2963,73.77,88.1,3,0,13,0,12,-0.0,Clothing,42,0,2.64,149,10991.13
2964,195.92,160.59,0,0,22,0,9,-1.0,Clothing,7,0,3.2,31,6073.52
2965,172.74,127.22,3,0,14,0,12,-0.0,Clothing,30,0,3.21,36,6218.71
2966,143.22,120.63,3,0,0,0,7,0.366,Food,50,0,2.95,74,10598.45
2967,148.14,141.57,4,0,8,0,10,-1.7321,Electronics,47,0,4.28,86,12740.11
2968,116.79,132.95,3,0,15,0,2,1.7321,Food,93,0,1.61,141,16467.93
2969,189.95,204.12,3,0,8,0,7,0.366,Food,40,1,1.34,59,11206.89
2970,104.29,87.87,4,0,15,0,7,0.366,Clothing,5,0,1.67,116,12097.54
2971,82.3,82.46,4,0,1,0,4,0.0,Clothing,70,0,3.82,154,12673.95
2972,40.98,51.46,2,0,9,1,12,-0.0,Clothing,58,0,1.58,229,9383.67
2973,159.38,189.5,3,0,17,1,12,-0.0,Electronics,44,0,2.29,150,23906.86
2974,149.54,133.68,1,0,12,1,8,0.0,Electronics,71,0,4.52,166,24824.36
2975,83.03,107.05,6,1,1,0,4,0.0,Clothing,32,0,1.56,130,10793.57
2976,14.79,16.64,0,0,12,1,7,0.366,Food,79,0,3.11,242,3578.39
2977,169.41,124.93,5,1,23,0,4,0.0,Electronics,77,0,3.02,74,12536.3
2978,12.17,8.78,0,0,2,0,8,0.0,Toys,82,1,1.14,201,2446.05
2979,143.7,115.11,4,0,14,0,3,1.0,Food,74,0,1.46,91,13076.97
2980,194.35,220.92,5,1,2,0,2,1.7321,Food,40,0,4.8,94,18268.79
2981,93.16,75.48,4,0,22,0,10,-1.7321,Books,57,0,4.84,76,7079.83
2982,54.64,55.02,6,1,9,1,6,-0.0,Electronics,11,0,4.5,269,14699.49
2983,143.93,108.8,6,1,5,0,7,0.366,Toys,40,0,2.73,91,13097.22
2984,165.25,206.99,2,0,22,0,7,0.366,Electronics,47,1,3.37,199,32885.62
2985,113.82,103.17,3,0,21,1,6,-0.0,Food,2,1,4.3,199,22650.53
2986,193.74,241.18,4,0,13,0,11,-1.366,Electronics,91,0,3.7,109,21117.3
2987,19.82,25.11,6,1,8,0,8,0.0,Food,52,0,4.58,175,3467.98
2988,105.91,74.53,4,0,17,1,12,-0.0,Toys,72,0,2.26,178,18852.19
2989,146.51,143.35,0,0,7,0,6,-0.0,Food,49,0,3.5,76,11134.47
2990,173.9,124.3,3,0,5,0,6,-0.0,Clothing,59,0,3.27,62,10781.9
2991,44.06,54.86,2,0,14,0,3,1.0,Food,38,0,4.94,204,8987.95
2992,162.0,163.79,6,1,13,0,12,-0.0,Clothing,16,0,4.51,98,15876.06
2993,115.01,85.68,4,0,14,0,2,1.7321,Toys,88,0,1.66,161,18517.31
2994,85.35,65.39,4,0,19,1,7,0.366,Toys,87,0,1.24,160,13655.23
2995,35.03,32.58,4,0,5,0,6,-0.0,Food,78,1,2.79,228,7985.9
2996,174.41,220.47,0,0,21,1,1,1.366,Clothing,27,0,3.18,183,31916.33
2997,39.88,44.5,6,1,11,1,2,1.7321,Food,74,0,4.16,244,9731.19
2998,68.86,84.05,4,0,9,1,2,1.7321,Toys,28,1,1.64,277,19074.14
2999,65.11,59.89,4,0,18,1,1,1.366,Clothing,89,0,4.68,239,15560.97
3000,175.57,127.45,0,0,7,0,3,1.0,Books,66,0,3.29,65,11411.96
3001,137.81,177.03,4,0,4,0,5,-0.366,Books,45,0,4.37,110,15159.49
3002,161.37,114.62,3,0,9,1,4,0.0,Toys,33,0,4.35,118,19041.6
3003,57.59,73.06,3,0,10,1,12,-0.0,Clothing,60,0,4.81,214,12324.02
3004,128.73,118.58,0,0,19,1,2,1.7321,Food,50,0,3.63,167,21497.26
3005,118.63,83.76,3,0,13,0,8,0.0,Toys,46,0,4.14,115,13642.65
3006,168.24,187.33,5,1,13,0,9,-1.0,Toys,35,1,4.28,115,19347.34
3007,182.16,234.68,5,1,1,0,8,0.0,Electronics,41,0,2.87,139,25319.76
3008,12.31,15.75,5,1,16,0,7,0.366,Food,58,0,2.73,206,2535.82
3009,138.06,109.98,2,0,14,0,10,-1.7321,Food,77,0,4.79,23,3175.47
3010,19.85,16.05,4,0,22,0,2,1.7321,Books,55,1,1.27,260,5160.69
3011,114.28,118.78,2,0,2,0,6,-0.0,Electronics,5,0,4.81,174,19885.27
3012,64.65,69.98,3,0,2,0,11,-1.366,Food,5,0,3.31,112,7240.82
3013,68.29,78.1,0,0,2,0,4,0.0,Food,22,0,2.18,139,9491.97
3014,77.06,62.31,5,1,2,0,5,-0.366,Books,34,0,3.23,130,10018.08
3015,128.05,163.31,0,0,17,1,9,-1.0,Electronics,65,1,3.55,229,29322.43
3016,73.47,79.59,2,0,5,0,9,-1.0,Electronics,59,0,1.44,101,7420.42
3017,149.21,180.28,3,0,13,0,4,0.0,Clothing,17,0,3.68,108,16114.98
3018,86.86,88.95,6,1,2,0,8,0.0,Toys,51,1,4.61,197,17111.46
3019,22.99,21.8,4,0,0,0,11,-1.366,Clothing,49,0,4.89,137,3149.23
3020,158.91,204.41,6,1,9,1,5,-0.366,Electronics,9,0,3.4,152,24154.98
3021,64.29,67.46,3,0,12,1,9,-1.0,Books,74,1,2.31,225,14466.17
3022,92.23,112.53,5,1,8,0,2,1.7321,Clothing,15,1,3.25,244,22503.07
3023,140.23,178.37,3,0,21,1,4,0.0,Books,29,0,1.01,150,21035.15
3024,73.17,80.86,0,0,21,1,3,1.0,Electronics,53,1,4.68,325,23779.17
3025,20.75,21.36,1,0,1,0,7,0.366,Books,25,0,4.14,196,4067.25
3026,81.04,56.9,5,1,9,1,2,1.7321,Clothing,85,0,1.67,218,17667.81
3027,189.45,137.16,6,1,11,1,3,1.0,Electronics,81,0,3.44,174,32963.47
3028,131.93,108.25,4,0,18,1,9,-1.0,Electronics,91,0,1.08,114,15039.97
3029,137.58,111.66,5,1,2,0,8,0.0,Clothing,28,0,1.86,87,11969.55
3030,130.13,110.99,5,1,18,1,2,1.7321,Toys,23,0,1.68,192,24985.65
3031,47.81,42.21,4,0,0,0,6,-0.0,Clothing,100,1,1.62,222,10613.49
3032,89.48,81.97,6,1,14,0,3,1.0,Clothing,3,0,3.21,166,14854.25
3033,152.68,145.4,5,1,22,0,12,-0.0,Food,33,0,4.86,78,11908.93
3034,29.26,22.22,0,0,12,1,6,-0.0,Electronics,71,1,1.52,251,7344.47
3035,62.79,45.55,3,0,6,0,5,-0.366,Food,69,0,4.49,120,7535.04
3036,62.5,69.02,0,0,1,0,10,-1.7321,Food,90,0,1.33,55,3437.53
3037,92.08,94.15,3,0,21,1,4,0.0,Food,17,1,1.33,201,18508.8
3038,196.27,189.69,1,0,19,1,12,-0.0,Books,81,0,3.51,97,19038.2
3039,22.83,24.67,5,1,10,1,7,0.366,Clothing,67,0,3.3,247,5637.89
3040,108.55,129.9,1,0,22,0,11,-1.366,Food,67,0,2.38,72,7815.83
3041,44.08,42.17,2,0,15,0,10,-1.7321,Books,34,0,3.13,113,4980.96
3042,194.43,210.89,6,1,13,0,7,0.366,Books,8,1,4.02,126,24498.0
3043,31.53,40.11,3,0,22,0,4,0.0,Electronics,45,0,4.09,210,6620.81
3044,86.68,104.35,0,0,14,0,3,1.0,Clothing,60,1,1.05,211,18290.36
3045,150.2,143.53,0,0,19,1,4,0.0,Toys,56,0,1.31,112,16822.19
3046,143.87,156.36,5,1,18,1,2,1.7321,Clothing,70,0,1.01,182,26183.49
3047,90.32,72.82,0,0,6,0,4,0.0,Books,22,0,1.06,113,10205.98
3048,75.84,78.59,2,0,8,0,4,0.0,Clothing,33,1,4.36,202,15319.6
3049,85.55,110.25,4,0,3,0,12,-0.0,Electronics,50,0,1.33,152,13003.05
3050,60.21,60.87,0,0,5,0,5,-0.366,Clothing,71,0,3.84,177,10657.61
3051,49.01,61.59,5,1,22,0,1,1.366,Books,83,0,4.92,222,10880.94
3052,101.78,96.12,1,0,9,1,2,1.7321,Books,46,0,4.28,211,21475.06
3053,61.02,79.29,6,1,2,0,8,0.0,Food,52,0,1.27,157,9580.36
3054,64.62,67.69,0,0,20,1,8,0.0,Books,74,0,4.58,203,13117.4
3055,134.78,97.77,0,0,0,0,8,0.0,Electronics,87,0,4.83,146,19678.41
3056,194.02,204.12,0,0,5,0,5,-0.366,Books,66,0,3.83,27,5238.6
3057,124.69,107.83,5,1,4,0,8,0.0,Clothing,21,0,3.47,107,13341.94
3058,24.63,17.72,6,1,22,0,9,-1.0,Toys,24,0,3.41,149,3669.29
3059,24.36,29.05,4,0,14,0,4,0.0,Books,48,0,4.28,207,5042.7
3060,190.77,165.1,0,0,10,1,4,0.0,Electronics,13,0,3.21,151,28806.33
3061,66.49,78.31,4,0,19,1,7,0.366,Electronics,64,0,2.34,201,13363.54
3062,27.49,24.0,4,0,12,1,5,-0.366,Electronics,5,0,4.88,252,6928.17
3063,123.82,101.11,6,1,5,0,11,-1.366,Electronics,18,0,1.19,80,9905.48
3064,128.49,165.03,6,1,4,0,10,-1.7321,Clothing,75,0,3.66,98,12592.34
3065,133.22,122.16,2,0,1,0,1,1.366,Food,37,0,3.34,123,16385.56
3066,60.81,64.5,1,0,16,0,8,0.0,Toys,54,0,3.56,185,11249.18
3067,12.87,13.72,0,0,23,0,4,0.0,Food,32,0,3.57,175,2252.43
3068,193.35,200.37,0,0,11,1,8,0.0,Food,28,0,1.49,48,9280.94
3069,57.67,72.02,0,0,11,1,2,1.7321,Food,86,0,1.53,255,14705.77
3070,138.44,152.94,4,0,21,1,12,-0.0,Clothing,45,0,1.27,127,17582.51
3071,144.26,135.93,6,1,13,0,12,-0.0,Toys,28,0,4.75,126,18176.72
3072,125.9,153.28,3,0,6,0,4,0.0,Books,65,1,3.44,170,21403.24
3073,69.45,56.16,1,0,21,1,2,1.7321,Books,70,0,1.31,233,16182.41
3074,61.51,63.14,5,1,13,0,5,-0.366,Toys,75,0,2.73,156,9595.29
3075,123.56,156.96,0,0,6,0,10,-1.7321,Toys,42,1,2.44,103,12726.37
3076,174.56,187.69,3,0,8,0,10,-1.7321,Electronics,33,1,1.59,101,17630.38
3077,189.88,225.99,3,0,13,0,8,0.0,Food,16,0,4.29,36,6835.66
3078,30.12,32.9,6,1,20,1,11,-1.366,Electronics,13,0,4.1,198,5964.18
3079,39.42,47.44,3,0,16,0,7,0.366,Clothing,21,0,2.86,183,7213.39
3080,189.5,240.04,1,0,16,0,11,-1.366,Clothing,59,0,3.09,55,10422.49
3081,149.94,129.51,3,0,20,1,5,-0.366,Toys,47,0,2.75,151,22641.2
3082,177.77,142.53,5,1,12,1,11,-1.366,Clothing,39,0,3.2,48,8532.9
3083,48.5,48.03,0,0,17,1,7,0.366,Toys,88,0,3.93,201,9748.54
3084,121.64,136.37,5,1,18,1,5,-0.366,Books,43,0,4.5,155,18854.4
3085,143.22,119.77,0,0,16,0,7,0.366,Food,27,0,3.37,62,8879.42
3086,139.22,97.8,2,0,5,0,4,0.0,Clothing,37,0,1.5,52,7239.51
3087,87.55,79.3,4,0,11,1,4,0.0,Electronics,3,1,4.09,259,22675.14
3088,12.93,16.56,3,0,5,0,10,-1.7321,Clothing,76,0,2.49,114,1473.45
3089,120.76,134.88,5,1,2,0,4,0.0,Food,7,0,3.52,89,10747.28
3090,58.09,54.65,4,0,14,0,11,-1.366,Clothing,58,1,1.79,138,8016.32
3091,95.55,77.92,4,0,2,0,8,0.0,Toys,20,0,1.65,100,9554.83
3092,191.94,175.37,4,0,22,0,1,1.366,Clothing,79,0,1.21,77,14779.41
3093,85.82,68.82,4,0,14,0,10,-1.7321,Books,65,0,2.26,58,4977.37
3094,169.56,129.51,4,0,0,0,5,-0.366,Books,74,0,3.39,51,8647.68
3095,45.82,57.01,0,0,20,1,12,-0.0,Clothing,14,0,2.28,214,9806.06
3096,137.77,178.9,1,0,2,0,10,-1.7321,Electronics,79,1,1.96,147,20251.82
3097,195.63,156.21,3,0,4,0,2,1.7321,Clothing,98,0,4.98,134,26214.6
3098,29.36,21.51,3,0,13,0,10,-1.7321,Toys,49,1,5.0,189,5548.98
3099,11.58,10.4,0,0,3,0,4,0.0,Toys,89,0,3.42,216,2501.45
3100,92.38,90.26,5,1,21,1,5,-0.366,Toys,95,1,2.29,212,19584.71
3101,27.6,22.71,0,0,8,0,8,0.0,Electronics,74,0,4.45,205,5657.76
3102,152.19,134.06,6,1,17,1,2,1.7321,Books,37,0,3.95,195,29677.64
3103,183.76,150.78,4,0,9,1,2,1.7321,Toys,6,0,3.46,184,33812.62
3104,92.46,107.68,1,0,7,0,2,1.7321,Toys,6,1,4.63,267,24687.88
3105,59.16,66.7,3,0,12,1,8,0.0,Clothing,28,0,2.78,207,12245.13
3106,92.54,100.03,5,1,1,0,12,-0.0,Books,78,0,2.02,114,10549.18
3107,147.46,137.48,2,0,19,1,3,1.0,Toys,13,0,4.87,198,29196.11
3108,11.72,14.6,0,0,19,1,5,-0.366,Toys,13,1,4.44,299,3504.37
3109,122.0,156.36,2,0,6,0,2,1.7321,Clothing,10,1,4.65,237,28913.11
3110,126.53,101.75,3,0,10,1,6,-0.0,Clothing,80,0,4.67,150,18978.81
3111,131.16,109.36,0,0,4,0,10,-1.7321,Food,39,0,2.53,35,4590.63
3112,55.98,56.85,3,0,17,1,6,-0.0,Clothing,99,0,4.44,217,12148.57
3113,145.67,109.94,0,0,7,0,2,1.7321,Clothing,79,0,4.56,152,22141.84
3114,27.36,26.32,5,1,9,1,4,0.0,Food,23,0,3.19,217,5938.07
3115,47.86,50.21,3,0,1,0,11,-1.366,Toys,37,0,3.5,119,5695.5
3116,176.72,179.06,6,1,2,0,2,1.7321,Clothing,8,0,3.31,100,17671.93
3117,150.36,135.1,2,0,22,0,10,-1.7321,Electronics,90,0,1.06,56,8420.01
3118,12.61,12.93,1,0,4,0,4,0.0,Food,60,1,3.14,217,2736.73
3119,57.19,72.94,5,1,15,0,11,-1.366,Food,86,1,1.15,141,8064.0
3120,50.74,41.79,6,1,9,1,7,0.366,Toys,5,0,2.8,223,11314.4
3121,61.45,67.16,5,1,10,1,5,-0.366,Clothing,98,0,1.18,165,10139.78
3122,57.04,41.41,0,0,18,1,10,-1.7321,Electronics,27,0,2.82,138,7871.02
3123,21.88,16.19,2,0,15,0,4,0.0,Toys,19,1,2.22,231,5054.28
3124,97.2,100.22,3,0,11,1,10,-1.7321,Clothing,43,0,4.1,124,12052.64
3125,149.22,113.85,2,0,1,0,10,-1.7321,Toys,43,0,2.92,48,7162.53
3126,125.28,89.38,5,1,10,1,3,1.0,Food,35,0,3.05,131,16411.55
3127,137.85,110.68,0,0,21,1,6,-0.0,Food,84,0,4.61,112,15438.71
3128,25.42,26.41,2,0,0,0,2,1.7321,Clothing,55,0,2.93,251,6380.0
3129,190.78,214.06,6,1,23,0,4,0.0,Toys,61,0,1.63,71,13545.61
3130,169.31,139.09,3,0,4,0,12,-0.0,Clothing,47,0,1.45,30,5079.4
3131,162.97,179.42,4,0,20,1,8,0.0,Books,77,0,2.22,88,14341.11
3132,166.37,134.67,5,1,13,0,2,1.7321,Clothing,56,0,2.06,111,18466.73
3133,187.21,199.96,1,0,17,1,9,-1.0,Books,82,0,4.27,82,15351.63
3134,113.41,107.42,1,0,6,0,2,1.7321,Food,18,0,4.04,154,17464.87
3135,48.05,52.49,5,1,4,0,8,0.0,Electronics,65,0,1.23,173,8313.27
3136,127.19,164.97,4,0,7,0,8,0.0,Food,96,0,1.8,83,10556.68
3137,151.15,190.85,0,0,20,1,7,0.366,Electronics,53,0,2.8,231,34915.07
3138,150.2,105.53,2,0,14,0,10,-1.7321,Toys,89,1,1.35,73,10964.91
3139,109.08,134.3,2,0,4,0,6,-0.0,Electronics,85,0,1.66,143,15597.77
3140,23.01,17.02,4,0,12,1,1,1.366,Toys,91,0,4.63,256,5889.83
3141,80.51,102.4,6,1,18,1,2,1.7321,Books,11,1,3.16,281,22623.72
3142,184.95,160.74,4,0,1,0,7,0.366,Toys,1,0,4.19,131,24227.88
3143,121.05,112.48,3,0,4,0,11,-1.366,Clothing,83,1,2.32,132,15977.98
3144,112.28,84.77,3,0,4,0,4,0.0,Clothing,96,0,2.5,117,13137.12
3145,61.08,46.87,1,0,5,0,9,-1.0,Clothing,8,0,4.43,123,7513.11
3146,80.01,90.89,0,0,15,0,3,1.0,Food,19,0,3.63,167,13360.88
3147,180.12,228.13,0,0,1,0,4,0.0,Clothing,55,1,3.71,159,28638.41
3148,136.63,145.71,6,1,4,0,3,1.0,Toys,16,0,3.56,174,23773.27
3149,159.6,180.27,4,0,14,0,7,0.366,Toys,99,0,3.16,124,19790.84
3150,96.33,111.47,1,0,0,0,2,1.7321,Toys,66,0,4.96,210,20228.38
3151,129.75,111.28,1,0,18,1,10,-1.7321,Clothing,12,0,4.58,87,11287.99
3152,57.19,41.59,3,0,2,0,12,-0.0,Books,93,1,3.84,214,12239.28
3153,144.04,100.99,2,0,18,1,12,-0.0,Books,74,1,3.71,130,18724.88
3154,91.24,83.07,6,1,14,0,2,1.7321,Food,62,0,1.34,144,13139.17
3155,94.08,79.49,0,0,2,0,2,1.7321,Toys,86,0,2.94,202,19004.9
3156,133.37,98.35,6,1,7,0,12,-0.0,Toys,98,0,2.98,104,13870.61
3157,187.89,151.76,1,0,14,0,4,0.0,Food,58,0,1.21,0,0.0
3158,22.16,17.17,3,0,0,0,8,0.0,Toys,21,0,4.02,178,3944.69
3159,166.7,208.2,3,0,5,0,8,0.0,Electronics,37,0,1.01,101,16836.82
3160,65.55,51.4,3,0,21,1,8,0.0,Food,5,0,2.7,166,10881.76
3161,94.34,96.48,6,1,16,0,8,0.0,Toys,70,0,4.61,144,13585.64
3162,14.16,14.95,2,0,15,0,7,0.366,Food,32,1,2.36,238,3370.92
3163,67.2,68.95,1,0,12,1,6,-0.0,Electronics,67,1,3.33,272,18278.06
3164,105.5,80.12,4,0,0,0,12,-0.0,Electronics,10,0,2.23,137,14453.49
3165,20.67,18.43,4,0,2,0,7,0.366,Clothing,69,0,1.72,177,3659.2
3166,103.31,75.49,3,0,23,0,5,-0.366,Toys,88,1,3.92,164,16942.54
3167,186.15,174.5,3,0,5,0,8,0.0,Electronics,84,0,1.82,86,16008.99
3168,30.02,24.41,2,0,19,1,2,1.7321,Electronics,62,0,1.29,265,7956.55
3169,155.24,160.98,3,0,20,1,5,-0.366,Electronics,37,1,2.74,243,37724.23
3170,87.84,98.0,5,1,2,0,7,0.366,Clothing,95,0,3.84,151,13263.46
3171,134.48,137.07,1,0,14,0,9,-1.0,Toys,47,1,3.32,127,17079.34
3172,59.44,57.1,3,0,14,0,10,-1.7321,Food,81,0,1.98,82,4874.49
3173,40.3,37.58,3,0,10,1,1,1.366,Clothing,49,1,4.27,298,12010.45
3174,40.49,48.79,1,0,21,1,11,-1.366,Toys,24,0,1.39,170,6882.94
3175,23.39,19.45,0,0,5,0,9,-1.0,Electronics,82,0,3.68,198,4631.91
3176,45.27,51.64,5,1,5,0,3,1.0,Clothing,26,0,3.43,236,10684.4
3177,136.2,157.24,5,1,8,0,1,1.366,Books,55,0,4.6,152,20702.66
3178,177.52,168.91,4,0,13,0,7,0.366,Books,7,0,3.11,54,9586.15
3179,164.68,144.66,3,0,10,1,3,1.0,Electronics,78,0,4.28,209,34418.93
3180,140.18,137.7,1,0,23,0,8,0.0,Toys,41,0,1.86,109,15279.13
3181,30.98,23.42,4,0,5,0,11,-1.366,Toys,2,1,3.18,204,6320.34
3182,64.95,47.25,6,1,17,1,2,1.7321,Clothing,30,0,3.13,236,15327.17
3183,68.86,52.82,6,1,19,1,4,0.0,Books,81,0,2.18,176,12119.94
3184,57.49,46.7,2,0,14,0,12,-0.0,Toys,20,1,1.02,185,10635.99
3185,107.85,108.12,6,1,21,1,2,1.7321,Clothing,56,0,3.98,234,25237.15
3186,111.76,135.17,6,1,8,0,11,-1.366,Clothing,74,0,2.59,91,10169.73
3187,77.81,65.47,0,0,10,1,4,0.0,Books,24,0,2.2,163,12682.76
3188,77.22,97.38,3,0,1,0,12,-0.0,Electronics,12,0,1.78,174,13436.27
3189,167.43,213.12,0,0,5,0,1,1.366,Clothing,91,0,4.41,139,23272.15
3190,159.97,204.01,3,0,22,0,10,-1.7321,Electronics,15,0,2.34,100,15996.56
3191,68.48,82.35,3,0,13,0,5,-0.366,Books,73,1,1.82,193,13216.87
3192,183.62,168.62,3,0,13,0,3,1.0,Clothing,82,0,3.09,78,14322.34
3193,191.03,142.06,0,0,23,0,9,-1.0,Food,48,0,4.13,0,0.0
3194,72.08,75.06,5,1,12,1,4,0.0,Books,61,1,3.41,212,15281.19
3195,77.34,80.06,2,0,4,0,6,-0.0,Books,71,0,4.84,171,13225.27
3196,106.07,128.34,5,1,8,0,9,-1.0,Food,28,0,4.83,99,10500.98
3197,188.81,245.0,1,0,10,1,2,1.7321,Books,100,1,4.61,220,41538.85
3198,176.5,177.36,1,0,6,0,7,0.366,Food,3,0,3.26,66,11649.05
3199,29.49,26.75,6,1,1,0,3,1.0,Food,16,0,4.07,206,6074.51
3200,84.62,68.67,5,1,23,0,1,1.366,Books,36,1,2.15,196,16585.29
3201,115.14,80.93,2,0,11,1,9,-1.0,Food,4,0,3.3,108,12435.18
3202,105.6,106.17,6,1,4,0,9,-1.0,Food,99,0,1.27,38,4012.62
3203,46.83,48.39,2,0,23,0,12,-0.0,Books,9,0,2.05,154,7212.43
3204,173.18,206.94,3,0,1,0,11,-1.366,Food,12,0,2.3,0,0.0
3205,138.62,139.0,3,0,13,0,4,0.0,Electronics,74,0,2.44,124,17188.72
3206,169.2,211.48,1,0,6,0,9,-1.0,Books,44,0,1.64,32,5414.48
3207,173.17,186.47,3,0,4,0,7,0.366,Books,66,0,1.33,76,13160.56
3208,152.19,183.26,6,1,3,0,4,0.0,Electronics,19,0,3.31,144,21915.02
3209,93.45,73.73,3,0,9,1,12,-0.0,Toys,13,0,2.97,165,15419.25
3210,126.0,152.87,2,0,15,0,2,1.7321,Clothing,55,0,3.34,177,22302.69
3211,40.47,44.72,0,0,5,0,5,-0.366,Food,97,0,1.52,127,5139.62
3212,137.99,110.69,5,1,20,1,8,0.0,Food,65,1,4.79,171,23596.74
3213,44.06,35.86,4,0,5,0,10,-1.7321,Clothing,92,0,2.65,105,4626.1
3214,141.85,178.15,4,0,8,0,10,-1.7321,Food,70,0,2.8,44,6241.42
3215,53.62,38.57,3,0,0,0,6,-0.0,Food,3,0,3.19,180,9652.26
3216,32.33,31.61,3,0,15,0,12,-0.0,Electronics,25,1,3.76,229,7404.66
3217,41.4,36.77,5,1,16,0,12,-0.0,Electronics,52,1,2.54,191,7908.17
3218,10.38,11.41,4,0,12,1,11,-1.366,Electronics,16,0,1.57,179,1857.75
3219,146.56,176.43,2,0,5,0,5,-0.366,Electronics,43,0,4.13,133,19492.55
3220,149.16,136.66,4,0,1,0,4,0.0,Books,56,0,2.04,51,7606.97
3221,107.84,103.11,4,0,7,0,11,-1.366,Food,68,0,2.77,41,4421.33
3222,40.66,52.42,6,1,22,0,6,-0.0,Clothing,8,0,3.53,189,7684.54
3223,25.88,30.28,4,0,21,1,11,-1.366,Food,80,0,4.86,164,4243.55
3224,13.63,16.88,3,0,3,0,3,1.0,Books,44,0,1.13,218,2972.32
3225,41.49,39.97,6,1,8,0,2,1.7321,Books,38,0,3.08,239,9916.62
3226,179.26,150.66,3,0,22,0,1,1.366,Food,23,0,4.74,59,10576.49
3227,55.89,52.94,5,1,6,0,9,-1.0,Food,6,0,2.02,96,5365.63
3228,77.31,87.34,4,0,20,1,1,1.366,Electronics,43,0,1.45,233,18013.59
3229,30.02,22.98,3,0,0,0,11,-1.366,Books,44,0,3.39,132,3962.06
3230,52.25,45.05,5,1,13,0,4,0.0,Food,80,0,1.61,132,6896.82
3231,108.65,79.1,4,0,1,0,6,-0.0,Clothing,80,0,4.52,122,13255.63
3232,125.47,120.38,2,0,7,0,9,-1.0,Clothing,23,0,3.89,76,9535.95
3233,56.62,67.74,3,0,10,1,4,0.0,Electronics,16,0,1.48,202,11436.62
3234,20.97,14.99,0,0,4,0,7,0.366,Electronics,100,1,3.31,239,5011.62
3235,84.3,93.16,5,1,17,1,7,0.366,Food,76,1,1.11,213,17955.1
3236,54.5,68.64,3,0,11,1,6,-0.0,Clothing,9,1,4.38,265,14442.14
3237,51.72,43.55,2,0,20,1,9,-1.0,Books,82,0,1.82,132,6826.41
3238,192.37,214.72,2,0,23,0,11,-1.366,Toys,9,0,3.93,36,6925.46
3239,127.1,163.33,3,0,19,1,10,-1.7321,Clothing,85,0,1.43,99,12582.61
3240,115.81,147.93,1,0,18,1,7,0.366,Books,58,0,2.89,172,19918.79
3241,89.0,74.84,5,1,4,0,3,1.0,Clothing,65,1,4.72,215,19134.41
3242,91.5,69.56,4,0,6,0,6,-0.0,Food,59,0,1.3,97,8875.44
3243,112.77,88.97,4,0,1,0,7,0.366,Toys,23,0,2.18,142,16013.62
3244,142.32,159.57,2,0,16,0,12,-0.0,Toys,69,0,4.13,147,20921.28
3245,143.41,162.83,3,0,12,1,7,0.366,Food,19,0,2.85,144,20650.72
3246,42.62,47.08,1,0,10,1,6,-0.0,Food,35,0,3.6,222,9462.05
3247,105.02,94.69,5,1,4,0,3,1.0,Electronics,97,0,4.25,197,20689.22
3248,88.27,70.78,0,0,12,1,6,-0.0,Books,55,0,4.14,183,16153.78
3249,175.4,183.9,4,0,22,0,2,1.7321,Books,82,0,2.58,122,21398.82
3250,129.97,128.7,6,1,12,1,10,-1.7321,Electronics,40,0,2.72,124,16116.23
3251,111.18,126.44,5,1,7,0,1,1.366,Books,14,0,3.28,168,18677.53
3252,31.92,30.8,5,1,10,1,8,0.0,Toys,84,1,1.49,257,8204.72
3253,125.07,112.96,1,0,7,0,3,1.0,Clothing,13,0,4.48,178,22262.67
3254,32.27,28.27,5,1,9,1,8,0.0,Toys,53,0,1.37,202,6518.29
3255,74.07,61.25,4,0,10,1,3,1.0,Electronics,80,0,1.74,217,16073.03
3256,37.14,31.92,3,0,0,0,2,1.7321,Books,95,0,4.78,254,9433.55
3257,141.49,107.1,4,0,6,0,12,-0.0,Books,39,0,2.13,67,9480.1
3258,49.19,44.67,0,0,7,0,8,0.0,Clothing,99,0,1.98,161,7919.25
3259,84.45,60.97,3,0,5,0,3,1.0,Clothing,84,0,2.7,156,13174.71
3260,180.18,146.28,2,0,13,0,8,0.0,Clothing,65,0,3.9,63,11351.23
3261,48.82,56.05,1,0,19,1,2,1.7321,Toys,56,1,2.46,323,15768.9
3262,106.48,95.33,4,0,6,0,4,0.0,Electronics,40,0,4.5,133,14162.23
3263,89.66,98.71,3,0,2,0,9,-1.0,Electronics,46,0,1.6,121,10849.06
3264,13.44,15.19,5,1,1,0,1,1.366,Electronics,77,0,1.47,194,2608.05
3265,160.62,168.45,3,0,21,1,2,1.7321,Toys,7,1,1.31,203,32606.68
3266,23.12,29.48,4,0,17,1,2,1.7321,Food,45,0,2.19,231,5340.42
3267,100.11,71.36,2,0,21,1,9,-1.0,Books,22,0,1.8,112,11212.15
3268,116.53,133.21,4,0,2,0,10,-1.7321,Toys,7,0,2.85,64,7457.85
3269,129.4,165.02,2,0,13,0,5,-0.366,Electronics,84,1,4.98,204,26397.81
3270,140.84,171.45,5,1,17,1,11,-1.366,Toys,52,0,4.47,151,21266.84
3271,58.12,46.54,4,0,12,1,4,0.0,Toys,100,0,4.58,207,12031.2
3272,11.9,10.66,3,0,7,0,10,-1.7321,Food,68,0,4.32,141,1677.33
3273,147.45,118.48,0,0,3,0,10,-1.7321,Clothing,70,1,2.09,85,12533.62
3274,111.77,118.57,0,0,14,0,4,0.0,Electronics,67,0,1.91,145,16207.34
3275,168.86,190.36,5,1,11,1,7,0.366,Toys,3,0,3.93,163,27524.57
3276,166.06,147.84,6,1,13,0,3,1.0,Clothing,58,1,3.4,160,26570.21
3277,170.23,174.27,6,1,19,1,9,-1.0,Books,67,0,1.82,46,7830.67
3278,102.17,113.87,3,0,6,0,5,-0.366,Books,100,1,4.87,172,17572.89
3279,73.39,69.93,0,0,23,0,11,-1.366,Books,54,0,2.7,118,8659.95
3280,160.4,194.47,5,1,11,1,9,-1.0,Toys,9,1,4.26,169,27106.93
3281,95.75,111.35,2,0,8,0,1,1.366,Toys,54,0,1.3,160,15319.34
3282,44.85,33.14,3,0,9,1,10,-1.7321,Food,80,0,1.14,114,5113.36
3283,172.45,184.98,6,1,7,0,12,-0.0,Electronics,51,0,2.82,112,19313.85
3284,177.69,149.47,2,0,19,1,8,0.0,Clothing,16,0,1.48,89,15814.09
3285,98.6,102.0,3,0,1,0,2,1.7321,Books,12,0,4.92,197,19423.97
3286,24.38,31.07,2,0,15,0,8,0.0,Clothing,20,0,4.25,207,5047.27
3287,83.69,102.72,2,0,20,1,4,0.0,Food,53,1,2.82,227,18996.94
3288,162.67,153.35,0,0,22,0,2,1.7321,Books,31,0,4.92,144,23424.79
3289,181.34,158.65,3,0,17,1,2,1.7321,Clothing,94,0,1.95,160,29013.93
3290,48.66,40.91,4,0,19,1,6,-0.0,Electronics,21,1,3.72,285,13868.05
3291,22.72,23.17,0,0,21,1,3,1.0,Electronics,3,0,1.07,243,5522.17
3292,176.7,135.8,2,0,23,0,11,-1.366,Food,21,0,2.49,0,0.0
3293,83.99,86.47,2,0,9,1,10,-1.7321,Clothing,92,0,1.32,103,8650.65
3294,112.93,79.14,6,1,5,0,3,1.0,Food,28,0,2.47,93,10502.92
3295,193.93,173.44,4,0,5,0,9,-1.0,Food,5,0,2.52,0,0.0
3296,22.65,18.84,6,1,21,1,5,-0.366,Food,71,0,2.5,213,4823.87
3297,133.18,170.83,4,0,19,1,7,0.366,Toys,69,0,2.66,185,24638.38
3298,24.08,27.36,2,0,12,1,12,-0.0,Electronics,73,0,3.47,232,5586.57
3299,81.34,74.0,4,0,18,1,5,-0.366,Toys,47,0,1.76,159,12932.92
3300,162.72,122.97,1,0,16,0,2,1.7321,Toys,85,1,1.94,184,29941.36
3301,92.36,93.29,6,1,1,0,11,-1.366,Electronics,20,1,3.58,170,15701.15
3302,199.46,165.17,6,1,17,1,11,-1.366,Food,38,0,2.86,0,0.0
3303,116.22,118.76,0,0,6,0,8,0.0,Clothing,37,0,1.65,71,8251.71
3304,71.02,85.31,3,0,13,0,9,-1.0,Food,58,0,4.15,93,6604.94
3305,51.82,55.42,6,1,21,1,11,-1.366,Food,17,0,4.72,188,9742.38
3306,76.6,82.75,4,0,14,0,2,1.7321,Toys,42,0,2.86,169,12945.21
3307,80.78,82.77,4,0,7,0,2,1.7321,Clothing,92,0,3.46,172,13894.39
3308,23.06,28.97,1,0,8,0,4,0.0,Electronics,95,0,4.26,204,4703.34
3309,80.22,101.01,3,0,20,1,8,0.0,Books,97,0,4.86,218,17487.76
3310,98.21,98.96,1,0,10,1,5,-0.366,Electronics,32,0,4.88,168,16498.49
3311,147.32,130.15,3,0,2,0,5,-0.366,Clothing,62,0,4.69,91,13406.14
3312,134.78,131.51,6,1,19,1,7,0.366,Electronics,96,0,4.26,209,28168.73
3313,144.67,117.46,6,1,13,0,12,-0.0,Toys,87,0,2.7,82,11862.57
3314,11.59,12.54,0,0,7,0,4,0.0,Clothing,21,0,3.68,195,2259.87
3315,51.36,51.36,4,0,2,0,12,-0.0,Books,89,0,4.05,181,9295.58
3316,135.72,103.42,0,0,17,1,9,-1.0,Books,33,1,1.37,122,16557.84
3317,101.96,83.46,3,0,22,0,4,0.0,Clothing,67,0,1.47,100,10195.8
3318,11.01,10.88,4,0,13,0,8,0.0,Electronics,6,1,3.82,244,2686.33
3319,162.85,200.73,6,1,19,1,3,1.0,Books,92,1,3.67,204,33222.21
3320,156.83,163.08,1,0,7,0,6,-0.0,Clothing,66,0,4.22,107,16781.22
3321,114.2,126.64,6,1,16,0,1,1.366,Clothing,32,0,1.74,148,16901.55
3322,22.63,20.44,6,1,7,0,7,0.366,Clothing,64,0,4.75,197,4457.72
3323,155.64,162.31,2,0,4,0,11,-1.366,Food,26,0,1.95,0,0.0
3324,120.91,117.09,1,0,11,1,7,0.366,Electronics,62,1,1.54,193,23334.78
3325,158.57,173.71,2,0,1,0,2,1.7321,Clothing,5,0,2.3,131,20772.98
3326,152.83,111.62,1,0,16,0,5,-0.366,Clothing,11,0,4.23,72,11003.9
3327,162.57,161.92,3,0,12,1,4,0.0,Food,74,0,1.11,83,13493.34
3328,108.42,95.15,0,0,21,1,10,-1.7321,Toys,79,0,1.91,114,12360.05
3329,36.66,32.84,2,0,13,0,9,-1.0,Food,82,0,4.82,145,5315.94
3330,137.52,175.55,3,0,8,0,12,-0.0,Clothing,49,1,1.07,143,19665.35
3331,127.89,103.54,0,0,8,0,2,1.7321,Electronics,78,0,2.11,160,20462.4
3332,151.03,133.92,0,0,8,0,3,1.0,Food,92,0,2.3,45,6796.26
3333,42.28,42.53,4,0,19,1,1,1.366,Clothing,94,0,4.7,248,10484.79
3334,47.05,57.29,6,1,5,0,10,-1.7321,Electronics,62,0,4.4,138,6492.25
3335,179.18,170.22,4,0,11,1,5,-0.366,Food,60,0,2.84,48,8600.53
3336,152.5,174.81,6,1,9,1,3,1.0,Books,77,1,2.27,196,29889.17
3337,182.56,221.6,4,0,21,1,12,-0.0,Electronics,84,0,4.78,172,31400.91
3338,154.16,136.58,2,0,4,0,4,0.0,Clothing,2,0,1.75,70,10790.91
3339,123.46,115.51,2,0,17,1,4,0.0,Electronics,89,0,2.91,161,19876.98
3340,134.29,122.73,6,1,6,0,6,-0.0,Electronics,59,0,2.67,145,19471.36
3341,178.93,214.67,0,0,12,1,10,-1.7321,Clothing,76,0,4.74,106,18967.04
3342,119.97,87.17,2,0,0,0,7,0.366,Books,25,0,4.02,106,12717.17
3343,130.15,115.19,0,0,5,0,7,0.366,Electronics,68,0,2.85,157,20434.23
3344,39.73,44.01,3,0,20,1,11,-1.366,Clothing,42,1,3.43,233,9257.22
3345,100.05,103.97,1,0,20,1,8,0.0,Electronics,76,0,4.63,213,21309.59
3346,146.12,140.53,0,0,7,0,3,1.0,Toys,71,0,4.32,148,21625.09
3347,61.48,62.95,0,0,8,0,5,-0.366,Books,55,0,3.46,122,7500.45
3348,48.43,39.64,3,0,6,0,12,-0.0,Toys,38,0,4.66,188,9104.52
3349,69.63,66.73,6,1,9,1,10,-1.7321,Electronics,96,1,2.52,212,14760.94
3350,55.89,55.94,4,0,7,0,6,-0.0,Books,43,0,3.93,173,9668.13
3351,50.83,63.07,5,1,1,0,12,-0.0,Clothing,70,0,1.06,151,7675.84
3352,90.72,77.7,6,1,17,1,6,-0.0,Toys,53,1,3.33,234,21228.87
3353,182.49,222.76,4,0,14,0,12,-0.0,Books,91,0,1.55,68,12409.27
3354,106.34,115.54,4,0,23,0,8,0.0,Books,99,0,3.1,133,14143.4
3355,45.7,32.55,6,1,5,0,5,-0.366,Electronics,21,0,1.99,158,7221.37
3356,24.62,27.94,6,1,23,0,5,-0.366,Toys,20,0,2.52,191,4703.3
3357,142.27,102.62,0,0,13,0,1,1.366,Clothing,19,1,4.17,173,24612.65
3358,82.73,107.42,0,0,21,1,1,1.366,Food,33,0,1.23,193,15967.23
3359,166.15,203.3,2,0,23,0,6,-0.0,Electronics,63,0,3.15,152,25254.48
3360,135.31,118.85,2,0,17,1,10,-1.7321,Books,68,0,1.58,65,8794.96
3361,161.29,137.81,1,0,23,0,10,-1.7321,Toys,60,0,3.29,42,6774.01
3362,61.67,57.28,1,0,2,0,5,-0.366,Food,19,0,3.53,151,9312.13
3363,141.55,129.33,5,1,0,0,11,-1.366,Books,28,0,1.73,7,990.84
3364,60.17,55.56,6,1,22,0,10,-1.7321,Toys,22,0,1.02,94,5656.15
3365,188.42,167.88,2,0,0,0,6,-0.0,Toys,51,0,1.34,44,8290.61
3366,130.91,140.43,6,1,13,0,9,-1.0,Food,88,0,3.76,67,8771.04
3367,71.66,57.22,0,0,0,0,8,0.0,Books,63,0,2.52,122,8742.18
3368,61.21,73.91,3,0,0,0,7,0.366,Food,62,0,2.49,167,10221.61
3369,46.28,54.95,2,0,3,0,7,0.366,Clothing,94,0,3.77,207,9579.14
3370,141.98,139.98,0,0,11,1,6,-0.0,Electronics,29,0,2.99,161,22859.07
3371,51.56,62.47,6,1,14,0,6,-0.0,Electronics,74,1,3.55,218,11239.2
3372,123.11,104.43,2,0,3,0,1,1.366,Clothing,32,0,4.68,165,20312.76
3373,60.28,42.83,4,0,9,1,12,-0.0,Books,73,0,3.03,202,12176.69
3374,135.77,145.49,2,0,10,1,7,0.366,Food,25,0,3.55,154,20909.21
3375,164.84,160.68,6,1,5,0,5,-0.366,Electronics,16,0,3.56,140,23077.4
3376,157.82,164.18,6,1,9,1,7,0.366,Clothing,15,0,3.14,128,20201.57
3377,154.56,191.6,5,1,11,1,6,-0.0,Toys,59,1,3.66,211,32612.53
3378,45.67,58.54,6,1,2,0,8,0.0,Electronics,48,0,4.34,187,8539.78
3379,26.79,28.95,4,0,14,0,3,1.0,Electronics,18,0,4.23,229,6135.63
3380,142.8,165.42,0,0,15,0,8,0.0,Clothing,23,0,1.23,94,13423.23
3381,79.99,60.01,4,0,9,1,7,0.366,Food,55,0,4.81,196,15677.25
3382,92.15,73.39,2,0,21,1,1,1.366,Electronics,42,0,4.39,250,23036.45
3383,15.92,18.15,4,0,22,0,3,1.0,Food,3,0,4.88,259,4122.85
3384,59.32,56.88,5,1,10,1,10,-1.7321,Clothing,71,0,1.78,126,7474.26
3385,16.4,15.87,3,0,15,0,4,0.0,Toys,52,0,3.15,212,3476.49
3386,177.05,156.71,4,0,16,0,9,-1.0,Electronics,11,0,2.76,73,12924.31
3387,56.25,59.87,6,1,13,0,12,-0.0,Food,55,0,2.51,148,8324.31
3388,115.89,94.0,5,1,15,0,6,-0.0,Food,88,0,2.63,97,11241.72
3389,17.41,18.73,4,0,13,0,7,0.366,Books,99,0,4.61,185,3220.12
3390,136.7,109.95,1,0,5,0,5,-0.366,Food,25,0,3.79,54,7381.85
3391,71.38,52.7,3,0,9,1,3,1.0,Food,92,0,2.3,159,11348.66
3392,180.6,162.22,0,0,16,0,5,-0.366,Clothing,76,1,2.52,73,13184.14
3393,178.74,149.91,6,1,22,0,12,-0.0,Food,87,1,2.87,63,11260.77
3394,71.81,88.56,5,1,9,1,7,0.366,Books,81,0,2.47,182,13068.55
3395,181.18,132.8,4,0,20,1,9,-1.0,Toys,41,0,1.84,65,11776.87
3396,199.27,160.61,3,0,9,1,12,-0.0,Books,37,0,2.74,60,11956.2
3397,166.83,171.71,0,0,13,0,9,-1.0,Toys,82,0,1.32,38,6339.5
3398,170.53,168.59,3,0,19,1,12,-0.0,Electronics,55,0,4.42,148,25237.78
3399,57.31,41.69,5,1,16,0,8,0.0,Toys,9,0,4.3,187,10717.28
3400,119.57,84.22,1,0,8,0,5,-0.366,Toys,99,1,4.57,163,19490.47
3401,22.78,29.45,5,1,14,0,7,0.366,Books,36,0,2.78,181,4122.93
3402,28.03,30.71,5,1,6,0,4,0.0,Clothing,57,0,3.6,175,4906.02
3403,199.79,183.66,0,0,1,0,10,-1.7321,Clothing,63,0,4.24,0,0.0
3404,72.06,70.78,0,0,3,0,5,-0.366,Toys,82,0,2.26,136,9800.36
3405,152.15,130.84,4,0,19,1,12,-0.0,Books,20,0,3.53,125,19019.37
3406,163.27,148.07,2,0,23,0,4,0.0,Clothing,85,0,2.75,79,12898.04
3407,173.02,188.5,5,1,17,1,3,1.0,Clothing,47,0,2.49,166,28722.05
3408,199.55,245.38,0,0,10,1,11,-1.366,Books,20,1,4.44,132,26340.52
3409,55.88,45.29,5,1,4,0,1,1.366,Toys,6,0,3.5,230,12853.4
3410,17.67,21.27,5,1,7,0,5,-0.366,Electronics,73,0,3.49,186,3286.0
3411,88.13,68.12,0,0,21,1,12,-0.0,Books,93,0,1.63,117,10310.79
3412,34.72,28.78,1,0,19,1,2,1.7321,Books,29,0,2.39,236,8192.82
3413,14.26,10.3,1,0,4,0,6,-0.0,Books,77,1,4.37,245,3493.93
3414,78.48,61.57,5,1,1,0,5,-0.366,Toys,100,0,1.85,114,8946.85
3415,158.91,198.7,1,0,4,0,11,-1.366,Toys,91,0,4.88,85,13507.37
3416,117.57,114.71,5,1,2,0,2,1.7321,Books,49,0,4.33,178,20928.23
3417,69.43,51.83,4,0,11,1,8,0.0,Clothing,6,0,2.07,191,13260.71
3418,134.32,171.38,0,0,18,1,5,-0.366,Electronics,39,1,1.43,183,24581.47
3419,54.08,66.38,5,1,6,0,2,1.7321,Food,32,0,1.68,204,11033.02
3420,12.73,14.68,1,0,18,1,1,1.366,Books,49,0,1.97,254,3234.05
3421,155.23,195.6,1,0,3,0,2,1.7321,Books,43,1,1.95,162,25146.8
3422,128.51,106.93,3,0,22,0,1,1.366,Toys,28,0,1.07,109,14007.72
3423,154.84,186.09,3,0,13,0,10,-1.7321,Toys,45,0,3.86,65,10064.44
3424,17.4,19.38,6,1,18,1,10,-1.7321,Food,65,0,4.91,182,3166.48
3425,169.05,206.56,1,0,17,1,3,1.0,Toys,50,1,2.15,208,35162.97
3426,127.71,150.46,6,1,6,0,3,1.0,Toys,54,0,1.07,120,15325.2
3427,117.05,106.26,6,1,14,0,12,-0.0,Clothing,51,0,4.67,155,18141.99
3428,128.68,149.86,6,1,20,1,10,-1.7321,Electronics,43,0,1.82,126,16213.26
3429,174.24,149.41,4,0,0,0,1,1.366,Clothing,64,0,1.03,92,16030.29
3430,121.52,109.02,2,0,11,1,7,0.366,Books,95,0,1.9,151,18349.21
3431,120.38,92.06,5,1,23,0,10,-1.7321,Clothing,30,0,1.42,23,2768.75
3432,198.23,249.98,3,0,18,1,7,0.366,Food,82,1,3.9,142,28148.52
3433,153.78,134.5,5,1,22,0,9,-1.0,Clothing,93,0,1.01,32,4920.92
3434,94.04,95.2,3,0,5,0,5,-0.366,Toys,42,0,2.77,111,10437.98
3435,144.41,134.99,0,0,12,1,4,0.0,Food,38,0,2.97,80,11552.43
3436,83.95,107.12,0,0,5,0,5,-0.366,Food,87,0,4.14,163,13684.47
3437,53.49,48.19,1,0,12,1,8,0.0,Books,86,0,3.09,233,12462.32
3438,123.4,144.03,0,0,14,0,8,0.0,Books,66,1,1.5,123,15178.43
3439,186.35,226.09,0,0,15,0,12,-0.0,Toys,69,0,2.71,106,19753.59
3440,186.54,179.33,2,0,7,0,4,0.0,Electronics,15,1,4.74,183,34136.18
3441,74.96,69.48,6,1,12,1,12,-0.0,Food,61,0,1.95,158,11844.0
3442,110.26,126.65,4,0,12,1,8,0.0,Toys,96,1,2.2,206,22713.3
3443,50.21,62.65,1,0,19,1,4,0.0,Books,6,0,4.49,209,10494.06
3444,199.17,229.63,2,0,19,1,4,0.0,Books,78,0,4.14,126,25095.41
3445,196.41,164.25,1,0,11,1,11,-1.366,Electronics,24,0,2.18,108,21212.54
3446,133.41,164.49,4,0,18,1,8,0.0,Food,85,0,3.83,135,18009.9
3447,162.84,151.86,1,0,16,0,2,1.7321,Food,14,1,1.34,104,16935.22
3448,145.87,152.54,5,1,2,0,4,0.0,Toys,12,0,3.17,110,16045.59
3449,122.7,147.1,5,1,14,0,1,1.366,Electronics,55,0,4.48,202,24785.41
3450,20.14,16.37,5,1,16,0,1,1.366,Clothing,68,0,4.37,226,4550.76
3451,96.41,112.86,0,0,5,0,11,-1.366,Toys,44,1,1.81,140,13496.73
3452,138.21,146.18,4,0,23,0,8,0.0,Food,85,0,3.13,85,11747.8
3453,138.73,171.47,2,0,18,1,4,0.0,Toys,81,0,2.59,176,24416.66
3454,80.89,64.97,2,0,11,1,6,-0.0,Toys,93,1,3.24,236,19090.82
3455,188.92,179.93,3,0,3,0,5,-0.366,Toys,51,1,1.3,102,19269.99
3456,41.8,50.15,2,0,20,1,10,-1.7321,Toys,80,0,4.93,188,7857.99
3457,105.07,74.76,6,1,22,0,6,-0.0,Food,82,0,3.25,77,8090.26
3458,141.27,108.4,5,1,11,1,4,0.0,Electronics,38,0,1.48,160,22602.87
3459,142.46,184.39,6,1,21,1,4,0.0,Electronics,41,0,3.57,178,25357.13
3460,133.24,115.69,6,1,1,0,7,0.366,Books,44,1,1.03,132,17587.87
3461,62.3,80.08,5,1,6,0,1,1.366,Books,75,1,1.03,235,14641.62
3462,39.68,32.12,3,0,15,0,9,-1.0,Clothing,96,0,1.72,154,6110.6
3463,130.83,119.92,0,0,23,0,10,-1.7321,Electronics,92,0,2.08,52,6803.09
3464,123.87,142.66,2,0,11,1,3,1.0,Toys,16,0,2.05,188,23287.07
3465,44.08,48.25,4,0,15,0,4,0.0,Books,98,1,2.77,201,8859.61
3466,143.98,150.98,3,0,13,0,9,-1.0,Toys,50,0,3.05,102,14685.6
3467,96.48,98.21,2,0,0,0,5,-0.366,Clothing,94,0,2.69,105,10130.68
3468,136.87,165.08,0,0,21,1,12,-0.0,Electronics,38,0,2.5,176,24089.91
3469,169.1,142.21,6,1,8,0,4,0.0,Food,86,1,3.68,103,17417.27
3470,42.25,40.79,4,0,6,0,12,-0.0,Clothing,5,0,1.99,147,6210.52
3471,13.64,10.82,4,0,4,0,6,-0.0,Food,9,1,3.51,236,3218.46
3472,158.03,167.13,6,1,9,1,1,1.366,Electronics,77,0,4.83,243,38401.17
3473,125.84,107.01,0,0,9,1,10,-1.7321,Food,39,0,2.89,80,10067.4
3474,142.93,128.68,2,0,17,1,1,1.366,Electronics,87,0,3.04,196,28014.58
3475,169.25,166.33,6,1,6,0,5,-0.366,Toys,27,1,3.91,156,26402.91
3476,162.53,116.38,1,0,17,1,5,-0.366,Clothing,32,0,3.03,91,14790.6
3477,192.57,145.43,2,0,12,1,11,-1.366,Toys,64,0,1.58,33,6354.97
3478,111.83,124.3,6,1,10,1,9,-1.0,Electronics,95,0,3.44,181,20240.81
3479,102.81,98.43,6,1,9,1,1,1.366,Electronics,33,0,3.04,223,22927.56
3480,86.36,105.26,3,0,21,1,3,1.0,Toys,90,0,4.81,221,19085.24
3481,39.2,43.78,3,0,8,0,3,1.0,Toys,18,0,1.37,161,6311.41
3482,118.8,83.73,2,0,14,0,4,0.0,Toys,76,0,3.15,112,13305.08
3483,62.63,67.02,5,1,13,0,12,-0.0,Clothing,67,0,3.47,166,10396.98
3484,185.05,139.94,3,0,2,0,7,0.366,Clothing,5,0,3.48,66,12213.2
3485,120.81,141.17,1,0,23,0,7,0.366,Electronics,78,1,1.24,182,21986.74
3486,122.64,158.81,5,1,13,0,10,-1.7321,Books,59,0,2.31,73,8952.69
3487,77.44,78.89,1,0,20,1,5,-0.366,Toys,76,0,2.05,181,14015.86
3488,19.88,22.06,4,0,15,0,9,-1.0,Food,4,0,3.72,180,3578.04
3489,16.03,13.5,3,0,22,0,7,0.366,Food,16,0,3.94,202,3238.33
3490,90.43,87.05,6,1,2,0,2,1.7321,Food,75,0,1.84,157,14198.09
3491,26.07,31.64,5,1,7,0,12,-0.0,Toys,100,0,4.3,199,5187.42
3492,125.3,100.3,2,0,1,0,3,1.0,Books,48,0,2.94,99,12404.79
3493,177.38,152.43,5,1,23,0,11,-1.366,Books,66,0,2.05,0,0.0
3494,177.75,171.93,6,1,1,0,7,0.366,Clothing,77,0,2.2,68,12087.26
3495,135.22,152.44,4,0,22,0,5,-0.366,Books,8,0,2.05,71,9600.52
3496,50.13,46.4,1,0,17,1,7,0.366,Food,44,0,3.42,232,11631.1
3497,173.97,218.62,4,0,6,0,9,-1.0,Food,21,0,3.11,1,173.97
3498,178.36,134.96,0,0,16,0,9,-1.0,Toys,26,0,4.75,51,9096.25
3499,47.36,43.69,3,0,5,0,3,1.0,Clothing,35,0,2.09,184,8715.01
3500,150.11,168.93,2,0,9,1,8,0.0,Electronics,15,0,2.28,175,26269.42
3501,64.44,53.84,1,0,6,0,6,-0.0,Clothing,40,0,1.03,120,7732.65
3502,162.5,177.75,4,0,3,0,4,0.0,Electronics,30,0,2.19,87,14137.64
3503,199.48,159.29,2,0,10,1,4,0.0,Clothing,66,0,2.0,57,11370.09
3504,15.7,11.52,3,0,15,0,4,0.0,Books,80,0,2.61,172,2701.25
3505,180.5,139.46,6,1,16,0,7,0.366,Clothing,13,0,2.98,82,14800.96
3506,128.3,161.4,2,0,5,0,6,-0.0,Toys,1,1,3.68,218,27969.36
3507,194.94,201.0,3,0,19,1,2,1.7321,Electronics,43,0,1.77,195,38013.83
3508,98.35,115.84,3,0,18,1,5,-0.366,Books,28,0,3.23,185,18195.08
3509,171.0,153.83,3,0,19,1,5,-0.366,Books,1,0,3.91,126,21546.47
3510,21.85,23.07,4,0,21,1,6,-0.0,Clothing,40,0,1.96,244,5332.59
3511,73.7,73.48,6,1,20,1,7,0.366,Books,34,0,2.4,182,13413.95
3512,22.73,28.81,3,0,17,1,12,-0.0,Food,13,0,1.82,225,5114.96
3513,195.32,224.33,2,0,14,0,11,-1.366,Food,61,0,1.44,0,0.0
3514,165.23,188.08,6,1,1,0,8,0.0,Food,66,0,4.02,48,7930.8
3515,171.98,125.17,0,0,18,1,12,-0.0,Clothing,4,0,1.96,77,13242.77
3516,188.21,193.82,2,0,5,0,10,-1.7321,Electronics,89,0,2.47,57,10728.16
3517,26.17,25.65,4,0,11,1,8,0.0,Clothing,98,0,1.99,224,5862.0
3518,83.26,104.64,3,0,0,0,11,-1.366,Toys,13,1,1.18,169,14071.54
3519,23.5,20.08,6,1,22,0,5,-0.366,Books,36,0,3.92,159,3735.96
3520,50.05,43.14,0,0,23,0,2,1.7321,Food,96,1,3.57,253,12662.82
3521,53.58,50.73,4,0,22,0,10,-1.7321,Clothing,61,0,2.9,101,5411.53
3522,99.13,83.87,1,0,10,1,8,0.0,Clothing,58,1,3.7,254,25179.11
3523,61.03,47.45,1,0,18,1,6,-0.0,Books,85,0,4.39,196,11961.26
3524,29.19,35.44,1,0,21,1,3,1.0,Clothing,90,0,3.47,247,7208.9
3525,41.82,43.29,0,0,3,0,4,0.0,Food,15,0,4.63,176,7360.9
3526,37.98,46.22,6,1,20,1,12,-0.0,Books,93,0,1.81,211,8014.28
3527,194.88,233.6,2,0,18,1,1,1.366,Electronics,90,0,4.53,247,48136.49
3528,154.27,134.09,0,0,20,1,3,1.0,Food,85,0,3.17,83,12804.04
3529,193.87,199.43,6,1,5,0,4,0.0,Toys,12,0,4.37,87,16867.1
3530,93.55,70.16,0,0,7,0,2,1.7321,Toys,76,0,3.98,187,17493.98
3531,62.89,78.56,6,1,21,1,12,-0.0,Books,69,0,1.23,178,11194.42
3532,161.68,152.39,0,0,8,0,6,-0.0,Food,61,0,4.35,91,14712.49
3533,71.99,67.4,1,0,9,1,8,0.0,Food,42,1,2.35,208,14973.55
3534,66.88,58.97,5,1,9,1,12,-0.0,Food,90,0,2.69,198,13242.8
3535,54.18,52.9,6,1,9,1,6,-0.0,Toys,32,1,1.04,226,12243.81
3536,34.64,29.48,6,1,3,0,10,-1.7321,Books,2,1,4.03,167,5784.71
3537,58.73,54.32,6,1,17,1,3,1.0,Toys,8,0,2.87,240,14094.72
3538,77.51,91.46,2,0,11,1,9,-1.0,Clothing,91,0,4.76,175,13564.38
3539,138.06,165.75,5,1,10,1,4,0.0,Electronics,54,1,2.12,208,28716.25
3540,21.89,19.32,5,1,15,0,6,-0.0,Toys,8,0,2.98,199,4355.58
3541,50.0,49.07,0,0,18,1,4,0.0,Books,88,1,2.64,265,13249.02
3542,163.71,200.43,2,0,10,1,4,0.0,Toys,13,0,4.17,172,28158.89
3543,37.92,27.74,5,1,22,0,11,-1.366,Clothing,29,0,3.14,133,5042.72
3544,75.1,92.64,3,0,3,0,2,1.7321,Clothing,13,0,2.84,210,15771.54
3545,174.29,144.92,0,0,11,1,10,-1.7321,Clothing,58,0,4.79,76,13245.67
3546,39.44,43.66,0,0,16,0,2,1.7321,Clothing,63,0,2.51,236,9306.85
3547,25.72,26.99,0,0,23,0,2,1.7321,Electronics,87,0,2.96,222,5709.84
3548,102.06,105.3,3,0,12,1,2,1.7321,Food,47,0,3.22,191,19493.88
3549,67.46,82.01,3,0,3,0,8,0.0,Clothing,79,0,1.22,142,9579.28
3550,117.05,89.07,1,0,5,0,10,-1.7321,Electronics,88,0,3.11,77,9012.66
3551,162.72,147.79,4,0,6,0,4,0.0,Toys,87,0,2.34,87,14156.89
3552,36.06,36.89,2,0,7,0,4,0.0,Clothing,74,1,3.6,234,8437.62
3553,120.33,142.81,4,0,1,0,10,-1.7321,Toys,38,1,3.57,141,16966.93
3554,106.05,88.0,0,0,8,0,10,-1.7321,Toys,69,1,3.85,120,12725.6
3555,37.37,44.17,5,1,9,1,11,-1.366,Books,69,0,2.6,159,5942.62
3556,128.56,120.82,0,0,18,1,3,1.0,Electronics,95,0,1.42,212,27254.66
3557,61.99,50.42,5,1,0,0,5,-0.366,Electronics,40,1,2.76,196,12150.37
3558,102.69,118.65,1,0,15,0,4,0.0,Clothing,1,0,3.21,205,21051.15
3559,25.63,19.34,6,1,17,1,7,0.366,Clothing,2,0,1.1,194,4972.56
3560,97.32,98.18,4,0,7,0,10,-1.7321,Clothing,29,0,3.19,72,7007.11
3561,68.23,50.37,6,1,9,1,7,0.366,Electronics,7,1,2.6,265,18080.44
3562,166.25,151.93,6,1,21,1,6,-0.0,Toys,93,0,2.91,132,21945.32
3563,20.83,22.09,0,0,10,1,7,0.366,Toys,57,0,2.21,215,4477.58
3564,89.54,92.55,4,0,16,0,12,-0.0,Clothing,55,1,2.97,224,20055.93
3565,97.1,91.55,1,0,6,0,7,0.366,Toys,73,0,4.53,152,14759.5
3566,147.75,141.46,4,0,2,0,8,0.0,Clothing,36,1,4.15,140,20685.16
3567,119.11,99.59,5,1,6,0,11,-1.366,Food,7,0,3.46,41,4883.7
3568,136.77,133.15,2,0,5,0,1,1.366,Toys,92,0,3.51,139,19011.08
3569,157.64,200.51,6,1,2,0,3,1.0,Electronics,10,0,4.58,181,28532.72
3570,173.82,210.37,1,0,7,0,12,-0.0,Books,80,0,2.92,68,11819.66
3571,69.64,54.81,4,0,0,0,3,1.0,Electronics,74,0,3.16,169,11768.54
3572,112.22,80.56,0,0,4,0,5,-0.366,Electronics,39,0,4.44,137,15374.73
3573,169.62,213.74,3,0,23,0,10,-1.7321,Books,58,0,4.02,28,4749.37
3574,198.0,201.17,3,0,18,1,7,0.366,Clothing,90,0,2.73,111,21977.52
3575,179.01,183.07,1,0,12,1,10,-1.7321,Toys,98,0,2.22,52,9308.45
3576,80.58,94.15,3,0,10,1,6,-0.0,Electronics,98,0,3.07,225,18130.23
3577,47.08,41.85,2,0,21,1,4,0.0,Toys,40,0,1.48,203,9557.57
3578,102.98,101.87,1,0,10,1,6,-0.0,Books,14,0,3.72,175,18022.3
3579,150.91,193.35,0,0,1,0,7,0.366,Books,82,0,2.86,109,16449.39
3580,103.59,114.29,0,0,8,0,4,0.0,Toys,1,1,3.38,233,24136.03
3581,101.8,80.65,1,0,1,0,11,-1.366,Toys,17,0,4.38,103,10485.85
3582,169.26,132.01,3,0,20,1,8,0.0,Books,49,0,2.43,73,12356.26
3583,78.67,64.71,3,0,18,1,5,-0.366,Clothing,86,1,2.99,198,15576.01
3584,173.36,201.1,0,0,11,1,3,1.0,Toys,16,1,3.22,233,40393.11
3585,87.29,76.58,2,0,8,0,2,1.7321,Food,7,0,2.12,142,12395.59
3586,72.36,51.58,5,1,8,0,1,1.366,Food,15,0,2.1,161,11650.65
3587,96.26,121.91,3,0,22,0,4,0.0,Toys,21,0,3.1,152,14631.23
3588,154.86,124.18,2,0,9,1,2,1.7321,Electronics,66,0,2.03,193,29888.93
3589,33.94,23.95,6,1,4,0,12,-0.0,Books,59,0,4.44,195,6618.38
3590,47.32,39.86,3,0,8,0,3,1.0,Clothing,48,0,4.98,227,10741.56
3591,190.77,160.44,5,1,22,0,1,1.366,Food,89,1,1.84,76,14498.86
3592,43.34,41.32,1,0,17,1,6,-0.0,Food,73,0,3.3,202,8755.37
3593,117.87,147.6,4,0,9,1,4,0.0,Electronics,84,0,1.58,201,23691.51
3594,120.07,147.39,0,0,16,0,5,-0.366,Toys,50,0,1.74,137,16449.56
3595,103.03,100.36,1,0,9,1,8,0.0,Electronics,10,0,4.06,211,21739.04
3596,132.5,125.42,3,0,13,0,11,-1.366,Clothing,52,0,1.8,81,10732.63
3597,53.67,55.44,5,1,3,0,4,0.0,Toys,85,0,4.0,159,8533.07
3598,115.01,97.3,0,0,9,1,6,-0.0,Food,68,1,2.62,156,17940.91
3599,80.71,59.03,4,0,23,0,3,1.0,Food,30,1,2.92,158,12752.64
3600,135.72,171.48,4,0,21,1,8,0.0,Books,34,0,2.04,127,17236.03
3601,36.83,29.91,5,1,17,1,3,1.0,Clothing,94,1,3.2,275,10128.93
3602,118.47,97.03,5,1,4,0,7,0.366,Food,78,0,2.33,93,11017.4
3603,45.2,44.45,3,0,8,0,7,0.366,Electronics,86,1,1.7,227,10260.71
3604,62.94,62.63,0,0,5,0,3,1.0,Food,65,0,1.56,184,11581.36
3605,51.55,36.66,6,1,15,0,3,1.0,Electronics,60,0,5.0,225,11599.84
3606,44.74,35.29,6,1,21,1,10,-1.7321,Electronics,8,0,2.38,133,5950.31
3607,166.89,154.68,3,0,22,0,10,-1.7321,Toys,75,0,4.22,26,4339.01
3608,64.28,71.37,4,0,15,0,12,-0.0,Toys,65,0,2.37,152,9771.23
3609,186.15,155.82,1,0,10,1,11,-1.366,Food,69,0,3.49,4,744.61
3610,194.29,185.31,1,0,20,1,8,0.0,Food,57,0,4.36,67,13017.16
3611,118.54,122.62,2,0,14,0,11,-1.366,Electronics,45,0,3.78,91,10787.09
3612,37.17,45.84,4,0,18,1,3,1.0,Toys,49,0,1.28,228,8474.81
3613,81.16,72.69,6,1,2,0,2,1.7321,Food,74,0,1.77,174,14122.56
3614,161.57,126.05,6,1,15,0,5,-0.366,Toys,62,0,4.49,85,13733.38
3615,79.8,79.29,4,0,20,1,11,-1.366,Clothing,39,0,2.88,141,11252.4
3616,26.53,30.46,3,0,19,1,7,0.366,Electronics,77,0,3.39,259,6872.12
3617,115.79,88.68,2,0,4,0,8,0.0,Toys,21,0,1.1,84,9726.29
3618,170.57,162.86,5,1,8,0,1,1.366,Food,100,0,2.95,52,8869.79
3619,161.23,114.58,2,0,4,0,12,-0.0,Electronics,53,1,2.72,130,20959.38
3620,43.27,31.16,0,0,3,0,2,1.7321,Books,45,0,3.74,234,10125.97
3621,137.83,136.42,3,0,12,1,7,0.366,Electronics,97,0,2.1,168,23154.65
3622,51.9,45.61,5,1,19,1,9,-1.0,Clothing,28,1,3.98,218,11313.29
3623,51.46,62.11,5,1,16,0,3,1.0,Electronics,53,1,3.68,262,13482.37
3624,176.07,186.87,6,1,19,1,8,0.0,Toys,9,0,3.04,126,22185.28
3625,57.44,55.85,1,0,11,1,10,-1.7321,Toys,75,1,2.5,191,10970.49
3626,60.02,56.7,0,0,19,1,3,1.0,Food,93,0,2.21,207,12423.52
3627,10.12,10.11,2,0,19,1,4,0.0,Food,71,0,3.14,216,2186.82
3628,175.43,127.06,1,0,6,0,2,1.7321,Electronics,61,0,3.31,114,19998.69
3629,160.59,198.44,4,0,0,0,9,-1.0,Electronics,27,0,2.79,100,16059.3
3630,129.19,167.82,3,0,15,0,5,-0.366,Electronics,22,0,2.28,134,17311.79
3631,152.55,123.4,2,0,6,0,5,-0.366,Toys,95,0,4.52,107,16322.9
3632,38.89,30.03,4,0,1,0,4,0.0,Toys,30,0,2.24,169,6572.28
3633,97.08,76.32,5,1,11,1,5,-0.366,Books,92,0,3.69,137,13300.16
3634,76.73,84.15,6,1,10,1,12,-0.0,Books,84,0,4.62,203,15576.53
3635,27.82,30.51,2,0,7,0,1,1.366,Books,15,0,3.59,251,6982.2
3636,102.36,123.73,1,0,0,0,10,-1.7321,Food,15,1,2.46,125,12795.6
3637,184.94,212.88,0,0,2,0,10,-1.7321,Toys,53,0,2.19,29,5363.28
3638,17.61,17.08,1,0,7,0,12,-0.0,Electronics,76,1,4.41,258,4543.7
3639,65.38,69.8,3,0,7,0,6,-0.0,Electronics,81,0,2.96,183,11964.1
3640,49.43,55.02,6,1,10,1,11,-1.366,Books,23,0,3.37,190,9392.23
3641,55.25,55.67,3,0,20,1,4,0.0,Food,70,1,3.39,239,13204.24
3642,182.6,179.93,2,0,4,0,12,-0.0,Food,16,0,3.14,27,4930.27
3643,98.93,107.55,1,0,7,0,4,0.0,Books,91,1,4.73,188,18599.43
3644,98.6,102.0,0,0,20,1,12,-0.0,Electronics,87,0,4.72,199,19620.78
3645,154.51,167.85,5,1,8,0,5,-0.366,Food,65,1,1.16,73,11279.18
3646,39.35,42.02,3,0,16,0,1,1.366,Clothing,45,0,3.02,224,8815.19
3647,102.58,116.07,0,0,4,0,4,0.0,Books,7,1,3.26,211,21644.47
3648,91.7,99.55,4,0,18,1,10,-1.7321,Electronics,45,0,4.7,149,13662.88
3649,123.41,124.87,2,0,18,1,3,1.0,Clothing,39,0,1.28,182,22461.17
3650,199.92,221.72,0,0,1,0,5,-0.366,Toys,50,1,4.16,159,31786.64
3651,156.2,151.46,2,0,18,1,10,-1.7321,Electronics,49,1,3.57,164,25616.03
3652,85.59,72.33,4,0,22,0,5,-0.366,Clothing,48,0,3.93,132,11298.47
3653,167.24,117.21,0,0,14,0,8,0.0,Toys,49,0,2.17,60,10034.1
3654,42.43,43.96,6,1,7,0,1,1.366,Food,40,0,3.99,237,10057.0
3655,15.79,16.65,0,0,23,0,3,1.0,Electronics,39,0,2.13,198,3126.04
3656,48.85,62.68,5,1,7,0,5,-0.366,Electronics,57,1,3.7,228,11136.7
3657,74.68,68.47,4,0,0,0,11,-1.366,Food,82,0,4.15,104,7766.53
3658,107.01,100.21,6,1,13,0,3,1.0,Electronics,63,0,4.13,176,18833.82
3659,126.87,104.17,6,1,10,1,6,-0.0,Books,100,0,3.18,104,13194.95
3660,183.02,135.86,1,0,6,0,10,-1.7321,Clothing,56,0,2.65,0,0.0
3661,106.87,124.37,0,0,17,1,3,1.0,Toys,86,0,1.97,180,19237.01
3662,105.24,89.44,5,1,14,0,6,-0.0,Toys,2,0,1.13,121,12734.33
3663,19.55,20.82,0,0,9,1,8,0.0,Clothing,26,0,1.2,227,4436.98
3664,16.63,18.51,5,1,3,0,4,0.0,Books,96,0,2.67,188,3127.04
3665,114.72,112.74,6,1,20,1,8,0.0,Electronics,23,0,1.38,151,17322.78
3666,93.25,114.31,3,0,0,0,7,0.366,Food,18,0,1.45,125,11656.74
3667,169.44,163.73,6,1,13,0,11,-1.366,Food,83,0,1.78,0,0.0
3668,40.53,35.3,1,0,19,1,11,-1.366,Electronics,88,1,2.93,250,10132.28
3669,14.74,18.25,0,0,19,1,4,0.0,Toys,68,0,3.37,231,3406.01
3670,95.32,116.0,4,0,8,0,3,1.0,Clothing,60,0,3.78,168,16013.32
3671,55.12,44.01,2,0,12,1,5,-0.366,Clothing,2,0,2.94,202,11134.43
3672,19.43,13.9,4,0,16,0,5,-0.366,Toys,94,0,3.66,173,3360.82
3673,147.67,111.34,1,0,23,0,7,0.366,Clothing,49,0,4.45,102,15062.71
3674,31.2,27.21,3,0,19,1,11,-1.366,Toys,38,1,2.5,199,6209.33
3675,125.58,161.16,3,0,3,0,1,1.366,Books,31,0,3.75,159,19967.33
3676,63.4,65.63,3,0,4,0,9,-1.0,Electronics,40,0,3.63,149,9446.52
3677,42.96,39.7,5,1,17,1,2,1.7321,Toys,80,0,3.55,273,11729.24
3678,82.15,101.31,4,0,16,0,9,-1.0,Books,53,0,3.33,110,9036.81
3679,162.27,157.71,2,0,20,1,9,-1.0,Toys,64,1,3.9,182,29533.99
3680,84.5,75.13,6,1,6,0,3,1.0,Books,33,0,4.27,156,13181.65
3681,152.65,193.06,6,1,9,1,7,0.366,Books,58,0,2.57,155,23660.17
3682,33.84,40.94,2,0,8,0,3,1.0,Books,50,0,3.62,232,7851.44
3683,156.83,189.16,6,1,12,1,8,0.0,Electronics,64,1,1.99,218,34188.19
3684,55.02,55.42,5,1,17,1,8,0.0,Toys,3,0,4.02,262,14414.54
3685,138.7,162.79,0,0,11,1,3,1.0,Toys,61,0,4.52,192,26631.3
3686,117.5,94.89,5,1,7,0,5,-0.366,Toys,82,0,4.05,108,12689.84
3687,186.54,194.73,2,0,22,0,7,0.366,Books,10,0,2.96,68,12684.55
3688,83.59,107.86,2,0,17,1,1,1.366,Clothing,66,0,1.53,221,18473.67
3689,22.57,19.74,0,0,4,0,3,1.0,Clothing,51,0,4.49,234,5281.7
3690,13.64,16.05,4,0,6,0,1,1.366,Toys,94,0,4.26,240,3273.49
3691,167.1,166.15,4,0,14,0,2,1.7321,Clothing,30,0,3.79,148,24731.26
3692,109.7,79.41,1,0,2,0,7,0.366,Clothing,25,1,4.41,192,21062.36
3693,157.3,182.12,4,0,17,1,7,0.366,Clothing,43,1,3.13,187,29414.42
3694,54.54,43.69,3,0,5,0,3,1.0,Books,88,0,4.96,210,11453.58
3695,75.57,81.53,3,0,5,0,6,-0.0,Toys,64,1,4.35,225,17002.33
3696,15.72,11.81,1,0,19,1,6,-0.0,Toys,59,0,1.65,228,3584.1
3697,192.68,244.35,2,0,0,0,2,1.7321,Food,62,0,2.61,85,16378.1
3698,136.89,119.79,1,0,20,1,9,-1.0,Food,99,0,1.68,22,3011.69
3699,187.31,156.57,0,0,16,0,8,0.0,Clothing,10,0,1.9,5,936.54
3700,60.44,46.99,1,0,10,1,2,1.7321,Toys,64,0,3.0,247,14929.75
3701,126.18,159.94,1,0,23,0,12,-0.0,Clothing,94,0,2.45,110,13879.59
3702,138.91,156.58,5,1,1,0,4,0.0,Books,60,1,4.64,171,23754.46
3703,70.33,80.53,3,0,8,0,9,-1.0,Toys,90,1,1.0,159,11183.18
3704,171.14,171.08,0,0,18,1,4,0.0,Books,99,0,1.04,79,13520.12
3705,189.96,187.08,5,1,5,0,7,0.366,Books,88,0,4.68,85,16146.66
3706,178.12,136.44,0,0,6,0,5,-0.366,Toys,20,0,1.96,46,8193.63
3707,150.42,155.82,1,0,3,0,10,-1.7321,Clothing,49,0,1.01,20,3008.45
3708,62.72,53.19,5,1,2,0,6,-0.0,Food,99,0,2.75,116,7275.32
3709,63.51,81.69,5,1,1,0,1,1.366,Clothing,74,0,1.78,179,11367.76
3710,193.04,227.39,0,0,9,1,4,0.0,Food,27,0,1.21,58,11196.23
3711,11.95,11.33,0,0,9,1,5,-0.366,Electronics,51,0,3.12,230,2749.43
3712,146.05,115.5,4,0,16,0,6,-0.0,Food,57,0,1.56,56,8178.77
3713,144.19,168.87,6,1,15,0,6,-0.0,Toys,79,0,4.35,144,20762.9
3714,128.31,99.21,0,0,0,0,5,-0.366,Food,79,0,2.21,33,4234.26
3715,198.12,161.19,5,1,11,1,3,1.0,Electronics,37,0,1.89,159,31501.19
3716,69.26,57.27,2,0,19,1,11,-1.366,Food,99,1,3.96,208,14405.48
3717,74.59,77.14,0,0,19,1,2,1.7321,Clothing,3,0,4.39,270,20140.56
3718,25.0,29.3,3,0,9,1,7,0.366,Food,29,0,1.37,199,4974.7
3719,94.13,83.64,4,0,0,0,1,1.366,Toys,68,0,1.61,190,17885.01
3720,59.6,44.75,3,0,15,0,12,-0.0,Toys,47,0,2.9,188,11204.65
3721,75.24,73.64,6,1,10,1,12,-0.0,Books,80,0,3.36,149,11211.28
3722,168.57,193.66,3,0,3,0,5,-0.366,Clothing,69,1,1.33,112,18879.69
3723,187.74,156.39,2,0,2,0,4,0.0,Clothing,21,0,2.5,34,6383.23
3724,45.29,37.68,4,0,12,1,7,0.366,Food,42,1,4.59,294,13315.05
3725,80.78,102.45,6,1,20,1,2,1.7321,Food,21,0,4.5,245,19790.29
3726,186.44,237.24,1,0,14,0,11,-1.366,Toys,2,1,2.24,110,20508.38
3727,21.74,28.14,5,1,9,1,8,0.0,Books,78,1,1.91,256,5566.36
3728,27.55,32.63,5,1,5,0,9,-1.0,Electronics,69,1,3.33,198,5454.6
3729,40.93,33.27,0,0,10,1,12,-0.0,Food,7,0,1.38,228,9332.11
3730,123.09,101.82,5,1,0,0,10,-1.7321,Clothing,75,0,1.93,38,4677.44
3731,38.59,34.89,2,0,19,1,1,1.366,Food,35,0,1.67,224,8644.1
3732,193.93,172.77,5,1,3,0,5,-0.366,Books,30,0,1.83,0,0.0
3733,94.88,120.86,2,0,9,1,4,0.0,Clothing,44,0,1.86,180,17077.64
3734,105.29,123.55,1,0,21,1,5,-0.366,Books,46,0,3.51,142,14950.95
3735,56.87,64.51,2,0,14,0,9,-1.0,Clothing,55,0,2.95,142,8074.85
3736,99.48,80.74,1,0,0,0,12,-0.0,Food,1,0,4.45,121,12037.38
3737,135.76,169.12,1,0,20,1,3,1.0,Books,54,0,3.94,210,28510.35
3738,152.72,182.77,1,0,14,0,1,1.366,Toys,80,0,3.0,146,22297.65
3739,153.23,122.31,2,0,2,0,11,-1.366,Clothing,1,1,2.23,93,14250.85
3740,119.8,146.48,6,1,0,0,3,1.0,Books,63,0,4.33,176,21084.68
3741,181.83,156.98,1,0,5,0,4,0.0,Books,55,1,1.32,89,16182.72
3742,165.31,123.74,6,1,18,1,2,1.7321,Electronics,86,1,3.72,256,42318.72
3743,153.84,168.31,2,0,3,0,1,1.366,Electronics,77,0,1.45,166,25537.3
3744,20.57,22.46,4,0,11,1,1,1.366,Food,27,0,3.13,259,5326.35
3745,11.31,8.56,1,0,1,0,8,0.0,Toys,15,0,4.61,193,2182.21
3746,50.36,44.89,2,0,16,0,4,0.0,Toys,81,1,1.95,203,10224.09
3747,136.07,176.3,2,0,5,0,12,-0.0,Books,9,0,1.31,92,12518.39
3748,88.13,97.56,6,1,11,1,2,1.7321,Books,69,0,2.36,226,19916.82
3749,86.46,98.39,2,0,14,0,10,-1.7321,Books,59,0,2.91,92,7954.06
3750,178.07,147.4,0,0,16,0,3,1.0,Clothing,23,0,3.9,93,16560.65
3751,180.16,134.63,6,1,0,0,8,0.0,Food,11,0,1.12,0,0.0
3752,182.74,158.28,6,1,13,0,6,-0.0,Food,24,0,1.52,0,0.0
3753,69.64,59.15,0,0,22,0,8,0.0,Electronics,72,0,2.64,163,11350.8
3754,141.3,118.8,1,0,1,0,10,-1.7321,Books,98,0,1.38,7,989.1
3755,61.61,50.25,5,1,3,0,5,-0.366,Books,54,1,4.82,211,12999.77
3756,46.22,48.29,4,0,19,1,3,1.0,Clothing,31,0,3.04,237,10953.16
3757,45.08,40.43,5,1,1,0,6,-0.0,Books,22,1,2.51,199,8970.95
3758,75.0,89.42,1,0,21,1,10,-1.7321,Books,14,0,4.92,164,12300.07
3759,91.69,74.3,3,0,13,0,8,0.0,Food,5,0,3.58,110,10086.11
3760,167.88,164.32,3,0,17,1,5,-0.366,Books,17,0,3.06,98,16452.27
3761,32.78,23.21,4,0,7,0,5,-0.366,Clothing,82,1,1.96,205,6719.76
3762,149.64,147.99,6,1,19,1,3,1.0,Clothing,83,0,2.01,129,19303.03
3763,110.98,81.4,4,0,0,0,3,1.0,Toys,71,1,2.45,182,20197.71
3764,64.71,83.26,4,0,15,0,12,-0.0,Toys,90,1,4.0,209,13524.31
3765,103.64,121.71,0,0,6,0,8,0.0,Electronics,89,0,4.26,175,18136.25
3766,66.99,66.59,0,0,5,0,11,-1.366,Clothing,82,0,1.77,79,5292.13
3767,123.26,92.68,3,0,21,1,1,1.366,Clothing,44,0,4.27,170,20953.45
3768,92.43,97.56,4,0,18,1,4,0.0,Food,79,0,2.32,155,14326.7
3769,41.24,47.64,2,0,9,1,9,-1.0,Toys,93,0,1.8,190,7835.04
3770,32.15,26.18,5,1,22,0,6,-0.0,Electronics,49,0,1.78,156,5015.52
3771,113.87,118.53,3,0,5,0,6,-0.0,Food,65,0,2.85,90,10248.5
3772,181.46,215.67,4,0,9,1,10,-1.7321,Food,4,0,4.07,33,5988.13
3773,75.35,87.48,2,0,18,1,11,-1.366,Toys,9,0,3.28,151,11378.15
3774,149.27,176.41,4,0,2,0,11,-1.366,Food,36,0,2.86,3,447.81
3775,135.15,165.9,6,1,19,1,7,0.366,Toys,51,1,1.07,215,29056.32
3776,187.0,236.1,1,0,2,0,11,-1.366,Clothing,32,0,3.25,48,8975.78
3777,165.99,156.58,2,0,19,1,7,0.366,Clothing,88,0,3.7,128,21246.26
3778,117.65,122.51,6,1,5,0,6,-0.0,Toys,18,0,1.39,121,14236.25
3779,134.84,158.35,5,1,16,0,9,-1.0,Books,15,1,4.82,161,21708.56
3780,180.69,202.07,1,0,17,1,8,0.0,Books,20,0,1.37,72,13009.93
3781,85.91,111.45,6,1,9,1,12,-0.0,Electronics,58,0,3.76,230,19758.97
3782,72.09,51.06,0,0,5,0,8,0.0,Books,40,1,3.1,179,12904.29
3783,12.05,11.01,3,0,12,1,2,1.7321,Electronics,66,0,4.54,293,3531.85
3784,167.04,145.1,4,0,5,0,7,0.366,Toys,89,0,2.66,107,17873.78
3785,162.19,139.06,3,0,11,1,12,-0.0,Toys,13,0,3.03,118,19137.99
3786,29.85,24.88,5,1,13,0,1,1.366,Toys,91,0,3.21,220,6566.2
3787,119.6,134.61,4,0,16,0,10,-1.7321,Electronics,13,0,4.5,114,13634.73
3788,98.16,73.7,1,0,21,1,8,0.0,Food,62,1,4.2,203,19925.77
3789,32.55,37.27,2,0,7,0,3,1.0,Electronics,28,0,2.12,202,6576.06
3790,196.31,219.09,2,0,4,0,11,-1.366,Food,46,0,4.82,0,0.0
3791,50.79,43.2,4,0,3,0,9,-1.0,Clothing,15,1,4.01,221,11225.08
3792,22.77,19.4,1,0,5,0,5,-0.366,Clothing,93,1,1.05,197,4486.58
3793,123.02,132.53,4,0,10,1,7,0.366,Food,85,0,1.73,90,11071.89
3794,150.38,174.04,4,0,4,0,7,0.366,Food,44,0,4.42,81,12181.16
3795,16.16,19.82,6,1,21,1,9,-1.0,Books,95,0,3.58,206,3329.84
3796,135.16,163.71,4,0,13,0,2,1.7321,Food,23,0,2.03,132,17840.64
3797,111.14,142.13,2,0,9,1,4,0.0,Food,67,0,1.69,160,17781.67
3798,29.62,31.07,5,1,10,1,12,-0.0,Toys,99,0,1.59,195,5775.97
3799,42.78,53.27,4,0,2,0,8,0.0,Electronics,78,0,2.27,169,7229.74
3800,117.92,139.74,2,0,22,0,5,-0.366,Food,66,0,4.59,121,14267.73
3801,66.31,82.01,0,0,7,0,11,-1.366,Toys,50,0,2.41,151,10012.5
3802,188.28,133.11,1,0,20,1,5,-0.366,Food,13,0,3.64,22,4142.16
3803,165.56,211.84,0,0,4,0,3,1.0,Books,2,0,1.45,98,16224.94
3804,196.88,193.75,4,0,19,1,5,-0.366,Food,76,0,3.13,46,9056.38
3805,59.34,69.95,2,0,20,1,7,0.366,Food,91,0,2.37,167,9909.36
3806,194.25,150.8,1,0,9,1,4,0.0,Toys,34,0,1.64,80,15539.8
3807,91.93,86.19,3,0,7,0,8,0.0,Food,40,1,4.19,171,15720.79
3808,76.03,65.6,1,0,20,1,11,-1.366,Toys,69,0,4.26,171,13000.89
3809,19.57,17.12,1,0,8,0,6,-0.0,Electronics,61,0,2.23,165,3228.46
3810,20.03,15.5,4,0,14,0,6,-0.0,Toys,25,0,3.62,186,3724.72
3811,141.48,167.44,6,1,0,0,6,-0.0,Electronics,75,0,2.58,160,22637.14
3812,97.01,68.44,0,0,22,0,4,0.0,Food,77,0,1.18,67,6499.44
3813,53.04,47.07,0,0,4,0,3,1.0,Electronics,63,1,2.71,243,12888.5
3814,126.65,101.91,3,0,14,0,10,-1.7321,Clothing,28,0,3.3,37,4686.21
3815,58.04,61.14,4,0,3,0,6,-0.0,Clothing,85,1,2.2,185,10737.96
3816,119.75,102.09,1,0,18,1,6,-0.0,Toys,56,0,4.8,181,21674.76
3817,78.25,66.93,6,1,9,1,2,1.7321,Books,26,0,3.23,214,16745.43
3818,166.47,165.31,5,1,22,0,10,-1.7321,Food,27,1,2.49,6,998.85
3819,165.93,181.13,0,0,1,0,9,-1.0,Clothing,26,0,3.94,54,8960.34
3820,100.7,77.82,0,0,4,0,4,0.0,Books,15,1,2.36,135,13594.04
3821,76.66,61.73,2,0,17,1,4,0.0,Toys,50,0,1.1,198,15177.81
3822,78.89,66.92,1,0,22,0,10,-1.7321,Electronics,6,1,1.03,136,10728.55
3823,163.09,209.44,4,0,5,0,12,-0.0,Food,68,1,2.21,120,19570.29
3824,72.35,67.89,0,0,9,1,11,-1.366,Electronics,4,0,1.62,139,10057.22
3825,49.72,52.67,6,1,14,0,12,-0.0,Food,30,0,2.41,152,7557.63
3826,26.09,22.04,4,0,22,0,12,-0.0,Clothing,77,0,4.08,191,4983.34
3827,98.67,98.11,1,0,8,0,8,0.0,Books,9,1,2.24,131,12925.99
3828,101.61,75.64,1,0,12,1,3,1.0,Toys,42,0,3.24,183,18593.73
3829,169.77,122.38,0,0,17,1,10,-1.7321,Food,14,1,4.68,49,8318.86
3830,52.04,51.06,3,0,6,0,7,0.366,Clothing,92,0,3.79,160,8325.66
3831,82.39,77.38,4,0,1,0,7,0.366,Toys,40,0,3.25,156,12852.58
3832,163.6,127.95,4,0,15,0,2,1.7321,Food,3,0,4.47,90,14723.74
3833,166.49,185.23,2,0,1,0,3,1.0,Clothing,41,0,2.32,122,20311.6
3834,83.08,107.65,6,1,3,0,12,-0.0,Toys,93,0,1.79,129,10716.82
3835,97.23,91.15,1,0,1,0,4,0.0,Electronics,33,0,3.99,164,15946.3
3836,67.62,72.68,1,0,16,0,2,1.7321,Books,79,0,1.24,195,13186.74
3837,187.19,239.18,0,0,5,0,9,-1.0,Books,60,0,2.7,21,3930.89
3838,32.54,39.02,0,0,9,1,10,-1.7321,Electronics,64,1,2.15,213,6931.51
3839,187.41,183.31,0,0,13,0,11,-1.366,Books,62,0,4.89,43,8058.73
3840,139.93,159.87,2,0,14,0,6,-0.0,Books,79,0,2.51,95,13293.79
3841,111.0,86.23,6,1,20,1,1,1.366,Food,7,1,3.65,202,22421.74
3842,16.21,16.32,3,0,11,1,1,1.366,Clothing,76,0,2.07,240,3889.25
3843,100.36,87.06,0,0,18,1,8,0.0,Electronics,50,0,4.93,204,20474.11
3844,87.47,69.69,0,0,10,1,11,-1.366,Clothing,39,0,1.72,124,10846.55
3845,40.63,38.83,5,1,0,0,6,-0.0,Books,71,0,4.63,192,7801.26
3846,134.72,104.89,6,1,7,0,10,-1.7321,Clothing,47,0,2.78,40,5388.71
3847,194.52,217.74,0,0,21,1,12,-0.0,Toys,70,0,2.71,119,23147.72
3848,116.82,113.75,2,0,5,0,7,0.366,Electronics,26,0,3.81,154,17989.64
3849,145.8,148.53,4,0,11,1,6,-0.0,Electronics,58,0,1.37,126,18371.19
3850,23.01,18.12,3,0,19,1,2,1.7321,Electronics,73,0,3.19,280,6441.56
3851,89.36,70.04,4,0,15,0,3,1.0,Food,51,0,1.88,121,10812.16
3852,32.11,33.72,5,1,17,1,8,0.0,Clothing,88,0,1.63,202,6485.84
3853,126.43,163.22,1,0,11,1,4,0.0,Clothing,52,0,4.51,202,25539.1
3854,188.31,142.69,1,0,19,1,8,0.0,Food,94,0,4.99,51,9603.89
3855,135.74,118.29,0,0,1,0,3,1.0,Electronics,16,0,4.88,172,23346.9
3856,24.59,30.04,5,1,6,0,2,1.7321,Food,48,0,4.28,225,5533.33
3857,77.39,57.53,4,0,8,0,7,0.366,Food,27,1,4.68,201,15554.7
3858,114.63,140.48,2,0,17,1,1,1.366,Books,33,0,4.7,212,24300.72
3859,86.61,87.87,3,0,8,0,11,-1.366,Electronics,23,1,1.71,194,16802.24
3860,168.39,159.12,6,1,7,0,3,1.0,Toys,45,0,1.34,112,18859.94
3861,164.79,145.97,4,0,0,0,2,1.7321,Books,83,1,1.51,179,29496.96
3862,126.25,110.88,5,1,4,0,5,-0.366,Electronics,100,1,1.65,151,19063.43
3863,80.96,71.52,5,1,15,0,2,1.7321,Electronics,83,0,4.29,215,17405.76
3864,58.51,72.02,6,1,13,0,10,-1.7321,Electronics,22,0,4.77,158,9245.2
3865,30.12,34.16,4,0,12,1,5,-0.366,Clothing,42,0,2.41,208,6264.15
3866,77.43,85.32,3,0,10,1,3,1.0,Electronics,33,0,1.14,232,17963.89
3867,88.5,104.37,4,0,19,1,9,-1.0,Electronics,10,0,2.23,175,15487.99
3868,138.41,118.24,4,0,22,0,10,-1.7321,Toys,47,0,3.82,54,7473.94
3869,135.05,144.62,3,0,12,1,9,-1.0,Electronics,96,0,4.77,169,22823.51
3870,23.32,22.76,2,0,14,0,8,0.0,Food,79,0,2.8,166,3871.21
3871,85.1,99.52,6,1,23,0,5,-0.366,Electronics,39,0,2.34,124,10552.31
3872,44.54,39.44,5,1,15,0,10,-1.7321,Electronics,46,1,3.61,186,8284.07
3873,39.79,43.21,3,0,12,1,11,-1.366,Electronics,72,0,1.84,187,7441.56
3874,167.19,205.53,0,0,7,0,7,0.366,Clothing,51,1,4.06,165,27585.92
3875,17.96,16.91,0,0,17,1,2,1.7321,Books,25,0,2.66,267,4796.36
3876,89.64,66.33,0,0,18,1,3,1.0,Clothing,82,0,4.91,214,19183.98
3877,41.96,42.36,0,0,14,0,12,-0.0,Toys,15,0,4.74,193,8098.03
3878,177.07,160.71,6,1,9,1,11,-1.366,Toys,58,0,3.66,100,17707.27
3879,115.84,127.81,1,0,22,0,2,1.7321,Food,59,0,3.59,162,18765.71
3880,53.96,68.57,2,0,3,0,10,-1.7321,Food,26,0,1.49,75,4047.17
3881,105.46,104.55,1,0,5,0,11,-1.366,Toys,41,0,2.12,62,6538.59
3882,148.98,145.96,4,0,7,0,1,1.366,Books,44,0,4.45,137,20410.59
3883,192.04,209.85,4,0,23,0,3,1.0,Books,85,0,2.45,99,19012.2
3884,51.88,39.54,3,0,6,0,4,0.0,Toys,22,0,2.7,179,9287.37
3885,178.37,151.99,0,0,11,1,12,-0.0,Electronics,98,0,4.36,126,22475.19
3886,187.52,234.66,3,0,17,1,9,-1.0,Clothing,37,1,2.71,153,28690.22
3887,184.12,202.89,4,0,17,1,12,-0.0,Clothing,14,0,4.4,133,24487.95
3888,130.73,92.56,0,0,18,1,2,1.7321,Electronics,4,1,1.28,219,28629.59
3889,129.67,106.69,6,1,3,0,9,-1.0,Books,24,0,3.76,74,9595.28
3890,86.61,96.11,5,1,0,0,1,1.366,Clothing,66,0,1.25,189,16369.29
3891,152.96,177.22,2,0,4,0,9,-1.0,Clothing,63,0,4.16,93,14224.87
3892,110.95,133.57,4,0,6,0,6,-0.0,Food,65,0,3.21,132,14644.85
3893,138.71,121.42,5,1,10,1,8,0.0,Books,66,0,3.22,129,17894.01
3894,91.41,115.05,3,0,20,1,3,1.0,Toys,13,0,2.51,216,19743.91
3895,148.98,153.72,5,1,22,0,8,0.0,Toys,27,0,4.61,130,19367.96
3896,166.65,186.3,3,0,20,1,11,-1.366,Electronics,81,0,3.04,115,19164.7
3897,37.82,40.02,4,0,10,1,9,-1.0,Clothing,17,0,2.04,164,6202.95
3898,168.26,130.17,1,0,9,1,7,0.366,Toys,69,1,4.3,191,32137.02
3899,112.66,143.96,6,1,23,0,4,0.0,Electronics,88,0,4.79,176,19827.52
3900,170.49,131.91,6,1,6,0,6,-0.0,Food,57,0,1.97,34,5796.54
3901,91.95,78.42,2,0,15,0,6,-0.0,Books,72,0,3.42,121,11125.63
3902,82.02,97.45,6,1,0,0,2,1.7321,Clothing,73,0,3.35,204,16731.61
3903,183.86,196.94,5,1,0,0,2,1.7321,Clothing,18,0,3.44,135,24821.31
3904,57.72,69.43,6,1,11,1,11,-1.366,Electronics,16,1,3.26,243,14026.49
3905,170.4,172.01,5,1,15,0,5,-0.366,Clothing,51,0,1.4,27,4600.81
3906,101.96,94.44,4,0,4,0,1,1.366,Books,96,0,2.65,174,17741.72
3907,107.68,134.93,6,1,13,0,5,-0.366,Toys,40,0,4.94,166,17874.57
3908,68.61,49.52,4,0,17,1,10,-1.7321,Electronics,39,0,1.35,137,9399.43
3909,118.88,144.28,6,1,8,0,3,1.0,Books,56,0,3.68,200,23775.6
3910,71.79,60.2,3,0,1,0,3,1.0,Clothing,54,0,4.58,183,13137.59
3911,17.46,21.11,0,0,11,1,8,0.0,Toys,44,0,1.8,210,3666.85
3912,61.68,48.33,0,0,9,1,11,-1.366,Books,46,0,4.21,138,8511.8
3913,11.21,11.75,0,0,1,0,3,1.0,Toys,32,0,1.97,244,2735.73
3914,195.89,241.5,3,0,14,0,3,1.0,Toys,48,0,1.12,102,19980.52
3915,193.49,190.42,0,0,3,0,1,1.366,Electronics,61,0,3.08,182,35215.54
3916,85.08,97.67,4,0,18,1,8,0.0,Clothing,66,0,3.84,202,17186.06
3917,148.39,175.52,1,0,21,1,10,-1.7321,Food,38,0,1.79,52,7716.3
3918,75.7,86.45,1,0,3,0,10,-1.7321,Food,43,1,1.28,118,8932.97
3919,137.51,172.6,6,1,8,0,6,-0.0,Food,4,0,3.21,76,10450.59
3920,163.03,157.83,1,0,12,1,11,-1.366,Books,5,0,1.59,64,10434.03
3921,189.88,152.64,0,0,9,1,8,0.0,Food,58,0,1.74,32,6076.28
3922,86.04,62.7,1,0,13,0,3,1.0,Clothing,37,0,3.81,186,16003.5
3923,158.83,134.67,5,1,2,0,11,-1.366,Food,26,0,3.45,9,1429.44
3924,60.53,47.57,0,0,2,0,6,-0.0,Toys,9,0,4.79,176,10652.65
3925,198.16,205.05,5,1,19,1,12,-0.0,Toys,15,0,2.29,101,20014.48
3926,14.9,12.08,4,0,15,0,2,1.7321,Toys,88,0,1.86,237,3530.41
3927,124.67,90.18,5,1,8,0,3,1.0,Food,88,0,3.62,98,12217.71
3928,135.31,97.64,4,0,13,0,4,0.0,Clothing,99,1,4.89,158,21378.37
3929,140.73,168.73,3,0,21,1,9,-1.0,Clothing,89,0,3.21,119,16746.71
3930,32.87,34.68,3,0,15,0,12,-0.0,Food,26,0,2.18,161,5292.66
3931,188.32,172.29,6,1,8,0,4,0.0,Clothing,63,0,4.64,54,10169.32
3932,44.42,54.93,5,1,23,0,7,0.366,Food,87,1,3.44,216,9595.76
3933,128.32,95.23,2,0,22,0,12,-0.0,Clothing,70,0,1.85,54,6929.45
3934,52.31,67.38,4,0,4,0,8,0.0,Electronics,27,0,4.8,195,10200.15
3935,68.37,73.14,0,0,12,1,5,-0.366,Electronics,54,1,2.09,222,15178.39
3936,113.83,92.21,2,0,14,0,2,1.7321,Clothing,83,0,4.59,172,19578.27
3937,89.27,98.86,4,0,3,0,11,-1.366,Toys,31,0,3.46,113,10087.14
3938,40.44,46.83,0,0,13,0,8,0.0,Electronics,32,1,3.01,240,9706.29
3939,42.48,40.68,4,0,19,1,5,-0.366,Books,2,0,2.33,168,7136.29
3940,89.45,108.86,4,0,23,0,5,-0.366,Food,18,0,1.48,86,7692.49
3941,153.88,121.64,0,0,19,1,7,0.366,Books,28,1,1.98,158,24313.64
3942,180.61,156.65,4,0,6,0,6,-0.0,Clothing,71,0,2.32,57,10294.96
3943,25.98,19.65,4,0,3,0,3,1.0,Clothing,87,0,2.15,205,5326.77
3944,84.69,70.0,4,0,16,0,7,0.366,Toys,100,0,1.29,148,12534.08
3945,29.05,24.49,6,1,8,0,12,-0.0,Electronics,88,0,3.32,171,4966.98
3946,13.15,16.45,3,0,3,0,1,1.366,Electronics,92,0,2.9,221,2906.72
3947,135.73,101.37,1,0,2,0,4,0.0,Books,25,0,1.43,51,6922.05
3948,124.47,119.04,4,0,18,1,4,0.0,Electronics,39,0,2.86,170,21159.12
3949,40.97,41.77,6,1,8,0,6,-0.0,Clothing,49,0,1.32,170,6965.52
3950,54.42,67.44,0,0,7,0,6,-0.0,Toys,4,0,4.73,189,10286.22
3951,14.5,18.84,5,1,6,0,10,-1.7321,Food,52,0,2.04,133,1929.09
3952,168.64,194.28,4,0,6,0,8,0.0,Books,83,0,3.9,73,12310.72
3953,195.19,250.33,6,1,3,0,12,-0.0,Books,68,1,2.0,126,24594.09
3954,35.74,41.89,3,0,18,1,1,1.366,Food,57,0,2.9,234,8362.53
3955,53.98,68.98,6,1,11,1,7,0.366,Clothing,13,0,4.73,229,12361.49
3956,175.0,196.76,3,0,19,1,4,0.0,Books,65,0,4.49,118,20649.74
3957,186.03,139.12,5,1,5,0,6,-0.0,Electronics,63,0,4.12,120,22323.37
3958,89.73,84.45,4,0,11,1,10,-1.7321,Electronics,98,0,4.16,169,15164.24
3959,19.62,21.34,2,0,19,1,9,-1.0,Electronics,71,1,4.29,265,5198.84
3960,17.48,15.92,5,1,3,0,3,1.0,Toys,25,0,3.97,208,3636.77
3961,119.05,102.86,1,0,1,0,8,0.0,Food,23,0,4.59,99,11786.0
3962,84.65,88.58,0,0,14,0,3,1.0,Clothing,30,0,2.4,176,14898.41
3963,15.44,19.46,6,1,22,0,6,-0.0,Electronics,61,0,3.1,213,3289.56
3964,120.82,87.11,0,0,5,0,2,1.7321,Electronics,7,0,3.59,199,24042.77
3965,12.15,14.11,0,0,17,1,9,-1.0,Toys,54,0,1.79,174,2113.66
3966,159.6,180.93,0,0,20,1,2,1.7321,Electronics,17,1,3.01,268,42772.98
3967,68.22,87.21,3,0,21,1,12,-0.0,Toys,97,0,1.5,202,13780.89
3968,17.65,22.21,6,1,4,0,5,-0.366,Food,60,0,3.45,188,3318.02
3969,121.79,140.95,1,0,3,0,6,-0.0,Books,66,1,1.39,148,18024.46
3970,85.56,86.61,4,0,10,1,4,0.0,Electronics,38,0,3.01,202,17283.13
3971,195.02,160.42,4,0,10,1,12,-0.0,Electronics,13,0,2.85,122,23792.69
3972,113.4,116.48,2,0,8,0,7,0.366,Food,52,0,1.45,56,6350.27
3973,62.3,72.21,4,0,2,0,7,0.366,Books,52,0,2.76,167,10403.34
3974,144.79,179.17,1,0,10,1,12,-0.0,Toys,32,0,3.71,194,28089.92
3975,61.58,72.29,4,0,1,0,7,0.366,Books,86,0,3.38,181,11146.61
3976,181.81,148.56,3,0,8,0,11,-1.366,Electronics,9,0,2.83,56,10181.15
3977,81.2,86.05,5,1,23,0,7,0.366,Food,17,0,2.46,122,9906.06
3978,114.48,102.95,4,0,9,1,10,-1.7321,Clothing,82,0,1.23,94,10760.65
3979,19.61,13.83,0,0,10,1,11,-1.366,Food,40,0,4.82,187,3666.86
3980,90.96,74.6,0,0,2,0,10,-1.7321,Toys,91,1,2.61,165,15008.9
3981,168.15,129.13,5,1,16,0,9,-1.0,Toys,75,1,2.67,95,15974.16
3982,163.07,196.61,0,0,10,1,2,1.7321,Electronics,54,0,1.51,213,34734.61
3983,52.62,45.0,0,0,16,0,5,-0.366,Food,54,1,3.13,203,10681.97
3984,52.96,46.11,3,0,18,1,10,-1.7321,Clothing,28,1,4.92,223,11808.97
3985,165.29,210.9,3,0,3,0,9,-1.0,Food,72,1,2.01,54,8925.55
3986,186.78,173.23,3,0,1,0,12,-0.0,Toys,50,0,2.25,63,11766.87
3987,28.12,19.84,4,0,23,0,11,-1.366,Food,18,0,1.94,122,3430.47
3988,95.51,83.12,5,1,13,0,11,-1.366,Electronics,13,0,4.47,129,12320.94
3989,74.12,57.19,0,0,14,0,2,1.7321,Toys,33,1,2.9,234,17343.22
3990,175.43,133.62,2,0,2,0,3,1.0,Food,15,1,4.29,115,20174.54
3991,25.87,19.31,5,1,19,1,7,0.366,Food,86,0,4.4,206,5329.17
3992,50.11,52.92,2,0,21,1,9,-1.0,Electronics,38,0,4.0,201,10072.9
3993,152.97,124.46,0,0,12,1,3,1.0,Electronics,94,0,2.04,182,27840.36
3994,19.75,18.1,1,0,21,1,10,-1.7321,Food,6,0,1.14,187,3692.47
3995,103.58,126.08,5,1,12,1,8,0.0,Clothing,45,0,1.57,169,17505.31
3996,94.0,89.73,4,0,17,1,11,-1.366,Toys,59,1,3.79,177,16638.06
3997,73.54,91.88,2,0,21,1,8,0.0,Food,98,0,3.96,193,14192.49
3998,84.97,84.86,5,1,19,1,12,-0.0,Electronics,83,0,4.07,191,16229.03
3999,110.69,103.97,5,1,20,1,4,0.0,Toys,97,1,1.98,217,24019.45
4000,40.66,46.77,3,0,6,0,11,-1.366,Electronics,78,0,1.61,139,5651.71
4001,118.68,88.29,1,0,22,0,6,-0.0,Toys,48,1,4.69,164,19463.39
4002,163.03,122.88,3,0,15,0,11,-1.366,Food,41,0,3.66,0,0.0
4003,154.43,168.51,1,0,15,0,12,-0.0,Books,83,0,3.97,139,21465.85
4004,39.24,38.93,1,0,21,1,8,0.0,Books,79,0,1.38,187,7338.06
4005,38.36,45.04,4,0,5,0,12,-0.0,Toys,74,0,2.65,177,6789.26
4006,60.95,76.18,5,1,5,0,9,-1.0,Electronics,55,0,1.25,136,8289.63
4007,78.6,73.34,3,0,3,0,2,1.7321,Electronics,61,0,3.63,216,16978.51
4008,87.61,92.67,3,0,2,0,1,1.366,Electronics,2,0,2.96,215,18835.41
4009,139.14,139.2,2,0,0,0,5,-0.366,Food,2,0,2.81,73,10157.4
4010,20.77,26.77,5,1,2,0,10,-1.7321,Toys,85,0,4.61,177,3676.16
4011,16.59,19.88,0,0,18,1,3,1.0,Food,76,0,3.96,251,4163.54
4012,84.46,105.33,0,0,8,0,11,-1.366,Books,10,0,4.86,112,9459.86
4013,142.46,121.46,2,0,13,0,6,-0.0,Books,76,0,1.19,61,8690.13
4014,46.75,54.4,1,0,18,1,12,-0.0,Electronics,39,1,3.46,299,13979.06
4015,131.89,113.33,2,0,23,0,11,-1.366,Electronics,2,0,3.52,74,9759.55
4016,59.37,48.99,2,0,23,0,1,1.366,Toys,65,0,1.11,184,10923.59
4017,178.36,225.9,3,0,18,1,12,-0.0,Books,66,0,4.15,147,26218.39
4018,180.18,128.21,2,0,12,1,11,-1.366,Toys,87,0,1.61,70,12612.68
4019,66.48,85.05,6,1,21,1,4,0.0,Books,92,1,3.81,272,18083.8
4020,53.7,42.4,1,0,15,0,6,-0.0,Clothing,81,0,1.15,130,6980.85
4021,88.15,105.04,0,0,7,0,2,1.7321,Toys,52,0,3.45,225,19833.24
4022,55.7,48.21,4,0,23,0,11,-1.366,Clothing,85,0,3.08,91,5068.79
4023,137.75,125.41,5,1,15,0,11,-1.366,Food,44,0,2.93,40,5510.12
4024,166.95,138.58,2,0,8,0,8,0.0,Books,34,0,2.47,64,10684.95
4025,137.89,144.96,5,1,8,0,4,0.0,Clothing,73,0,2.68,96,13237.2
4026,166.63,151.44,2,0,23,0,2,1.7321,Food,81,0,2.91,89,14829.77
4027,85.43,93.5,6,1,22,0,1,1.366,Toys,45,0,2.19,179,15291.7
4028,39.7,28.16,5,1,2,0,8,0.0,Clothing,32,1,4.74,228,9051.65
4029,150.21,110.95,3,0,6,0,10,-1.7321,Clothing,5,0,4.86,55,8261.59
4030,78.49,59.64,3,0,19,1,1,1.366,Food,78,0,2.2,199,15619.54
4031,137.54,130.86,5,1,17,1,7,0.366,Clothing,89,1,4.11,209,28746.16
4032,61.42,73.02,2,0,23,0,7,0.366,Food,86,0,4.01,173,10626.07
4033,25.43,31.36,6,1,1,0,6,-0.0,Books,63,0,4.5,232,5900.6
4034,198.59,168.18,6,1,0,0,8,0.0,Books,69,0,1.02,17,3376.04
4035,39.68,41.45,2,0,11,1,10,-1.7321,Books,54,0,2.35,141,5594.64
4036,197.8,229.65,1,0,15,0,1,1.366,Clothing,38,1,1.58,153,30263.4
4037,195.68,170.89,0,0,11,1,12,-0.0,Clothing,9,0,2.56,42,8218.69
4038,160.83,152.05,0,0,20,1,1,1.366,Electronics,61,1,3.3,262,42136.27
4039,135.29,137.24,6,1,9,1,1,1.366,Electronics,95,0,4.64,227,30710.91
4040,119.78,93.54,4,0,8,0,6,-0.0,Food,21,0,4.36,61,7306.78
4041,174.56,124.91,0,0,20,1,7,0.366,Clothing,36,0,3.0,113,19725.2
4042,64.99,51.45,4,0,17,1,10,-1.7321,Food,1,0,1.09,127,8254.18
4043,98.86,106.38,3,0,3,0,9,-1.0,Toys,22,0,2.2,109,10775.68
4044,127.68,95.02,4,0,7,0,10,-1.7321,Clothing,87,1,1.43,94,12002.3
4045,88.13,71.72,4,0,22,0,5,-0.366,Toys,87,0,3.6,135,11897.04
4046,91.22,82.35,0,0,20,1,1,1.366,Clothing,15,0,3.78,229,20889.94
4047,72.75,54.33,6,1,3,0,9,-1.0,Books,46,0,3.6,103,7493.67
4048,117.2,95.52,2,0,15,0,5,-0.366,Food,65,0,2.1,73,8555.9
4049,171.61,213.96,6,1,20,1,6,-0.0,Electronics,6,0,4.68,192,32948.96
4050,48.29,34.36,3,0,22,0,9,-1.0,Books,40,0,3.35,131,6326.04
4051,187.54,204.81,1,0,20,1,2,1.7321,Electronics,35,0,3.39,216,40509.13
4052,140.93,131.15,4,0,7,0,3,1.0,Clothing,81,0,4.26,143,20152.51
4053,166.42,183.66,4,0,6,0,7,0.366,Toys,61,1,1.28,145,24131.18
4054,115.68,121.83,5,1,22,0,3,1.0,Toys,23,0,1.84,165,19086.58
4055,158.11,131.88,4,0,23,0,2,1.7321,Books,20,1,3.36,166,26245.96
4056,13.08,15.8,6,1,12,1,7,0.366,Electronics,28,1,3.44,293,3831.88
4057,165.49,164.69,2,0,7,0,8,0.0,Food,37,0,2.87,36,5957.72
4058,17.63,21.04,1,0,21,1,9,-1.0,Food,82,0,4.12,208,3666.29
4059,179.08,168.98,6,1,6,0,2,1.7321,Food,7,0,2.38,75,13431.27
4060,198.47,256.19,5,1,23,0,2,1.7321,Electronics,49,1,1.04,202,40091.53
4061,65.87,76.56,6,1,4,0,11,-1.366,Toys,84,0,2.36,114,7509.5
4062,49.96,63.93,0,0,17,1,7,0.366,Toys,24,0,4.86,261,13039.7
4063,155.42,156.76,3,0,22,0,4,0.0,Books,80,1,4.12,131,20359.89
4064,58.08,57.16,2,0,18,1,5,-0.366,Electronics,13,0,2.27,213,12369.98
4065,174.46,201.2,1,0,9,1,1,1.366,Clothing,92,0,1.89,155,27040.81
4066,29.54,36.28,3,0,10,1,6,-0.0,Clothing,7,0,4.24,239,7060.08
4067,33.93,43.38,0,0,7,0,10,-1.7321,Food,15,0,1.8,120,4071.78
4068,196.04,175.4,3,0,5,0,8,0.0,Toys,87,0,3.32,107,20976.15
4069,138.03,162.77,5,1,10,1,11,-1.366,Toys,23,0,3.03,120,16563.53
4070,170.91,141.24,4,0,15,0,1,1.366,Electronics,95,0,2.69,135,23072.66
4071,71.62,73.58,4,0,3,0,2,1.7321,Electronics,69,1,2.7,289,20698.93
4072,138.53,111.92,2,0,1,0,7,0.366,Books,91,0,3.81,93,12883.47
4073,122.91,111.65,3,0,12,1,2,1.7321,Electronics,60,0,1.41,215,26424.78
4074,124.6,156.85,6,1,6,0,9,-1.0,Books,10,0,2.58,90,11213.87
4075,139.68,110.02,4,0,16,0,6,-0.0,Food,51,0,4.87,61,8520.55
4076,119.32,128.8,2,0,22,0,12,-0.0,Food,64,0,4.11,97,11573.87
4077,91.52,96.63,2,0,12,1,12,-0.0,Toys,71,1,1.08,183,16748.5
4078,62.43,48.22,5,1,9,1,5,-0.366,Toys,56,0,2.79,185,11548.68
4079,156.03,139.74,2,0,12,1,7,0.366,Toys,32,0,1.47,97,15134.95
4080,52.99,54.99,0,0,9,1,10,-1.7321,Clothing,23,0,2.94,170,9008.6
4081,141.55,114.98,6,1,6,0,8,0.0,Books,54,0,1.41,69,9766.76
4082,54.33,64.13,4,0,9,1,9,-1.0,Food,73,1,2.56,205,11138.31
4083,128.81,165.3,4,0,15,0,6,-0.0,Books,93,0,3.18,135,17389.72
4084,151.94,125.94,1,0,2,0,5,-0.366,Clothing,91,1,2.47,129,19600.89
4085,51.56,41.87,0,0,3,0,7,0.366,Clothing,85,0,3.31,167,8609.79
4086,21.39,20.81,4,0,3,0,2,1.7321,Food,70,0,4.94,235,5026.47
4087,34.89,40.07,5,1,3,0,8,0.0,Food,90,0,1.98,164,5721.14
4088,125.14,108.74,4,0,15,0,12,-0.0,Toys,84,0,3.26,137,17144.1
4089,171.39,122.02,1,0,8,0,4,0.0,Clothing,61,0,2.89,57,9769.5
4090,18.55,19.01,3,0,5,0,1,1.366,Toys,79,0,4.24,241,4470.4
4091,149.49,190.44,3,0,9,1,3,1.0,Food,20,0,2.26,139,20778.93
4092,74.85,69.97,0,0,3,0,9,-1.0,Clothing,53,0,3.55,117,8757.51
4093,100.92,96.08,2,0,22,0,4,0.0,Clothing,15,0,3.77,103,10394.8
4094,186.48,238.95,1,0,11,1,10,-1.7321,Electronics,29,1,4.9,214,39907.43
4095,73.07,81.61,1,0,9,1,10,-1.7321,Clothing,70,0,1.61,167,12203.46
4096,98.41,111.36,4,0,11,1,11,-1.366,Toys,80,0,4.99,145,14270.03
4097,12.6,13.07,5,1,18,1,3,1.0,Electronics,65,0,3.88,267,3364.11
4098,25.5,32.77,4,0,18,1,4,0.0,Clothing,62,0,2.83,214,5457.8
4099,59.13,65.83,5,1,21,1,3,1.0,Electronics,70,0,2.05,215,12713.47
4100,15.29,18.92,1,0,23,0,3,1.0,Clothing,16,0,3.51,229,3501.85
4101,129.96,145.51,2,0,0,0,2,1.7321,Books,54,1,1.57,198,25732.34
4102,91.02,103.86,3,0,3,0,6,-0.0,Toys,97,1,4.79,224,20387.51
4103,114.15,99.79,0,0,12,1,10,-1.7321,Toys,7,0,1.74,94,10729.87
4104,43.18,38.09,6,1,7,0,6,-0.0,Electronics,60,0,4.1,230,9932.08
4105,66.23,77.47,5,1,21,1,10,-1.7321,Books,10,0,2.38,137,9073.11
4106,136.13,119.52,3,0,13,0,4,0.0,Electronics,53,0,1.86,116,15790.69
4107,193.41,200.69,0,0,15,0,8,0.0,Electronics,8,0,4.23,109,21081.42
4108,19.58,16.63,2,0,1,0,6,-0.0,Food,85,0,4.55,192,3759.2
4109,179.17,213.25,1,0,7,0,12,-0.0,Electronics,90,1,1.02,155,27771.82
4110,119.61,91.66,2,0,12,1,8,0.0,Clothing,37,1,4.9,195,23323.45
4111,117.14,140.3,5,1,0,0,6,-0.0,Food,82,1,2.69,159,18626.01
4112,105.05,111.53,1,0,11,1,9,-1.0,Food,4,0,1.38,91,9559.82
4113,23.18,18.83,4,0,16,0,3,1.0,Electronics,84,0,2.81,209,4845.64
4114,27.08,27.76,0,0,6,0,3,1.0,Food,83,0,1.47,203,5496.55
4115,124.17,107.97,4,0,15,0,2,1.7321,Toys,97,1,2.04,202,25083.0
4116,74.78,66.86,1,0,13,0,10,-1.7321,Food,23,0,3.23,88,6580.83
4117,184.28,167.86,6,1,9,1,6,-0.0,Food,9,0,2.44,40,7371.24
4118,87.25,64.39,0,0,2,0,7,0.366,Clothing,38,0,1.91,102,8899.72
4119,37.22,48.08,0,0,11,1,7,0.366,Toys,45,0,1.79,224,8338.06
4120,145.8,104.82,4,0,7,0,5,-0.366,Food,45,0,3.55,53,7727.22
4121,65.74,72.15,0,0,15,0,6,-0.0,Clothing,18,0,4.64,191,12555.8
4122,109.84,101.35,1,0,23,0,7,0.366,Toys,46,0,1.23,125,13729.92
4123,142.59,155.08,6,1,0,0,11,-1.366,Food,2,0,1.98,32,4562.82
4124,181.05,165.43,5,1,16,0,2,1.7321,Electronics,48,0,3.66,168,30416.43
4125,160.52,177.25,5,1,5,0,10,-1.7321,Food,17,0,4.95,0,0.0
4126,138.51,157.56,1,0,0,0,12,-0.0,Toys,16,0,3.73,133,18421.64
4127,139.13,155.04,4,0,23,0,7,0.366,Food,45,0,1.21,61,8486.95
4128,189.73,145.78,2,0,14,0,1,1.366,Toys,48,1,1.72,158,29976.66
4129,66.21,72.44,1,0,12,1,6,-0.0,Electronics,24,1,2.39,254,16816.47
4130,10.21,8.86,5,1,5,0,8,0.0,Food,95,0,1.63,180,1838.03
4131,61.67,44.24,1,0,20,1,1,1.366,Toys,65,0,1.73,203,12519.29
4132,51.4,48.77,0,0,12,1,1,1.366,Clothing,92,0,2.09,249,12798.44
4133,135.75,130.34,0,0,21,1,6,-0.0,Food,33,1,2.49,155,21041.03
4134,130.41,127.84,1,0,3,0,5,-0.366,Electronics,4,0,2.57,128,16691.87
4135,122.76,137.84,4,0,0,0,3,1.0,Clothing,1,0,3.0,211,25901.87
4136,13.09,11.59,2,0,22,0,10,-1.7321,Food,33,0,4.71,158,2067.63
4137,148.47,132.01,0,0,9,1,10,-1.7321,Toys,74,0,4.97,138,20488.56
4138,71.47,52.63,5,1,3,0,7,0.366,Books,62,0,1.08,91,6503.84
4139,136.36,151.65,6,1,12,1,7,0.366,Clothing,3,0,2.98,175,23863.11
4140,115.75,120.46,0,0,3,0,7,0.366,Toys,45,0,4.01,159,18404.23
4141,75.12,68.33,5,1,15,0,6,-0.0,Clothing,21,0,1.29,109,8187.96
4142,35.57,39.95,6,1,8,0,4,0.0,Food,64,1,4.76,240,8536.68
4143,27.94,28.57,2,0,3,0,9,-1.0,Electronics,73,0,4.75,162,4526.21
4144,167.99,164.89,6,1,19,1,12,-0.0,Electronics,57,0,1.83,143,24022.35
4145,184.5,185.75,0,0,7,0,9,-1.0,Clothing,40,0,4.14,43,7933.31
4146,133.46,144.38,6,1,3,0,7,0.366,Books,62,0,3.33,105,14013.27
4147,29.65,32.5,4,0,8,0,7,0.366,Food,43,1,1.14,205,6078.76
4148,86.39,75.45,5,1,10,1,8,0.0,Toys,88,0,2.19,142,12266.69
4149,148.5,116.49,0,0,23,0,11,-1.366,Food,46,0,2.05,0,0.0
4150,158.17,125.58,0,0,4,0,5,-0.366,Books,72,0,4.52,69,10913.45
4151,32.46,35.18,1,0,8,0,11,-1.366,Toys,24,1,4.59,214,6946.77
4152,10.01,12.24,4,0,7,0,9,-1.0,Books,24,0,1.14,108,1080.63
4153,145.31,137.42,4,0,3,0,6,-0.0,Food,10,0,3.97,49,7120.0
4154,77.75,62.34,1,0,19,1,7,0.366,Food,99,0,1.48,167,12984.8
4155,58.35,67.34,6,1,0,0,12,-0.0,Clothing,68,0,4.16,154,8986.12
4156,12.45,14.93,5,1,19,1,7,0.366,Books,57,1,4.38,322,4009.07
4157,112.66,138.38,3,0,12,1,9,-1.0,Electronics,44,1,1.24,220,24784.52
4158,171.72,182.73,2,0,23,0,7,0.366,Books,73,0,2.31,92,15798.11
4159,191.95,233.5,4,0,4,0,3,1.0,Books,75,0,2.52,60,11517.0
4160,117.49,83.33,3,0,21,1,6,-0.0,Toys,48,0,4.82,180,21148.48
4161,107.75,82.36,5,1,19,1,6,-0.0,Toys,77,0,2.48,157,16916.38
4162,26.16,19.77,2,0,20,1,11,-1.366,Clothing,27,0,2.02,158,4133.39
4163,114.29,128.86,4,0,9,1,12,-0.0,Electronics,30,0,3.48,203,23200.02
4164,82.2,60.97,0,0,15,0,7,0.366,Food,46,0,1.64,106,8712.78
4165,125.36,125.08,4,0,7,0,6,-0.0,Electronics,12,0,3.5,112,14039.84
4166,83.86,82.48,2,0,11,1,4,0.0,Electronics,60,0,2.83,172,14423.58
4167,55.66,49.34,6,1,2,0,6,-0.0,Electronics,19,0,3.93,165,9183.38
4168,28.04,34.28,3,0,3,0,3,1.0,Clothing,68,0,3.32,230,6449.98
4169,69.83,56.03,6,1,16,0,1,1.366,Clothing,54,0,1.71,182,12709.88
4170,28.36,25.85,0,0,20,1,1,1.366,Electronics,34,1,4.75,335,9501.44
4171,43.61,50.78,2,0,19,1,5,-0.366,Food,87,0,2.8,171,7457.38
4172,197.59,141.92,5,1,21,1,11,-1.366,Food,90,0,3.98,0,0.0
4173,94.38,104.17,6,1,21,1,8,0.0,Food,7,0,3.13,152,14345.71
4174,111.06,132.14,2,0,12,1,3,1.0,Clothing,82,0,4.46,241,26764.41
4175,175.99,221.63,4,0,5,0,2,1.7321,Toys,42,0,2.35,141,24814.24
4176,199.16,244.12,5,1,2,0,8,0.0,Food,68,0,3.56,20,3983.16
4177,120.72,107.63,1,0,13,0,9,-1.0,Toys,53,0,1.32,76,9174.4
4178,164.37,172.89,1,0,6,0,9,-1.0,Electronics,8,1,1.31,146,23998.02
4179,72.12,53.83,6,1,2,0,2,1.7321,Food,22,1,4.37,232,16731.56
4180,68.09,58.2,0,0,5,0,12,-0.0,Electronics,26,0,4.27,196,13345.9
4181,86.51,65.45,2,0,12,1,8,0.0,Electronics,77,0,2.44,181,15658.98
4182,137.78,122.5,3,0,13,0,2,1.7321,Books,63,0,3.7,136,18737.59
4183,139.62,171.05,0,0,14,0,7,0.366,Electronics,46,0,4.32,154,21500.93
4184,69.9,63.49,5,1,15,0,8,0.0,Electronics,81,0,1.58,159,11113.38
4185,35.31,36.62,6,1,0,0,1,1.366,Clothing,44,1,4.94,266,9392.43
4186,130.16,124.95,0,0,14,0,8,0.0,Electronics,62,0,4.54,123,16009.1
4187,34.38,33.53,6,1,23,0,3,1.0,Food,36,0,3.76,203,6979.53
4188,119.91,153.7,4,0,6,0,1,1.366,Clothing,41,0,3.17,158,18946.35
4189,141.75,124.41,5,1,8,0,7,0.366,Books,79,0,4.58,94,13324.52
4190,143.12,154.05,3,0,14,0,10,-1.7321,Books,82,0,3.96,63,9016.32
4191,153.16,145.81,2,0,13,0,3,1.0,Electronics,27,0,3.34,164,25118.19
4192,175.84,129.54,5,1,18,1,8,0.0,Toys,70,0,4.57,135,23738.84
4193,104.99,104.32,2,0,23,0,9,-1.0,Books,98,0,1.84,76,7979.41
4194,148.75,176.71,2,0,17,1,2,1.7321,Books,41,1,1.98,187,27815.75
4195,127.64,96.91,0,0,8,0,1,1.366,Books,5,1,4.72,190,24252.14
4196,45.46,33.72,4,0,0,0,8,0.0,Food,57,0,1.27,146,6637.39
4197,14.88,11.79,0,0,11,1,10,-1.7321,Toys,76,0,1.18,176,2619.06
4198,64.06,74.23,1,0,9,1,6,-0.0,Electronics,29,0,4.17,237,15182.9
4199,94.18,106.83,1,0,6,0,10,-1.7321,Electronics,12,0,2.66,115,10830.29
4200,127.25,132.21,2,0,13,0,1,1.366,Clothing,25,1,4.67,231,29394.78
4201,171.49,168.22,4,0,0,0,3,1.0,Food,34,0,2.2,85,14576.84
4202,47.29,58.3,5,1,14,0,9,-1.0,Toys,75,0,2.15,137,6478.28
4203,33.85,39.27,2,0,21,1,9,-1.0,Clothing,87,0,4.83,206,6974.02
4204,193.06,229.2,5,1,0,0,6,-0.0,Toys,24,0,3.22,107,20657.55
4205,30.53,36.27,2,0,12,1,3,1.0,Books,82,0,3.45,238,7265.77
4206,100.91,109.55,0,0,19,1,8,0.0,Toys,63,0,4.59,211,21292.71
4207,121.26,118.2,2,0,22,0,6,-0.0,Clothing,63,0,2.52,95,11519.43
4208,112.86,137.56,2,0,1,0,1,1.366,Food,10,0,1.99,139,15687.7
4209,26.35,33.08,4,0,2,0,6,-0.0,Food,5,0,3.28,148,3899.22
4210,20.84,14.88,4,0,3,0,5,-0.366,Books,95,1,2.64,208,4333.7
4211,30.04,21.96,6,1,15,0,8,0.0,Electronics,89,0,1.65,158,4746.61
4212,121.26,154.64,5,1,21,1,2,1.7321,Clothing,53,0,1.47,199,24131.07
4213,113.43,98.26,4,0,11,1,12,-0.0,Electronics,81,0,3.9,195,22117.98
4214,54.41,66.6,2,0,3,0,7,0.366,Books,28,0,1.14,152,8270.43
4215,131.18,122.42,4,0,21,1,6,-0.0,Toys,65,0,3.11,131,17184.2
4216,165.81,127.92,4,0,11,1,1,1.366,Toys,45,0,2.32,150,24871.92
4217,17.9,13.39,3,0,6,0,12,-0.0,Books,66,0,1.6,162,2899.8
4218,104.64,83.08,3,0,19,1,8,0.0,Food,49,0,4.56,156,16324.57
4219,140.97,119.81,1,0,21,1,6,-0.0,Clothing,40,0,3.96,139,19594.69
4220,57.94,57.54,0,0,2,0,3,1.0,Books,66,0,4.09,206,11935.49
4221,68.48,76.76,6,1,4,0,5,-0.366,Books,91,0,2.74,124,8491.08
4222,126.59,163.54,6,1,11,1,7,0.366,Clothing,8,0,3.59,202,25571.42
4223,180.61,174.27,0,0,11,1,9,-1.0,Food,27,1,1.36,74,13364.97
4224,163.89,165.67,4,0,19,1,4,0.0,Food,17,1,1.56,133,21796.79
4225,120.79,122.38,1,0,22,0,12,-0.0,Clothing,68,0,2.29,99,11958.68
4226,148.74,152.26,1,0,21,1,2,1.7321,Electronics,44,0,2.83,218,32425.78
4227,79.32,80.16,5,1,6,0,3,1.0,Toys,31,0,1.38,162,12849.24
4228,131.78,92.94,6,1,21,1,7,0.366,Clothing,5,0,3.26,136,17922.55
4229,98.57,69.1,3,0,11,1,8,0.0,Food,60,0,1.96,110,10843.2
4230,46.09,34.96,1,0,1,0,5,-0.366,Electronics,89,1,4.1,204,9401.92
4231,143.33,109.06,2,0,13,0,3,1.0,Books,92,0,1.0,66,9459.8
4232,115.73,129.96,5,1,22,0,1,1.366,Books,19,0,4.46,168,19442.35
4233,78.14,64.3,6,1,15,0,10,-1.7321,Books,42,0,3.93,63,4922.7
4234,183.15,226.53,4,0,23,0,1,1.366,Toys,23,0,3.18,165,30220.48
4235,13.98,17.57,2,0,6,0,11,-1.366,Food,100,1,3.95,228,3186.87
4236,70.0,89.98,0,0,3,0,2,1.7321,Electronics,77,0,2.46,212,14839.34
4237,20.81,26.29,6,1,19,1,5,-0.366,Food,17,0,1.65,213,4431.99
4238,155.64,134.34,3,0,4,0,3,1.0,Toys,94,0,1.04,91,14163.26
4239,143.4,144.24,2,0,13,0,7,0.366,Toys,58,0,3.19,105,15057.04
4240,72.96,58.75,4,0,8,0,2,1.7321,Clothing,87,0,2.17,196,14299.56
4241,138.38,163.8,2,0,4,0,2,1.7321,Food,49,0,1.85,141,19511.01
4242,85.23,105.09,2,0,1,0,3,1.0,Books,3,0,4.47,190,16193.33
4243,153.69,186.08,1,0,4,0,12,-0.0,Clothing,77,0,3.9,125,19211.03
4244,96.29,92.45,3,0,2,0,1,1.366,Food,96,1,4.96,171,16466.43
4245,88.33,102.04,0,0,9,1,2,1.7321,Clothing,45,0,3.65,229,20228.29
4246,187.6,142.3,4,0,7,0,5,-0.366,Clothing,35,1,4.58,106,19885.46
4247,57.67,41.76,5,1,9,1,3,1.0,Electronics,2,0,1.47,246,14186.09
4248,32.88,37.88,5,1,1,0,11,-1.366,Clothing,47,1,3.89,198,6511.23
4249,121.06,115.64,4,0,13,0,10,-1.7321,Toys,3,0,1.34,51,6174.22
4250,194.17,251.9,0,0,3,0,6,-0.0,Books,29,0,1.38,65,12621.12
4251,81.79,62.03,4,0,20,1,2,1.7321,Electronics,74,0,4.43,259,21183.47
4252,21.79,26.44,1,0,11,1,8,0.0,Clothing,20,0,2.44,213,4640.63
4253,74.47,73.57,5,1,19,1,4,0.0,Electronics,34,0,2.27,171,12734.03
4254,106.13,126.96,6,1,13,0,3,1.0,Books,79,0,1.74,136,14433.27
4255,40.77,48.52,5,1,15,0,5,-0.366,Books,40,0,2.94,165,6726.29
4256,135.04,168.74,6,1,4,0,8,0.0,Electronics,65,1,1.81,188,25387.41
4257,199.57,175.37,2,0,15,0,9,-1.0,Food,90,1,3.15,40,7982.9
4258,95.83,121.69,1,0,3,0,1,1.366,Books,63,0,3.64,196,18782.78
4259,77.4,61.22,5,1,2,0,4,0.0,Toys,56,1,3.62,180,13931.72
4260,86.13,64.53,1,0,0,0,6,-0.0,Toys,32,0,2.46,118,10163.79
4261,31.88,30.57,1,0,3,0,6,-0.0,Clothing,66,0,3.82,155,4941.05
4262,177.82,212.85,0,0,8,0,9,-1.0,Food,96,0,2.06,0,0.0
4263,88.82,87.4,5,1,0,0,1,1.366,Food,41,0,4.23,139,12345.55
4264,83.58,100.1,6,1,15,0,5,-0.366,Clothing,29,0,1.0,130,10865.68
4265,135.34,153.99,3,0,22,0,10,-1.7321,Books,84,1,4.87,115,15564.23
4266,93.99,77.6,6,1,2,0,1,1.366,Electronics,87,0,2.73,211,19831.12
4267,133.16,169.03,0,0,23,0,6,-0.0,Food,51,0,2.34,61,8123.03
4268,21.67,15.96,0,0,5,0,9,-1.0,Food,12,0,3.5,136,2947.77
4269,164.61,203.94,1,0,12,1,4,0.0,Books,44,0,4.52,141,23209.65
4270,188.7,166.56,3,0,16,0,10,-1.7321,Electronics,10,0,2.41,30,5660.87
4271,133.27,133.28,0,0,14,0,10,-1.7321,Toys,83,0,1.28,34,4531.02
4272,191.37,182.45,3,0,20,1,9,-1.0,Food,74,0,2.42,4,765.47
4273,38.77,31.14,5,1,11,1,3,1.0,Books,83,1,1.02,270,10468.48
4274,100.71,92.14,1,0,7,0,11,-1.366,Food,90,0,1.74,43,4330.49
4275,124.34,101.43,0,0,15,0,7,0.366,Toys,88,0,1.21,97,12061.3
4276,120.53,99.12,3,0,2,0,5,-0.366,Clothing,9,1,2.55,116,13981.48
4277,86.28,70.08,4,0,3,0,10,-1.7321,Books,29,0,1.24,43,3709.94
4278,74.24,73.75,6,1,6,0,1,1.366,Electronics,29,0,4.94,202,14995.68
4279,34.1,40.19,0,0,14,0,7,0.366,Clothing,92,1,4.13,254,8660.53
4280,84.43,87.92,0,0,10,1,8,0.0,Electronics,61,0,2.68,216,18237.11
4281,40.91,50.56,0,0,15,0,6,-0.0,Toys,64,0,4.16,183,7485.72
4282,149.53,161.78,3,0,21,1,1,1.366,Electronics,3,0,2.67,178,26616.25
4283,49.68,55.32,2,0,13,0,9,-1.0,Food,87,0,3.59,118,5861.99
4284,21.13,23.25,5,1,22,0,7,0.366,Toys,4,0,4.29,206,4352.25
4285,114.95,111.46,6,1,12,1,6,-0.0,Clothing,55,0,3.74,172,19771.33
4286,123.09,137.08,0,0,8,0,4,0.0,Food,14,1,1.34,114,14032.68
4287,175.66,130.31,4,0,17,1,3,1.0,Food,77,0,1.17,84,14755.73
4288,119.63,145.46,4,0,2,0,4,0.0,Toys,28,0,3.28,103,12321.53
4289,75.64,88.25,1,0,19,1,1,1.366,Electronics,63,0,1.79,215,16262.89
4290,162.57,137.72,2,0,21,1,9,-1.0,Electronics,39,0,4.94,152,24710.98
4291,112.65,130.77,2,0,4,0,2,1.7321,Clothing,64,0,1.07,164,18475.09
4292,25.06,17.73,3,0,21,1,2,1.7321,Toys,60,0,3.99,295,7393.66
4293,117.51,97.58,1,0,23,0,3,1.0,Clothing,20,1,1.17,168,19741.95
4294,182.52,134.9,6,1,1,0,1,1.366,Books,28,0,3.44,90,16427.12
4295,85.3,99.64,3,0,21,1,10,-1.7321,Toys,96,0,2.68,150,12794.91
4296,66.3,76.48,1,0,20,1,3,1.0,Books,14,0,3.53,221,14652.72
4297,37.26,44.27,5,1,16,0,4,0.0,Clothing,77,0,4.05,185,6892.95
4298,38.77,27.25,2,0,15,0,9,-1.0,Books,75,0,1.13,88,3412.17
4299,92.23,92.29,6,1,23,0,5,-0.366,Books,58,0,3.09,126,11620.55
4300,123.18,138.32,5,1,19,1,11,-1.366,Food,39,1,4.77,145,17860.98
4301,25.32,20.08,6,1,23,0,6,-0.0,Food,58,0,1.87,172,4354.51
4302,188.52,205.46,3,0,12,1,1,1.366,Clothing,15,1,1.31,192,36195.46
4303,153.48,115.18,1,0,19,1,3,1.0,Clothing,73,1,4.08,199,30541.6
4304,121.46,98.24,2,0,10,1,7,0.366,Electronics,3,0,3.97,212,25749.21
4305,167.4,164.97,2,0,7,0,7,0.366,Books,5,1,2.56,122,20423.21
4306,25.24,27.56,6,1,20,1,10,-1.7321,Electronics,92,1,4.32,256,6460.28
4307,100.6,79.22,6,1,4,0,12,-0.0,Electronics,42,0,3.18,134,13480.32
4308,129.72,105.22,6,1,1,0,12,-0.0,Toys,15,0,2.9,123,15955.28
4309,167.44,137.75,0,0,3,0,1,1.366,Electronics,3,1,4.29,228,38177.24
4310,158.86,133.95,3,0,2,0,9,-1.0,Electronics,35,1,1.39,102,16203.64
4311,62.64,52.37,0,0,1,0,1,1.366,Books,7,0,1.9,180,11275.77
4312,188.77,176.89,6,1,2,0,7,0.366,Electronics,94,0,2.78,71,13402.47
4313,33.63,36.73,6,1,15,0,12,-0.0,Books,24,0,1.34,154,5178.36
4314,176.28,169.72,2,0,19,1,12,-0.0,Books,31,0,4.98,96,16922.44
4315,194.48,226.68,3,0,8,0,2,1.7321,Electronics,78,0,2.25,169,32866.89
4316,43.66,49.4,3,0,5,0,9,-1.0,Books,80,0,4.79,179,7814.99
4317,147.19,114.21,5,1,14,0,12,-0.0,Clothing,4,0,2.9,129,18987.84
4318,17.65,12.88,4,0,4,0,12,-0.0,Clothing,3,0,4.7,220,3883.93
4319,87.03,106.77,1,0,8,0,9,-1.0,Books,99,0,2.76,113,9834.43
4320,108.09,80.84,4,0,23,0,9,-1.0,Clothing,9,0,4.26,86,9296.07
4321,120.32,94.93,4,0,5,0,4,0.0,Toys,68,0,4.0,98,11791.61
4322,187.83,133.97,6,1,2,0,6,-0.0,Food,83,0,4.79,0,0.0
4323,137.73,148.33,2,0,22,0,12,-0.0,Clothing,88,0,3.55,102,14048.22
4324,101.44,106.46,5,1,12,1,2,1.7321,Electronics,60,0,1.91,250,25360.7
4325,163.84,211.7,1,0,21,1,3,1.0,Clothing,11,0,3.17,138,22609.68
4326,190.6,234.85,6,1,14,0,6,-0.0,Toys,79,0,1.58,86,16391.71
4327,14.19,13.43,6,1,10,1,1,1.366,Toys,36,1,2.34,322,4570.01
4328,196.68,181.53,4,0,15,0,7,0.366,Toys,95,0,4.16,111,21831.37
4329,26.37,23.15,4,0,14,0,2,1.7321,Clothing,72,0,1.06,197,5193.93
4330,164.73,130.38,3,0,23,0,8,0.0,Food,2,0,3.48,35,5765.67
4331,63.26,49.53,2,0,5,0,5,-0.366,Electronics,50,0,3.77,167,10565.02
4332,35.11,27.37,4,0,13,0,7,0.366,Food,3,0,4.6,184,6461.0
4333,93.57,71.91,1,0,10,1,8,0.0,Clothing,67,0,4.03,171,16000.91
4334,132.35,111.75,0,0,19,1,3,1.0,Food,85,0,2.61,121,16014.56
4335,82.38,72.82,6,1,9,1,6,-0.0,Books,62,0,4.06,168,13839.98
4336,20.37,26.01,0,0,15,0,12,-0.0,Electronics,76,0,3.5,218,4440.1
4337,123.9,129.73,2,0,11,1,9,-1.0,Books,14,1,3.35,186,23044.96
4338,181.46,234.54,0,0,6,0,4,0.0,Books,23,0,1.29,75,13609.25
4339,82.81,76.47,3,0,6,0,10,-1.7321,Food,77,0,3.16,62,5134.28
4340,51.1,49.8,3,0,23,0,7,0.366,Books,16,0,4.47,191,9760.72
4341,94.09,84.19,1,0,17,1,1,1.366,Electronics,81,1,2.75,286,26909.65
4342,19.19,15.54,5,1,14,0,12,-0.0,Books,18,0,3.82,218,4183.18
4343,165.89,130.37,2,0,5,0,7,0.366,Clothing,13,0,4.61,56,9289.99
4344,167.0,211.6,2,0,18,1,9,-1.0,Electronics,56,0,3.14,136,22712.65
4345,121.72,157.27,6,1,7,0,10,-1.7321,Clothing,90,0,1.35,59,7181.49
4346,77.09,56.04,0,0,19,1,8,0.0,Clothing,45,0,1.22,159,12257.24
4347,161.96,127.98,4,0,14,0,4,0.0,Toys,40,1,4.19,123,19920.94
4348,115.39,110.1,4,0,3,0,3,1.0,Toys,31,0,1.13,138,15923.89
4349,166.93,135.51,5,1,17,1,7,0.366,Clothing,81,0,5.0,116,19363.55
4350,129.98,119.36,6,1,12,1,12,-0.0,Books,32,0,1.51,73,9488.33
4351,159.04,123.64,4,0,21,1,1,1.366,Clothing,1,1,4.1,217,34511.04
4352,123.73,120.5,5,1,21,1,8,0.0,Clothing,35,1,4.47,224,27714.84
4353,88.69,76.54,6,1,0,0,12,-0.0,Toys,36,0,2.23,130,11529.28
4354,192.01,174.95,1,0,7,0,1,1.366,Food,83,0,3.17,21,4032.2
4355,112.81,85.35,2,0,18,1,7,0.366,Food,92,0,4.81,151,17034.56
4356,124.97,119.58,0,0,16,0,6,-0.0,Food,66,0,4.82,119,14871.07
4357,51.89,66.94,1,0,9,1,10,-1.7321,Clothing,29,0,4.72,185,9600.14
4358,128.87,115.64,3,0,0,0,8,0.0,Clothing,43,0,2.1,109,14047.23
4359,118.61,145.39,3,0,0,0,6,-0.0,Books,29,0,1.24,105,12453.57
4360,45.12,54.41,3,0,20,1,5,-0.366,Toys,43,0,1.41,198,8933.62
4361,21.32,27.1,5,1,4,0,9,-1.0,Clothing,19,0,1.57,133,2835.77
4362,124.83,146.56,5,1,0,0,4,0.0,Electronics,64,1,3.69,203,25340.14
4363,155.1,169.95,6,1,20,1,7,0.366,Electronics,92,0,4.21,179,27763.17
4364,109.45,132.86,2,0,22,0,6,-0.0,Toys,98,0,1.2,123,13461.89
4365,53.09,39.57,3,0,20,1,10,-1.7321,Electronics,31,0,4.56,159,8440.8
4366,136.64,133.59,5,1,19,1,6,-0.0,Electronics,19,0,3.99,158,21588.99
4367,25.22,32.62,6,1,12,1,11,-1.366,Toys,96,0,3.12,182,4590.06
4368,93.95,109.15,5,1,8,0,12,-0.0,Clothing,29,0,4.96,147,13810.42
4369,41.04,52.42,4,0,15,0,5,-0.366,Clothing,73,0,2.06,146,5991.79
4370,45.05,52.61,5,1,7,0,2,1.7321,Books,7,0,1.87,226,10180.67
4371,48.44,59.33,3,0,13,0,4,0.0,Clothing,58,0,2.34,166,8040.35
4372,83.47,93.82,1,0,16,0,1,1.366,Electronics,76,0,3.11,204,17028.77
4373,19.72,22.8,3,0,3,0,9,-1.0,Electronics,60,0,2.55,170,3352.15
4374,85.58,86.77,6,1,6,0,9,-1.0,Books,51,0,4.32,112,9585.04
4375,107.22,134.52,6,1,16,0,8,0.0,Toys,95,0,4.58,173,18549.82
4376,101.83,121.68,6,1,23,0,4,0.0,Electronics,82,0,4.87,181,18430.49
4377,82.73,99.8,4,0,15,0,5,-0.366,Clothing,92,1,4.27,199,16463.07
4378,169.44,187.03,3,0,13,0,1,1.366,Clothing,50,0,3.43,128,21688.05
4379,37.61,33.2,0,0,15,0,4,0.0,Clothing,21,1,3.45,226,8500.33
4380,106.08,76.53,4,0,1,0,4,0.0,Electronics,9,0,1.75,139,14745.45
4381,21.79,27.48,2,0,23,0,5,-0.366,Food,34,0,2.05,155,3377.12
4382,23.52,24.73,3,0,14,0,2,1.7321,Electronics,34,1,4.99,311,7314.59
4383,119.03,104.62,5,1,10,1,2,1.7321,Electronics,47,0,2.05,220,26187.59
4384,117.54,92.8,1,0,12,1,12,-0.0,Food,24,0,2.87,120,14105.22
4385,176.83,211.79,3,0,3,0,2,1.7321,Food,80,1,2.54,130,22987.43
4386,116.0,139.42,1,0,23,0,11,-1.366,Clothing,28,0,3.75,98,11367.61
4387,192.36,228.66,6,1,0,0,8,0.0,Clothing,46,1,2.34,119,22890.87
4388,19.25,20.93,6,1,14,0,12,-0.0,Clothing,51,0,3.73,187,3600.13
4389,28.62,26.32,0,0,11,1,2,1.7321,Electronics,99,1,4.84,364,10418.21
4390,18.37,16.21,2,0,20,1,6,-0.0,Toys,6,0,2.01,197,3619.39
4391,45.2,31.87,5,1,8,0,2,1.7321,Books,63,0,2.48,212,9582.95
4392,112.84,135.43,4,0,6,0,8,0.0,Toys,53,0,2.37,119,13428.12
4393,132.66,99.82,4,0,2,0,1,1.366,Food,64,0,2.2,73,9684.09
4394,18.66,20.13,2,0,15,0,2,1.7321,Electronics,52,0,2.08,231,4310.73
4395,189.73,190.2,0,0,3,0,5,-0.366,Electronics,60,0,3.52,128,24286.01
4396,170.01,172.73,0,0,22,0,6,-0.0,Books,41,0,3.19,68,11560.78
4397,66.36,83.35,6,1,13,0,9,-1.0,Toys,11,0,3.03,151,10019.81
4398,24.67,17.73,3,0,21,1,6,-0.0,Food,4,0,4.2,211,5204.45
4399,42.28,49.21,0,0,12,1,8,0.0,Books,14,0,1.59,197,8328.87
4400,34.12,24.95,3,0,19,1,12,-0.0,Electronics,13,0,1.68,207,7062.72
4401,33.42,24.16,1,0,18,1,7,0.366,Books,15,0,3.05,188,6283.7
4402,108.53,103.96,2,0,1,0,1,1.366,Clothing,8,0,2.41,168,18232.49
4403,56.71,41.84,1,0,9,1,2,1.7321,Toys,88,0,1.7,222,12589.85
4404,78.05,91.59,1,0,18,1,4,0.0,Food,11,1,3.76,248,19355.54
4405,198.01,201.52,1,0,14,0,12,-0.0,Clothing,99,0,2.98,44,8712.26
4406,140.02,100.45,1,0,6,0,1,1.366,Toys,89,1,1.81,186,26043.67
4407,190.31,137.84,4,0,14,0,8,0.0,Clothing,23,0,2.06,35,6660.72
4408,37.09,39.59,0,0,16,0,4,0.0,Books,7,0,3.89,214,7936.35
4409,82.61,97.78,2,0,23,0,7,0.366,Food,69,0,2.31,144,11895.34
4410,115.4,111.09,2,0,15,0,7,0.366,Books,32,0,1.82,104,12001.5
4411,24.58,25.39,5,1,16,0,8,0.0,Books,92,0,4.86,219,5383.9
4412,10.8,12.74,1,0,15,0,9,-1.0,Toys,44,0,1.35,144,1554.57
4413,137.38,146.49,2,0,17,1,9,-1.0,Food,3,0,1.59,52,7143.89
4414,131.95,110.16,6,1,16,0,7,0.366,Food,94,0,3.87,70,9236.2
4415,88.05,94.02,3,0,3,0,9,-1.0,Books,44,0,2.7,94,8276.69
4416,103.03,110.96,2,0,1,0,5,-0.366,Food,69,1,4.01,166,17103.37
4417,88.93,101.43,6,1,16,0,10,-1.7321,Electronics,51,0,3.21,113,10049.56
4418,14.56,15.62,1,0,16,0,4,0.0,Food,61,1,1.16,224,3261.65
4419,73.72,94.48,2,0,1,0,3,1.0,Books,51,0,3.74,191,14080.64
4420,43.65,35.72,0,0,21,1,6,-0.0,Electronics,33,0,4.22,234,10213.08
4421,28.7,36.47,1,0,1,0,10,-1.7321,Electronics,20,1,3.21,184,5280.91
4422,191.78,196.19,4,0,14,0,11,-1.366,Toys,30,1,2.23,68,13040.83
4423,123.88,136.66,6,1,15,0,9,-1.0,Books,44,1,1.06,106,13131.1
4424,148.44,112.77,0,0,10,1,4,0.0,Food,86,0,4.63,106,15735.14
4425,69.92,64.91,2,0,1,0,2,1.7321,Electronics,86,0,3.83,221,15452.12
4426,84.7,98.39,4,0,7,0,11,-1.366,Books,29,0,1.18,73,6182.95
4427,55.02,61.85,5,1,20,1,3,1.0,Toys,21,0,4.36,252,13863.92
4428,28.42,20.58,0,0,23,0,3,1.0,Clothing,82,1,1.21,230,6537.4
4429,44.02,45.25,5,1,11,1,2,1.7321,Clothing,53,0,3.85,279,12280.47
4430,161.53,121.62,3,0,13,0,9,-1.0,Food,11,0,3.78,2,323.06
4431,138.73,180.01,0,0,13,0,4,0.0,Clothing,10,0,4.66,152,21087.52
4432,113.92,141.07,4,0,23,0,3,1.0,Electronics,35,0,1.66,179,20391.05
4433,100.27,71.46,5,1,11,1,10,-1.7321,Electronics,26,0,3.27,119,11931.78
4434,185.26,225.13,3,0,1,0,6,-0.0,Books,44,1,3.18,111,20564.14
4435,23.82,29.81,5,1,13,0,8,0.0,Food,4,0,1.14,142,3382.39
4436,63.31,57.75,2,0,22,0,11,-1.366,Books,74,0,3.55,114,7217.81
4437,76.49,86.56,1,0,11,1,8,0.0,Books,57,0,2.02,169,12926.5
4438,158.66,153.15,5,1,23,0,10,-1.7321,Food,39,0,2.33,0,0.0
4439,198.58,217.07,2,0,8,0,6,-0.0,Books,80,0,1.97,31,6155.91
4440,55.73,50.39,1,0,7,0,5,-0.366,Clothing,41,0,1.22,127,7077.38
4441,176.12,157.37,1,0,19,1,11,-1.366,Toys,94,0,1.67,46,8101.45
4442,167.82,160.21,4,0,15,0,7,0.366,Books,67,1,1.83,123,20641.65
4443,52.68,41.48,6,1,9,1,3,1.0,Electronics,98,0,3.31,239,12591.69
4444,85.87,102.93,3,0,6,0,12,-0.0,Electronics,89,0,1.54,141,12108.12
4445,87.84,79.86,6,1,14,0,10,-1.7321,Clothing,36,1,4.68,156,13702.7
4446,195.86,184.13,3,0,8,0,2,1.7321,Books,4,1,1.93,128,25070.33
4447,44.37,54.86,0,0,3,0,8,0.0,Books,74,1,3.61,188,8341.46
4448,161.84,161.51,2,0,22,0,11,-1.366,Food,13,0,1.63,24,3884.16
4449,73.5,75.45,4,0,5,0,12,-0.0,Books,70,1,4.18,213,15654.78
4450,148.87,189.64,5,1,11,1,9,-1.0,Books,7,0,1.29,114,16970.65
4451,89.8,110.64,2,0,14,0,12,-0.0,Electronics,28,0,3.95,164,14727.54
4452,119.89,96.11,5,1,18,1,6,-0.0,Food,59,1,2.57,167,20021.36
4453,168.2,165.49,6,1,21,1,4,0.0,Books,37,0,2.86,97,16315.03
4454,162.79,208.83,5,1,23,0,6,-0.0,Clothing,15,1,2.47,158,25721.05
4455,174.62,161.25,6,1,1,0,12,-0.0,Books,30,0,2.61,43,7508.68
4456,21.33,19.68,6,1,18,1,7,0.366,Food,74,0,1.02,230,4905.28
4457,141.49,115.6,5,1,23,0,12,-0.0,Clothing,12,0,1.1,71,10045.76
4458,36.6,28.13,0,0,19,1,8,0.0,Clothing,81,1,4.18,270,9881.35
4459,89.01,101.84,6,1,19,1,3,1.0,Clothing,30,0,1.85,202,17979.12
4460,114.23,132.74,0,0,1,0,12,-0.0,Electronics,1,0,3.43,172,19647.87
4461,86.52,110.87,4,0,14,0,6,-0.0,Electronics,36,0,3.61,170,14708.49
4462,108.73,126.56,0,0,11,1,10,-1.7321,Clothing,88,0,3.79,150,16308.93
4463,199.34,168.64,4,0,0,0,6,-0.0,Electronics,21,0,3.39,74,14751.16
4464,35.69,25.84,0,0,22,0,10,-1.7321,Clothing,32,0,3.52,139,4961.09
4465,138.34,178.63,3,0,13,0,7,0.366,Clothing,63,0,3.33,121,16738.73
4466,85.24,77.08,4,0,3,0,4,0.0,Toys,82,0,4.71,149,12700.79
4467,35.27,31.29,3,0,21,1,6,-0.0,Electronics,13,1,3.66,287,10123.02
4468,40.16,49.94,6,1,23,0,2,1.7321,Toys,37,0,2.41,218,8754.88
4469,190.36,200.08,3,0,10,1,8,0.0,Clothing,44,0,2.43,102,19416.91
4470,177.12,146.82,4,0,6,0,3,1.0,Clothing,21,0,1.32,60,10627.46
4471,182.34,224.91,2,0,12,1,9,-1.0,Toys,18,1,4.97,193,35191.23
4472,198.39,257.12,6,1,13,0,8,0.0,Food,46,0,4.56,38,7538.87
4473,49.58,37.28,6,1,6,0,12,-0.0,Clothing,47,0,1.17,144,7139.51
4474,77.53,94.39,1,0,21,1,6,-0.0,Electronics,26,0,4.45,247,19150.77
4475,137.15,128.14,0,0,10,1,10,-1.7321,Books,5,0,1.55,86,11795.04
4476,101.92,103.39,5,1,19,1,2,1.7321,Books,5,0,1.96,226,23034.48
4477,89.49,111.77,0,0,19,1,8,0.0,Books,31,0,3.72,166,14856.01
4478,77.98,100.13,5,1,10,1,11,-1.366,Toys,28,0,3.92,175,13647.22
4479,122.82,105.29,2,0,20,1,6,-0.0,Clothing,77,0,3.02,161,19773.75
4480,119.36,98.8,1,0,8,0,11,-1.366,Food,75,0,4.87,63,7519.85
4481,40.68,30.44,2,0,3,0,1,1.366,Electronics,65,0,2.96,191,7769.3
4482,99.63,103.32,1,0,1,0,6,-0.0,Books,88,1,2.03,143,14247.17
4483,115.16,81.55,4,0,1,0,5,-0.366,Books,13,0,1.04,65,7485.38
4484,118.35,112.1,4,0,8,0,6,-0.0,Electronics,18,1,4.47,214,25327.87
4485,49.92,37.14,5,1,18,1,1,1.366,Books,24,0,2.58,239,11930.97
4486,151.03,142.44,3,0,14,0,4,0.0,Toys,29,0,4.13,110,16613.47
4487,14.79,10.71,3,0,20,1,7,0.366,Clothing,28,0,4.1,243,3593.44
4488,77.42,92.99,5,1,20,1,5,-0.366,Clothing,45,0,1.17,147,11380.45
4489,158.24,130.68,4,0,17,1,6,-0.0,Food,86,0,4.29,90,14241.64
4490,117.14,105.07,5,1,15,0,2,1.7321,Toys,84,0,2.16,197,23076.51
4491,59.62,72.86,3,0,1,0,8,0.0,Food,11,0,4.36,186,11089.48
4492,142.04,163.03,5,1,11,1,10,-1.7321,Books,51,0,2.97,92,13067.78
4493,117.8,97.95,4,0,0,0,4,0.0,Clothing,59,0,3.37,124,14607.73
4494,161.29,119.86,2,0,1,0,6,-0.0,Food,84,0,1.41,28,4516.02
4495,149.65,169.02,0,0,13,0,3,1.0,Food,13,0,2.52,106,15863.41
4496,125.92,117.66,4,0,6,0,9,-1.0,Toys,47,0,4.88,115,14480.86
4497,102.75,119.16,5,1,16,0,8,0.0,Books,88,0,4.7,153,15721.33
4498,35.3,34.15,4,0,14,0,6,-0.0,Electronics,43,1,4.98,237,8367.19
4499,59.65,54.14,4,0,16,0,9,-1.0,Toys,24,0,3.04,149,8888.34
4500,89.63,87.0,3,0,8,0,10,-1.7321,Toys,48,0,4.27,117,10486.58
4501,123.87,142.34,5,1,12,1,9,-1.0,Books,63,0,2.82,106,13129.89
4502,107.6,133.57,3,0,1,0,2,1.7321,Electronics,17,0,4.77,217,23350.17
4503,64.76,47.26,5,1,14,0,9,-1.0,Toys,69,1,4.94,180,11655.91
4504,11.23,11.39,3,0,19,1,8,0.0,Food,54,0,4.51,264,2964.25
4505,104.29,75.05,3,0,10,1,2,1.7321,Food,94,0,3.48,175,18249.95
4506,64.27,63.05,2,0,18,1,9,-1.0,Food,14,0,4.96,161,10347.3
4507,149.58,184.15,4,0,13,0,5,-0.366,Food,15,1,4.93,141,21090.16
4508,14.55,13.34,2,0,3,0,12,-0.0,Electronics,73,0,2.9,187,2720.81
4509,121.12,152.54,3,0,10,1,9,-1.0,Books,78,0,2.22,110,13322.9
4510,188.88,203.68,2,0,15,0,3,1.0,Books,10,0,1.75,42,7932.96
4511,43.14,54.37,6,1,22,0,4,0.0,Electronics,22,0,3.71,212,9145.21
4512,99.61,114.98,6,1,1,0,1,1.366,Books,95,1,1.14,195,19424.61
4513,27.37,20.86,4,0,1,0,11,-1.366,Food,13,1,4.06,208,5693.0
4514,128.88,108.09,4,0,8,0,5,-0.366,Electronics,81,0,1.21,92,11856.92
4515,114.6,107.32,3,0,21,1,7,0.366,Food,65,0,2.06,103,11803.9
4516,87.4,70.1,4,0,22,0,7,0.366,Books,14,0,2.99,132,11536.73
4517,109.06,108.73,2,0,20,1,6,-0.0,Toys,44,0,1.39,124,13523.64
4518,180.35,177.25,1,0,20,1,6,-0.0,Electronics,39,0,1.15,114,20559.81
4519,47.3,60.24,4,0,3,0,8,0.0,Clothing,35,0,2.92,164,7756.53
4520,14.29,13.72,2,0,7,0,11,-1.366,Clothing,65,0,4.55,159,2271.67
4521,173.72,203.49,6,1,22,0,10,-1.7321,Food,27,0,2.63,0,0.0
4522,119.65,151.38,6,1,17,1,9,-1.0,Books,45,0,1.8,137,16392.36
4523,179.23,219.76,2,0,14,0,4,0.0,Food,57,0,2.63,38,6810.55
4524,123.42,101.85,6,1,1,0,4,0.0,Clothing,22,0,3.89,87,10737.5
4525,163.93,163.54,2,0,21,1,8,0.0,Electronics,34,0,1.17,166,27212.48
4526,91.64,83.27,4,0,10,1,5,-0.366,Food,9,0,1.12,131,12004.57
4527,152.47,143.31,1,0,16,0,10,-1.7321,Books,50,0,2.85,0,0.0
4528,183.48,168.15,3,0,6,0,9,-1.0,Clothing,54,0,3.71,46,8439.98
4529,118.7,141.95,3,0,7,0,6,-0.0,Electronics,58,0,3.46,154,18280.32
4530,44.35,43.08,4,0,9,1,9,-1.0,Food,100,0,3.55,160,7095.87
4531,61.07,61.94,4,0,23,0,12,-0.0,Electronics,96,0,1.66,158,9649.3
4532,47.74,61.56,6,1,2,0,12,-0.0,Toys,62,0,3.15,178,8498.16
4533,56.9,41.88,0,0,12,1,4,0.0,Clothing,38,0,2.51,187,10640.83
4534,68.22,67.73,5,1,22,0,1,1.366,Food,84,0,1.44,157,10710.37
4535,115.48,134.46,1,0,16,0,4,0.0,Electronics,27,0,1.51,122,14088.0
4536,121.72,96.24,2,0,12,1,9,-1.0,Food,64,0,3.58,87,10589.5
4537,91.03,97.13,5,1,18,1,7,0.366,Books,3,0,4.83,195,17751.82
4538,126.93,107.09,2,0,21,1,6,-0.0,Books,11,0,1.43,100,12692.99
4539,25.5,31.12,5,1,8,0,2,1.7321,Food,24,0,2.98,221,5635.33
4540,26.68,23.91,3,0,20,1,4,0.0,Clothing,29,0,1.99,195,5202.55
4541,42.65,38.27,5,1,15,0,1,1.366,Food,69,0,2.13,178,7591.27
4542,108.43,114.82,4,0,4,0,3,1.0,Food,97,0,1.9,105,11385.65
4543,50.66,41.04,1,0,8,0,2,1.7321,Food,8,0,3.18,171,8662.69
4544,63.82,55.59,3,0,8,0,4,0.0,Food,19,0,1.23,121,7722.71
4545,86.06,81.75,6,1,5,0,4,0.0,Clothing,68,0,3.97,138,11876.2
4546,164.25,149.83,5,1,20,1,11,-1.366,Toys,99,0,3.43,90,14782.91
4547,12.63,12.82,1,0,9,1,9,-1.0,Toys,94,0,2.54,201,2539.39
4548,133.38,141.36,4,0,17,1,7,0.366,Electronics,69,0,1.87,181,24142.14
4549,137.09,142.57,6,1,10,1,3,1.0,Clothing,48,0,3.15,180,24675.58
4550,161.74,176.71,2,0,23,0,7,0.366,Clothing,40,0,4.82,119,19247.61
4551,187.22,165.63,6,1,23,0,8,0.0,Clothing,67,0,3.83,66,12356.72
4552,13.83,10.73,0,0,14,0,12,-0.0,Books,16,0,2.12,157,2170.71
4553,39.22,45.36,1,0,6,0,7,0.366,Clothing,64,0,3.97,194,7608.47
4554,178.37,215.91,2,0,13,0,8,0.0,Books,8,0,3.02,77,13734.69
4555,97.12,82.96,1,0,7,0,9,-1.0,Toys,5,0,1.19,81,7866.6
4556,117.27,110.73,1,0,18,1,1,1.366,Toys,99,0,3.47,207,24275.35
4557,135.98,135.86,1,0,14,0,10,-1.7321,Books,72,0,1.94,10,1359.75
4558,139.02,141.8,4,0,18,1,6,-0.0,Food,100,0,2.64,100,13902.27
4559,187.03,204.93,3,0,17,1,4,0.0,Toys,25,1,2.91,178,33291.46
4560,199.42,144.57,1,0,16,0,1,1.366,Food,53,1,4.2,102,20340.88
4561,146.83,166.34,4,0,2,0,2,1.7321,Electronics,49,0,3.32,193,28338.17
4562,64.57,47.6,0,0,2,0,10,-1.7321,Books,72,0,2.36,70,4520.04
4563,177.15,173.78,3,0,6,0,4,0.0,Electronics,21,0,3.63,92,16298.07
4564,19.35,23.16,4,0,9,1,1,1.366,Books,51,1,1.77,302,5844.3
4565,53.91,52.33,6,1,16,0,6,-0.0,Electronics,46,0,4.29,191,10295.92
4566,180.5,142.5,0,0,14,0,1,1.366,Electronics,9,1,1.81,174,31407.57
4567,58.68,75.75,6,1,7,0,9,-1.0,Clothing,64,0,3.23,150,8801.46
4568,51.92,64.05,3,0,16,0,10,-1.7321,Toys,96,0,1.82,92,4776.98
4569,36.24,42.14,4,0,2,0,3,1.0,Books,77,1,2.3,234,8481.05
4570,173.23,164.03,0,0,3,0,12,-0.0,Toys,23,1,2.69,159,27543.77
4571,105.01,85.09,4,0,7,0,11,-1.366,Clothing,60,0,2.47,68,7140.75
4572,138.23,174.84,0,0,12,1,1,1.366,Toys,59,0,4.74,222,30687.0
4573,55.42,56.5,1,0,0,0,6,-0.0,Books,8,0,1.89,142,7870.01
4574,154.03,186.59,1,0,17,1,6,-0.0,Clothing,64,0,1.72,123,18945.4
4575,154.4,139.77,3,0,10,1,7,0.366,Food,99,0,3.07,108,16675.31
4576,69.39,62.54,0,0,20,1,7,0.366,Clothing,54,0,4.8,203,14086.91
4577,88.03,113.67,1,0,5,0,10,-1.7321,Books,92,0,3.01,87,7658.58
4578,49.84,50.49,3,0,15,0,11,-1.366,Electronics,15,0,4.84,139,6927.92
4579,195.55,153.39,2,0,20,1,4,0.0,Toys,52,0,1.76,39,7626.32
4580,132.66,110.35,1,0,18,1,5,-0.366,Electronics,93,0,1.04,128,16981.05
4581,187.56,185.53,1,0,22,0,3,1.0,Food,51,0,2.21,39,7314.97
4582,67.64,49.07,5,1,16,0,6,-0.0,Electronics,4,0,3.55,165,11161.14
4583,158.56,154.99,4,0,17,1,7,0.366,Toys,34,0,3.37,173,27430.75
4584,155.51,147.95,2,0,10,1,9,-1.0,Electronics,24,0,1.97,123,19128.12
4585,141.41,165.12,0,0,13,0,9,-1.0,Clothing,21,0,3.65,94,13292.97
4586,193.47,176.63,3,0,11,1,12,-0.0,Books,2,1,4.32,178,34437.91
4587,84.78,109.32,2,0,19,1,5,-0.366,Electronics,7,1,3.75,271,22974.16
4588,34.84,28.16,0,0,23,0,4,0.0,Books,56,1,3.91,214,7454.97
4589,137.62,145.14,1,0,6,0,7,0.366,Books,75,0,2.23,84,11560.47
4590,148.57,111.99,6,1,16,0,3,1.0,Books,76,0,3.12,74,10994.1
4591,119.26,136.0,5,1,4,0,4,0.0,Clothing,68,1,1.17,170,20274.46
4592,49.3,63.93,6,1,21,1,9,-1.0,Books,35,0,2.44,207,10204.15
4593,105.85,126.11,3,0,13,0,5,-0.366,Electronics,26,1,4.26,217,22968.72
4594,69.32,71.63,3,0,23,0,10,-1.7321,Books,18,0,4.16,102,7070.24
4595,91.22,90.38,2,0,12,1,7,0.366,Clothing,64,0,4.76,224,20432.98
4596,132.59,159.24,4,0,23,0,2,1.7321,Books,56,0,4.88,193,25590.17
4597,151.59,191.24,0,0,11,1,9,-1.0,Electronics,80,0,4.89,163,24709.3
4598,54.12,70.01,5,1,13,0,5,-0.366,Clothing,55,1,1.63,193,10445.68
4599,87.01,81.61,5,1,8,0,5,-0.366,Food,12,0,1.48,92,8005.09
4600,61.14,79.15,6,1,3,0,4,0.0,Food,37,0,4.5,160,9782.51
4601,47.74,37.88,2,0,21,1,8,0.0,Electronics,52,0,2.53,200,9548.0
4602,158.84,135.36,4,0,18,1,11,-1.366,Toys,19,0,2.43,92,14613.61
4603,182.76,137.69,4,0,0,0,4,0.0,Books,15,0,3.13,53,9686.17
4604,80.34,69.34,4,0,12,1,2,1.7321,Toys,86,1,2.81,299,24022.89
4605,152.74,177.3,3,0,5,0,5,-0.366,Clothing,84,0,1.89,90,13746.87
4606,180.43,218.64,0,0,0,0,3,1.0,Books,52,0,4.38,144,25981.79
4607,170.76,199.34,0,0,21,1,4,0.0,Toys,77,0,4.64,154,26297.59
4608,44.73,48.25,6,1,16,0,3,1.0,Electronics,87,0,3.99,214,9573.19
4609,191.7,193.3,2,0,2,0,7,0.366,Clothing,95,0,1.19,64,12268.51
4610,81.57,91.78,1,0,16,0,6,-0.0,Books,26,1,1.47,181,14763.9
4611,74.46,69.58,2,0,1,0,2,1.7321,Food,45,0,2.38,162,12061.83
4612,21.86,26.34,0,0,21,1,11,-1.366,Books,96,0,3.23,182,3978.88
4613,102.37,113.26,6,1,6,0,8,0.0,Clothing,21,0,3.44,131,13410.86
4614,30.71,34.36,3,0,0,0,5,-0.366,Food,81,0,1.4,142,4361.19
4615,57.22,58.46,2,0,20,1,6,-0.0,Electronics,93,0,4.84,239,13676.19
4616,70.22,86.45,6,1,21,1,8,0.0,Books,53,1,3.12,243,17063.24
4617,163.68,139.32,1,0,14,0,11,-1.366,Toys,29,0,2.73,9,1473.09
4618,176.34,163.77,5,1,3,0,11,-1.366,Toys,48,0,1.76,31,5466.63
4619,67.47,78.71,2,0,5,0,12,-0.0,Electronics,86,1,4.8,244,16462.34
4620,173.15,172.4,6,1,20,1,7,0.366,Clothing,19,1,2.79,186,32206.39
4621,172.87,213.24,4,0,12,1,11,-1.366,Electronics,54,0,1.47,123,21263.49
4622,155.28,140.97,1,0,22,0,3,1.0,Clothing,78,0,3.46,121,18789.33
4623,37.87,34.9,4,0,12,1,2,1.7321,Food,87,1,2.4,270,10225.46
4624,141.16,174.09,3,0,19,1,3,1.0,Clothing,2,0,4.23,207,29220.4
4625,189.55,185.5,0,0,0,0,8,0.0,Food,32,0,3.18,19,3601.54
4626,139.68,141.03,2,0,1,0,4,0.0,Books,62,0,1.42,83,11593.66
4627,73.01,65.68,6,1,5,0,8,0.0,Books,97,0,4.0,162,11827.17
4628,105.11,91.03,2,0,10,1,4,0.0,Electronics,7,0,2.22,173,18184.04
4629,132.69,145.1,4,0,17,1,7,0.366,Electronics,98,0,2.63,215,28527.87
4630,107.01,82.6,4,0,12,1,6,-0.0,Books,68,0,4.1,157,16800.32
4631,32.79,40.25,0,0,20,1,10,-1.7321,Toys,87,1,1.43,209,6853.33
4632,69.29,80.9,6,1,11,1,1,1.366,Food,84,0,4.91,239,16560.83
4633,162.46,132.31,2,0,19,1,11,-1.366,Books,22,0,3.81,50,8122.76
4634,173.67,193.89,6,1,6,0,8,0.0,Toys,29,0,1.77,84,14588.23
4635,36.09,38.31,0,0,19,1,6,-0.0,Clothing,3,0,1.23,210,7578.27
4636,190.95,154.81,4,0,6,0,2,1.7321,Books,22,0,3.18,92,17567.72
4637,72.48,62.61,5,1,23,0,5,-0.366,Toys,84,0,2.52,133,9639.35
4638,135.84,128.42,6,1,6,0,12,-0.0,Books,89,0,1.12,52,7063.66
4639,152.85,171.12,4,0,1,0,2,1.7321,Clothing,98,0,3.44,142,21704.24
4640,164.27,177.94,1,0,10,1,10,-1.7321,Clothing,53,1,2.23,144,23654.85
4641,189.69,193.36,4,0,0,0,7,0.366,Food,93,0,2.29,25,4742.31
4642,69.45,80.64,4,0,20,1,11,-1.366,Clothing,57,1,1.65,207,14377.13
4643,173.12,199.91,6,1,12,1,10,-1.7321,Clothing,10,0,1.56,98,16965.39
4644,35.02,37.5,5,1,11,1,6,-0.0,Food,40,0,1.58,175,6128.59
4645,143.96,168.75,0,0,12,1,7,0.366,Books,20,0,4.54,150,21593.67
4646,150.98,135.96,1,0,6,0,6,-0.0,Books,87,0,3.13,73,11021.23
4647,138.77,170.51,1,0,11,1,10,-1.7321,Food,11,0,2.88,60,8326.04
4648,57.94,61.93,2,0,16,0,1,1.366,Books,8,0,3.82,207,11993.54
4649,175.88,209.9,5,1,7,0,3,1.0,Books,93,0,2.28,87,15301.4
4650,42.08,43.25,3,0,2,0,10,-1.7321,Toys,36,0,4.29,129,5428.72
4651,20.19,16.78,2,0,6,0,2,1.7321,Food,25,0,1.79,220,4441.93
4652,146.32,150.04,2,0,18,1,1,1.366,Food,39,0,4.21,142,20777.21
4653,100.34,92.58,2,0,19,1,1,1.366,Electronics,98,0,1.22,214,21472.84
4654,171.33,191.63,1,0,7,0,4,0.0,Toys,96,1,1.63,128,21930.06
4655,82.85,81.64,0,0,13,0,11,-1.366,Books,62,0,4.57,102,8450.24
4656,41.97,50.44,6,1,13,0,1,1.366,Electronics,87,0,1.44,218,9150.1
4657,168.92,186.97,4,0,1,0,2,1.7321,Toys,21,0,1.98,146,24662.91
4658,114.29,126.95,1,0,5,0,1,1.366,Books,19,0,1.17,147,16801.05
4659,45.95,38.15,4,0,15,0,12,-0.0,Toys,25,0,3.39,178,8178.6
4660,146.87,189.55,4,0,8,0,12,-0.0,Clothing,87,0,2.31,93,13659.19
4661,107.11,129.07,3,0,20,1,6,-0.0,Books,83,1,3.53,217,23243.22
4662,124.82,146.46,6,1,14,0,11,-1.366,Toys,5,0,1.34,68,8487.72
4663,97.57,87.63,2,0,18,1,4,0.0,Toys,83,0,2.58,168,16391.87
4664,167.45,171.03,3,0,14,0,8,0.0,Electronics,99,0,2.49,111,18587.47
4665,167.62,131.12,2,0,21,1,11,-1.366,Toys,12,0,3.15,84,14079.82
4666,144.78,148.13,1,0,11,1,5,-0.366,Clothing,25,0,2.18,132,19111.47
4667,30.03,23.65,4,0,8,0,10,-1.7321,Clothing,5,0,4.94,138,4143.62
4668,169.38,174.77,3,0,15,0,5,-0.366,Toys,76,1,2.26,118,19987.1
4669,137.49,149.76,5,1,5,0,11,-1.366,Books,27,0,3.79,78,10724.41
4670,142.43,133.05,1,0,19,1,11,-1.366,Electronics,4,0,2.47,144,20510.58
4671,78.97,78.9,1,0,14,0,8,0.0,Books,83,1,3.13,194,15319.55
4672,177.06,216.97,5,1,12,1,11,-1.366,Toys,45,1,1.91,132,23372.33
4673,147.82,113.1,2,0,20,1,10,-1.7321,Clothing,47,0,1.69,62,9164.88
4674,31.39,36.89,4,0,22,0,6,-0.0,Food,88,0,4.89,202,6341.22
4675,87.48,70.2,2,0,9,1,6,-0.0,Electronics,28,0,3.16,210,18370.34
4676,178.41,128.82,2,0,13,0,3,1.0,Books,97,0,2.84,55,9812.67
4677,18.97,15.39,1,0,2,0,6,-0.0,Clothing,35,0,3.57,214,4059.02
4678,192.67,223.31,2,0,11,1,10,-1.7321,Books,16,0,1.89,21,4046.05
4679,139.04,131.13,0,0,0,0,7,0.366,Toys,12,0,4.29,144,20021.89
4680,129.96,159.01,5,1,23,0,2,1.7321,Books,80,0,1.99,164,21313.68
4681,61.41,62.32,6,1,20,1,3,1.0,Electronics,75,0,3.17,256,15720.0
4682,57.27,40.85,5,1,15,0,6,-0.0,Food,43,0,1.51,93,5326.15
4683,188.99,213.57,4,0,9,1,10,-1.7321,Food,28,0,3.3,2,377.98
4684,66.67,51.08,5,1,8,0,9,-1.0,Toys,87,0,2.93,127,8467.31
4685,157.35,184.67,2,0,17,1,9,-1.0,Electronics,81,0,2.12,152,23916.59
4686,84.69,67.83,2,0,0,0,8,0.0,Food,19,0,2.23,97,8215.23
4687,36.46,33.08,3,0,9,1,8,0.0,Clothing,75,0,1.04,189,6890.61
4688,12.04,13.92,4,0,6,0,9,-1.0,Books,68,0,1.11,139,1672.99
4689,113.41,144.32,4,0,9,1,11,-1.366,Toys,74,1,3.4,187,21207.46
4690,195.4,180.33,5,1,11,1,11,-1.366,Clothing,55,0,3.87,94,18367.41
4691,80.14,95.97,2,0,10,1,9,-1.0,Toys,83,0,3.19,182,14584.73
4692,77.87,63.42,0,0,8,0,10,-1.7321,Electronics,36,0,1.33,72,5606.39
4693,75.38,89.27,3,0,4,0,11,-1.366,Toys,62,0,4.76,146,11005.1
4694,108.9,119.19,0,0,3,0,9,-1.0,Food,39,0,3.85,63,6860.91
4695,93.73,76.45,2,0,19,1,5,-0.366,Electronics,41,0,1.95,162,15183.67
4696,177.18,156.19,4,0,12,1,6,-0.0,Toys,60,0,3.69,109,19313.03
4697,106.05,82.62,4,0,7,0,5,-0.366,Clothing,86,0,1.45,61,6468.99
4698,106.47,99.0,6,1,15,0,1,1.366,Electronics,66,0,4.12,203,21614.22
4699,36.29,29.84,0,0,0,0,4,0.0,Electronics,59,0,2.92,178,6459.73
4700,196.72,213.72,6,1,16,0,11,-1.366,Toys,97,0,2.64,43,8458.98
4701,57.49,74.55,6,1,14,0,1,1.366,Toys,40,0,1.04,172,9889.11
4702,23.94,16.93,1,0,23,0,12,-0.0,Electronics,91,0,3.61,227,5434.19
4703,136.0,139.34,2,0,14,0,1,1.366,Books,19,0,4.32,142,19311.69
4704,123.12,128.56,4,0,17,1,3,1.0,Books,55,1,2.15,230,28317.51
4705,88.88,110.97,5,1,5,0,7,0.366,Food,46,0,1.05,116,10309.81
4706,90.22,90.54,1,0,1,0,1,1.366,Electronics,4,0,4.1,213,19216.12
4707,159.16,163.34,4,0,4,0,7,0.366,Books,83,0,3.54,77,12255.49
4708,47.19,46.38,5,1,18,1,10,-1.7321,Clothing,62,0,4.11,196,9248.34
4709,165.85,142.85,4,0,6,0,10,-1.7321,Electronics,25,1,3.15,144,23882.13
4710,133.26,97.76,1,0,8,0,1,1.366,Books,63,0,2.84,107,14259.03
4711,89.6,84.69,0,0,1,0,9,-1.0,Toys,70,0,1.88,103,9229.24
4712,97.03,70.98,2,0,6,0,5,-0.366,Clothing,13,0,1.32,90,8732.29
4713,58.76,60.54,6,1,23,0,6,-0.0,Food,86,0,2.89,162,9519.6
4714,152.9,135.22,1,0,13,0,12,-0.0,Books,4,1,4.47,165,25228.78
4715,107.45,109.61,1,0,23,0,9,-1.0,Toys,2,1,1.24,124,13323.33
4716,70.96,55.39,6,1,22,0,11,-1.366,Clothing,67,0,4.96,87,6173.73
4717,123.25,155.24,4,0,14,0,3,1.0,Clothing,30,0,4.79,169,20829.17
4718,199.19,246.34,5,1,11,1,3,1.0,Food,4,1,3.56,148,29480.05
4719,92.7,75.46,6,1,19,1,5,-0.366,Toys,48,1,4.66,222,20579.36
4720,184.93,167.56,1,0,3,0,7,0.366,Books,43,1,3.21,115,21267.11
4721,75.55,80.7,2,0,12,1,3,1.0,Electronics,93,1,2.62,299,22590.41
4722,20.4,15.45,6,1,8,0,4,0.0,Clothing,45,0,3.29,185,3773.85
4723,48.81,44.55,6,1,11,1,2,1.7321,Books,97,0,4.51,279,13616.87
4724,89.55,76.18,0,0,9,1,9,-1.0,Electronics,13,0,4.83,175,15671.61
4725,51.73,64.63,5,1,8,0,10,-1.7321,Books,47,0,4.35,146,7552.67
4726,10.04,12.17,0,0,20,1,9,-1.0,Books,96,0,1.72,171,1717.38
4727,183.85,192.66,0,0,22,0,11,-1.366,Clothing,28,0,3.37,37,6802.46
4728,170.34,172.42,2,0,6,0,2,1.7321,Clothing,37,0,2.78,100,17033.71
4729,151.04,190.07,4,0,11,1,5,-0.366,Books,28,0,2.93,132,19936.69
4730,41.88,52.75,5,1,15,0,1,1.366,Books,27,0,2.71,215,9005.23
4731,32.87,42.12,5,1,14,0,8,0.0,Food,89,0,1.27,133,4371.59
4732,22.84,17.71,6,1,6,0,6,-0.0,Electronics,30,0,4.38,202,4614.67
4733,147.57,117.51,2,0,7,0,10,-1.7321,Toys,6,1,4.91,117,17265.17
4734,186.47,206.25,5,1,6,0,10,-1.7321,Toys,94,1,1.84,93,17342.04
4735,91.8,94.08,1,0,10,1,2,1.7321,Food,9,0,3.49,232,21298.02
4736,32.64,23.21,3,0,3,0,2,1.7321,Books,6,0,3.15,226,7375.9
4737,107.35,79.14,6,1,17,1,10,-1.7321,Books,29,1,4.59,160,17176.74
4738,76.28,94.04,3,0,18,1,5,-0.366,Food,87,1,3.82,202,15408.17
4739,81.22,99.19,3,0,6,0,7,0.366,Toys,70,0,4.0,179,14537.8
4740,128.05,117.09,0,0,12,1,9,-1.0,Clothing,86,0,4.81,136,17415.18
4741,146.56,180.94,5,1,8,0,9,-1.0,Clothing,66,0,3.65,82,12017.63
4742,31.01,32.76,6,1,17,1,12,-0.0,Books,95,0,2.81,215,6668.16
4743,16.76,19.84,2,0,6,0,11,-1.366,Electronics,53,1,1.21,191,3201.57
4744,198.92,190.26,5,1,19,1,6,-0.0,Toys,70,0,4.63,107,21284.74
4745,54.22,41.64,2,0,15,0,2,1.7321,Electronics,5,0,3.36,236,12795.54
4746,20.23,19.42,5,1,22,0,6,-0.0,Books,20,0,3.73,196,3964.65
4747,46.08,44.9,6,1,4,0,1,1.366,Toys,12,0,3.02,207,9537.8
4748,17.4,17.93,6,1,6,0,11,-1.366,Clothing,8,0,2.57,158,2749.51
4749,84.44,64.46,0,0,5,0,11,-1.366,Clothing,58,0,3.02,83,7008.86
4750,162.46,210.36,6,1,1,0,2,1.7321,Electronics,49,0,1.19,209,33953.37
4751,74.84,63.35,1,0,6,0,12,-0.0,Toys,64,0,4.19,168,12572.52
4752,94.39,77.32,3,0,20,1,3,1.0,Books,50,1,1.63,222,20955.66
4753,138.36,140.59,3,0,8,0,5,-0.366,Food,97,0,2.33,61,8440.05
4754,106.69,109.07,5,1,12,1,10,-1.7321,Food,39,0,1.35,84,8961.95
4755,173.67,167.4,0,0,16,0,1,1.366,Food,40,0,4.28,70,12157.23
4756,174.55,203.02,3,0,16,0,12,-0.0,Books,31,0,1.67,59,10298.26
4757,11.88,12.0,5,1,14,0,10,-1.7321,Food,3,0,2.6,131,1556.68
4758,157.83,168.22,6,1,17,1,5,-0.366,Electronics,83,0,2.66,188,29671.81
4759,97.54,110.63,4,0,23,0,5,-0.366,Clothing,72,1,2.27,144,14045.67
4760,197.88,141.49,5,1,14,0,4,0.0,Food,30,0,4.44,6,1187.28
4761,101.81,106.13,2,0,10,1,3,1.0,Clothing,95,1,4.09,250,25453.52
4762,197.51,243.04,3,0,11,1,7,0.366,Electronics,29,0,3.97,177,34959.31
4763,153.37,108.96,3,0,22,0,11,-1.366,Toys,70,0,1.9,33,5061.15
4764,57.23,53.98,4,0,16,0,7,0.366,Toys,56,0,1.76,162,9272.06
4765,112.3,141.01,6,1,11,1,1,1.366,Books,66,1,1.99,257,28859.83
4766,198.51,181.02,1,0,6,0,7,0.366,Clothing,87,0,2.54,58,11513.33
4767,172.93,168.65,5,1,23,0,3,1.0,Books,63,1,2.92,127,21962.21
4768,28.5,36.73,1,0,6,0,3,1.0,Food,30,0,2.0,213,6070.44
4769,144.21,118.19,5,1,20,1,6,-0.0,Books,53,1,2.83,161,23217.92
4770,75.66,55.92,4,0,22,0,6,-0.0,Electronics,46,0,1.74,128,9684.5
4771,11.33,13.77,1,0,9,1,11,-1.366,Books,9,1,2.08,221,2503.19
4772,86.66,105.82,0,0,15,0,4,0.0,Food,7,0,2.04,114,9879.4
4773,54.6,53.69,4,0,10,1,5,-0.366,Food,63,0,3.91,209,11412.1
4774,165.59,167.0,6,1,15,0,3,1.0,Electronics,47,0,2.83,111,18379.95
4775,74.09,89.02,5,1,1,0,3,1.0,Clothing,44,0,3.46,199,14744.47
4776,167.23,191.17,2,0,1,0,9,-1.0,Toys,49,0,3.68,90,15050.66
4777,10.11,8.69,6,1,17,1,5,-0.366,Electronics,79,0,1.27,218,2204.77
4778,68.49,48.63,6,1,4,0,1,1.366,Toys,79,0,4.18,198,13560.16
4779,55.82,55.14,2,0,13,0,9,-1.0,Electronics,85,0,2.14,129,7200.96
4780,54.38,66.09,2,0,7,0,10,-1.7321,Electronics,62,0,3.04,149,8102.29
4781,22.96,28.41,5,1,5,0,6,-0.0,Books,59,0,2.35,158,3626.96
4782,45.55,58.02,6,1,8,0,9,-1.0,Books,78,0,4.09,134,6104.18
4783,115.55,141.87,3,0,5,0,11,-1.366,Books,75,0,1.91,38,4391.07
4784,65.36,68.5,4,0,20,1,7,0.366,Electronics,75,1,4.86,283,18496.48
4785,89.31,86.34,4,0,16,0,11,-1.366,Books,84,0,2.6,119,10627.3
4786,81.6,95.06,1,0,7,0,10,-1.7321,Electronics,13,1,3.85,160,13056.75
4787,176.42,201.81,4,0,2,0,10,-1.7321,Books,30,0,3.57,32,5645.5
4788,182.01,186.17,6,1,11,1,7,0.366,Toys,84,0,3.97,139,25298.95
4789,103.66,77.99,4,0,12,1,5,-0.366,Clothing,43,1,3.2,190,19695.75
4790,72.73,91.32,6,1,17,1,7,0.366,Books,51,0,2.54,184,13382.25
4791,30.29,29.49,1,0,22,0,10,-1.7321,Food,8,1,1.72,150,4543.82
4792,191.15,175.47,4,0,10,1,4,0.0,Clothing,37,0,3.08,82,15674.02
4793,21.44,23.11,4,0,1,0,11,-1.366,Food,97,0,1.24,146,3130.7
4794,66.55,73.5,0,0,13,0,11,-1.366,Clothing,90,1,1.24,143,9517.16
4795,66.63,55.07,5,1,0,0,6,-0.0,Books,64,0,3.45,123,8195.81
4796,70.88,85.2,1,0,14,0,2,1.7321,Toys,39,1,2.92,283,20057.98
4797,41.21,36.02,0,0,17,1,10,-1.7321,Books,8,0,3.02,130,5357.89
4798,158.8,128.95,3,0,21,1,3,1.0,Electronics,62,0,2.27,182,28901.72
4799,33.27,31.41,1,0,17,1,2,1.7321,Food,82,0,4.16,270,8984.14
4800,130.63,148.7,6,1,16,0,10,-1.7321,Clothing,39,0,1.8,70,9144.26
4801,33.53,42.9,5,1,0,0,2,1.7321,Toys,14,0,3.34,225,7544.42
4802,23.4,27.74,4,0,13,0,7,0.366,Food,52,0,4.44,222,5195.19
4803,182.79,231.09,6,1,19,1,5,-0.366,Toys,82,0,4.34,157,28698.28
4804,46.12,36.18,4,0,23,0,6,-0.0,Food,57,0,1.11,135,6226.8
4805,166.04,123.32,0,0,21,1,3,1.0,Books,21,0,2.12,111,18430.17
4806,113.48,117.41,0,0,15,0,10,-1.7321,Electronics,23,0,3.86,91,10326.67
4807,24.79,21.67,3,0,3,0,5,-0.366,Food,4,0,3.96,225,5578.37
4808,191.54,229.24,3,0,21,1,5,-0.366,Toys,74,0,2.93,125,23941.89
4809,56.92,62.8,5,1,5,0,11,-1.366,Books,43,0,1.81,102,5806.11
4810,173.33,222.29,4,0,15,0,4,0.0,Clothing,11,0,2.12,87,15079.94
4811,42.07,35.88,6,1,19,1,10,-1.7321,Clothing,84,1,4.2,221,9298.33
4812,172.25,170.78,2,0,5,0,4,0.0,Books,19,1,1.77,105,18086.16
4813,12.51,12.52,6,1,14,0,12,-0.0,Clothing,65,0,4.77,218,2727.94
4814,107.24,90.46,3,0,0,0,8,0.0,Toys,95,0,3.0,119,12761.36
4815,156.19,164.64,4,0,6,0,6,-0.0,Electronics,2,0,2.13,140,21867.17
4816,187.61,181.23,6,1,22,0,11,-1.366,Books,49,1,2.56,66,12382.34
4817,182.75,176.91,6,1,10,1,2,1.7321,Electronics,69,0,2.03,218,39839.15
4818,165.73,152.08,3,0,0,0,2,1.7321,Electronics,34,0,2.54,166,27510.97
4819,178.76,126.95,6,1,7,0,2,1.7321,Books,4,0,1.52,87,15551.8
4820,47.85,48.49,6,1,13,0,6,-0.0,Food,91,0,4.29,152,7273.46
4821,64.0,57.67,1,0,4,0,12,-0.0,Toys,39,0,4.85,171,10943.15
4822,64.9,45.48,0,0,12,1,1,1.366,Books,49,0,3.64,206,13370.23
4823,81.64,72.23,4,0,14,0,3,1.0,Toys,3,0,4.23,174,14205.4
4824,84.73,73.48,6,1,8,0,1,1.366,Electronics,26,0,1.91,185,15675.22
4825,113.47,106.21,3,0,7,0,4,0.0,Electronics,41,1,1.25,184,20877.65
4826,40.38,31.46,0,0,18,1,1,1.366,Food,65,0,3.51,251,10134.67
4827,141.34,141.99,6,1,16,0,9,-1.0,Electronics,16,0,4.27,106,14981.71
4828,41.84,46.67,6,1,18,1,11,-1.366,Books,58,0,4.34,193,8074.66
4829,68.96,74.35,2,0,17,1,12,-0.0,Toys,35,0,3.13,183,12619.43
4830,105.64,124.89,3,0,17,1,11,-1.366,Food,83,0,3.49,103,10880.46
4831,161.32,156.68,4,0,3,0,6,-0.0,Books,16,0,2.47,63,10163.39
4832,150.5,152.22,1,0,1,0,8,0.0,Toys,33,0,4.32,106,15952.91
4833,132.65,157.36,0,0,23,0,2,1.7321,Toys,31,0,3.79,177,23479.32
4834,39.6,37.88,0,0,4,0,6,-0.0,Clothing,22,1,1.74,213,8434.14
4835,113.94,127.72,1,0,16,0,4,0.0,Clothing,61,0,2.12,110,12533.25
4836,26.61,25.57,4,0,21,1,7,0.366,Books,84,1,1.61,263,6999.7
4837,81.7,77.67,5,1,6,0,8,0.0,Food,64,0,3.02,144,11764.66
4838,88.57,102.4,2,0,15,0,6,-0.0,Toys,70,0,1.81,150,13285.22
4839,17.56,14.14,5,1,0,0,1,1.366,Toys,35,0,1.64,215,3776.3
4840,62.06,56.05,6,1,11,1,8,0.0,Books,39,0,1.64,165,10239.53
4841,191.57,159.87,1,0,18,1,11,-1.366,Food,3,0,2.06,12,2298.88
4842,191.19,175.03,2,0,8,0,1,1.366,Electronics,96,0,4.24,138,26384.25
4843,76.94,64.49,4,0,15,0,9,-1.0,Food,13,0,4.75,103,7925.04
4844,18.19,19.06,3,0,6,0,2,1.7321,Electronics,14,0,4.98,265,4820.09
4845,44.03,51.9,3,0,14,0,11,-1.366,Toys,41,0,1.16,115,5063.22
4846,84.52,99.06,5,1,11,1,10,-1.7321,Clothing,8,0,3.28,113,9550.92
4847,190.08,174.62,4,0,3,0,6,-0.0,Clothing,19,0,2.07,49,9313.83
4848,36.83,47.63,2,0,5,0,8,0.0,Books,14,0,4.96,211,7770.67
4849,155.07,163.8,5,1,5,0,5,-0.366,Food,75,0,4.94,69,10699.69
4850,30.65,28.8,1,0,14,0,2,1.7321,Food,50,0,4.74,253,7754.37
4851,196.44,235.99,5,1,2,0,5,-0.366,Electronics,99,0,1.06,94,18465.26
4852,82.51,93.89,4,0,1,0,1,1.366,Books,61,0,1.62,179,14768.78
4853,157.29,180.82,6,1,4,0,8,0.0,Food,36,0,3.21,43,6763.67
4854,75.09,61.4,4,0,7,0,8,0.0,Books,67,0,1.75,144,10813.29
4855,129.26,126.8,3,0,18,1,2,1.7321,Electronics,89,0,4.42,264,34123.87
4856,46.48,56.57,1,0,20,1,6,-0.0,Toys,77,0,3.8,234,10877.04
4857,37.74,37.84,3,0,15,0,11,-1.366,Books,80,0,1.74,124,4680.26
4858,188.23,208.95,2,0,18,1,8,0.0,Clothing,92,0,4.27,97,18258.52
4859,184.35,194.08,2,0,22,0,10,-1.7321,Toys,45,0,2.99,19,3502.71
4860,178.62,215.31,0,0,15,0,8,0.0,Food,91,0,3.84,60,10717.15
4861,128.83,112.18,4,0,5,0,12,-0.0,Electronics,74,0,1.56,104,13398.56
4862,163.57,170.98,1,0,21,1,7,0.366,Electronics,82,0,3.07,189,30914.91
4863,23.12,17.89,1,0,0,0,3,1.0,Clothing,72,0,4.11,219,5062.63
4864,73.61,82.01,3,0,17,1,12,-0.0,Books,7,0,2.38,173,12734.52
4865,69.6,79.29,5,1,21,1,11,-1.366,Clothing,22,1,1.75,193,13433.49
4866,130.77,94.9,5,1,7,0,4,0.0,Books,9,0,3.56,58,7584.81
4867,77.63,85.82,3,0,4,0,1,1.366,Clothing,60,0,3.58,170,13197.44
4868,38.22,36.26,6,1,11,1,9,-1.0,Clothing,42,1,1.82,214,8178.29
4869,123.33,95.51,5,1,17,1,10,-1.7321,Electronics,59,0,1.28,92,11346.24
4870,164.73,156.82,1,0,4,0,10,-1.7321,Books,40,1,1.67,45,7412.98
4871,82.6,67.45,3,0,21,1,2,1.7321,Clothing,29,0,2.1,212,17511.93
4872,35.13,33.35,5,1,12,1,10,-1.7321,Food,55,0,1.15,92,3232.06
4873,47.37,44.08,0,0,20,1,7,0.366,Electronics,64,0,4.69,247,11700.58
4874,55.12,63.01,4,0,21,1,8,0.0,Electronics,42,0,1.92,226,12457.53
4875,66.98,78.0,0,0,11,1,4,0.0,Electronics,29,0,3.96,210,14065.91
4876,132.13,140.62,5,1,15,0,11,-1.366,Electronics,92,0,2.66,99,13080.98
4877,124.18,88.62,2,0,13,0,11,-1.366,Clothing,21,0,3.01,70,8692.57
4878,142.26,179.04,1,0,10,1,10,-1.7321,Clothing,97,0,3.15,97,13798.75
4879,78.88,87.69,0,0,8,0,1,1.366,Electronics,63,0,4.09,191,15065.2
4880,166.56,120.01,0,0,22,0,5,-0.366,Clothing,63,0,4.15,76,12658.53
4881,48.78,58.11,3,0,9,1,10,-1.7321,Clothing,90,0,1.57,128,6243.41
4882,99.12,81.29,3,0,15,0,10,-1.7321,Books,38,0,2.21,49,4856.77
4883,162.18,169.89,3,0,18,1,6,-0.0,Food,79,0,3.29,75,12163.38
4884,44.23,43.34,5,1,9,1,7,0.366,Books,66,0,2.32,193,8536.42
4885,30.87,29.39,6,1,20,1,1,1.366,Toys,12,0,1.53,235,7255.39
4886,177.9,219.5,6,1,3,0,4,0.0,Books,33,0,2.63,82,14587.8
4887,75.16,72.33,2,0,20,1,12,-0.0,Food,79,1,1.87,217,16308.99
4888,139.94,104.28,0,0,7,0,5,-0.366,Food,1,0,1.57,57,7976.31
4889,14.82,18.79,4,0,10,1,5,-0.366,Books,97,0,2.22,217,3215.12
4890,141.11,176.71,3,0,5,0,7,0.366,Books,68,0,2.2,94,13264.24
4891,70.06,77.81,2,0,3,0,4,0.0,Toys,28,0,1.39,132,9247.82
4892,20.59,20.19,5,1,20,1,10,-1.7321,Electronics,62,1,3.34,226,4653.51
4893,125.86,95.12,2,0,22,0,7,0.366,Food,78,1,2.26,136,17117.56
4894,55.75,65.48,3,0,23,0,8,0.0,Electronics,59,1,1.69,223,12432.86
4895,83.49,62.23,1,0,4,0,2,1.7321,Toys,49,0,4.27,201,16782.17
4896,25.31,18.76,0,0,17,1,1,1.366,Clothing,45,1,1.01,298,7542.49
4897,37.96,38.81,3,0,21,1,10,-1.7321,Clothing,76,0,2.82,139,5276.58
4898,66.62,53.03,4,0,2,0,10,-1.7321,Electronics,6,0,2.74,146,9725.89
4899,27.05,19.06,0,0,6,0,1,1.366,Books,20,0,3.68,211,5708.46
4900,183.06,174.61,2,0,23,0,1,1.366,Food,85,0,2.56,50,9152.85
4901,11.15,8.72,6,1,21,1,9,-1.0,Electronics,16,0,3.05,189,2107.15
4902,101.93,81.17,4,0,11,1,4,0.0,Books,12,0,4.63,147,14984.22
4903,33.42,24.93,0,0,2,0,9,-1.0,Toys,52,0,1.67,122,4076.88
4904,68.46,56.35,4,0,16,0,7,0.366,Books,20,1,1.42,191,13075.67
4905,185.95,209.99,2,0,2,0,7,0.366,Toys,58,0,3.99,116,21570.35
4906,40.72,48.27,3,0,10,1,2,1.7321,Electronics,45,0,3.97,268,10913.49
4907,193.51,188.0,6,1,5,0,2,1.7321,Clothing,97,0,4.68,103,19931.34
4908,49.1,49.29,4,0,10,1,12,-0.0,Food,2,0,4.93,198,9721.98
4909,150.9,108.58,3,0,3,0,5,-0.366,Electronics,34,0,2.54,106,15995.14
4910,113.87,84.44,6,1,16,0,10,-1.7321,Clothing,26,0,2.51,66,7515.33
4911,178.05,152.15,2,0,21,1,1,1.366,Toys,33,0,4.62,172,30624.76
4912,115.26,118.29,6,1,0,0,7,0.366,Food,42,0,4.44,119,13715.79
4913,111.57,127.6,2,0,11,1,11,-1.366,Books,94,0,2.5,95,10598.79
4914,47.14,50.11,4,0,23,0,7,0.366,Electronics,65,0,1.31,179,8437.53
4915,41.58,38.89,4,0,2,0,11,-1.366,Books,8,0,3.32,123,5114.78
4916,184.13,141.97,2,0,15,0,8,0.0,Food,65,0,2.07,0,0.0
4917,72.29,84.47,4,0,2,0,7,0.366,Electronics,10,1,4.63,230,16626.53
4918,80.7,74.1,4,0,13,0,8,0.0,Electronics,32,0,4.22,191,15412.87
4919,154.37,176.23,4,0,16,0,3,1.0,Books,51,0,4.6,148,22846.24
4920,74.38,74.96,5,1,18,1,3,1.0,Books,57,0,1.32,192,14280.28
4921,190.89,218.23,4,0,6,0,8,0.0,Clothing,40,1,4.46,145,27679.32
4922,150.21,186.91,0,0,23,0,9,-1.0,Books,66,0,3.37,65,9763.41
4923,123.51,154.71,2,0,10,1,10,-1.7321,Toys,31,0,1.86,107,13215.74
4924,177.37,181.11,2,0,15,0,4,0.0,Clothing,63,0,2.21,63,11174.32
4925,19.43,19.56,1,0,23,0,8,0.0,Books,68,0,2.83,165,3205.15
4926,58.84,50.57,3,0,18,1,1,1.366,Electronics,56,0,3.51,262,15416.58
4927,98.36,124.08,1,0,4,0,2,1.7321,Books,12,1,1.93,242,23802.37
4928,53.13,51.78,4,0,0,0,10,-1.7321,Food,31,0,1.83,93,4940.71
4929,151.34,117.53,4,0,23,0,10,-1.7321,Clothing,23,1,4.57,102,15436.88
4930,184.65,177.19,6,1,9,1,10,-1.7321,Electronics,33,0,4.38,109,20126.8
4931,90.52,70.26,0,0,17,1,9,-1.0,Books,8,0,4.07,120,10861.96
4932,75.01,75.12,0,0,9,1,2,1.7321,Food,62,0,4.04,232,17401.21
4933,192.69,199.78,0,0,0,0,2,1.7321,Clothing,80,0,4.06,142,27362.64
4934,94.52,85.32,0,0,12,1,8,0.0,Clothing,15,0,4.7,203,19187.96
4935,102.92,76.47,0,0,3,0,5,-0.366,Clothing,41,0,4.37,128,13173.66
4936,76.81,97.25,0,0,11,1,5,-0.366,Electronics,52,0,2.55,203,15593.14
4937,182.81,212.8,0,0,23,0,11,-1.366,Books,26,0,2.89,55,10054.78
4938,118.1,142.11,0,0,15,0,6,-0.0,Electronics,78,1,3.42,213,25155.63
4939,154.81,142.45,6,1,18,1,8,0.0,Toys,12,0,2.9,115,17803.51
4940,164.24,189.95,5,1,11,1,8,0.0,Books,27,0,2.19,106,17409.79
4941,74.95,74.29,0,0,5,0,9,-1.0,Toys,95,1,4.44,188,14090.85
4942,92.4,75.83,2,0,15,0,10,-1.7321,Books,68,0,4.21,47,4342.89
4943,171.21,132.63,0,0,11,1,11,-1.366,Clothing,30,0,2.56,47,8046.85
4944,79.02,71.67,3,0,23,0,3,1.0,Electronics,4,0,1.46,194,15329.59
4945,160.85,125.87,0,0,9,1,9,-1.0,Toys,54,0,1.02,90,14476.29
4946,188.79,245.23,5,1,4,0,11,-1.366,Clothing,95,1,1.37,88,16613.39
4947,128.41,93.68,6,1,18,1,3,1.0,Clothing,34,1,1.62,193,24783.12
4948,150.91,145.58,4,0,11,1,1,1.366,Toys,68,0,3.63,197,29729.11
4949,162.97,158.28,5,1,7,0,12,-0.0,Books,84,0,1.88,61,9941.08
4950,170.56,150.16,5,1,3,0,11,-1.366,Toys,56,1,3.54,76,12962.37
4951,85.06,88.7,4,0,6,0,5,-0.366,Electronics,18,0,2.31,140,11908.42
4952,19.74,15.59,0,0,23,0,7,0.366,Food,47,1,4.58,262,5171.89
4953,86.36,101.07,6,1,22,0,3,1.0,Books,72,0,2.88,110,9499.21
4954,138.01,124.14,6,1,4,0,9,-1.0,Clothing,60,0,3.69,68,9384.93
4955,95.57,100.8,0,0,10,1,1,1.366,Toys,59,0,2.84,220,21024.65
4956,152.3,172.01,4,0,16,0,6,-0.0,Food,2,1,4.65,151,22997.75
4957,77.83,95.99,3,0,23,0,12,-0.0,Toys,73,0,3.75,150,11674.0
4958,130.6,156.91,1,0,20,1,12,-0.0,Food,16,0,3.57,136,17761.79
4959,45.42,48.37,2,0,2,0,6,-0.0,Books,86,1,3.37,188,8538.92
4960,152.38,142.18,4,0,1,0,8,0.0,Toys,58,0,4.95,109,16609.44
4961,113.68,113.9,0,0,18,1,3,1.0,Toys,12,0,3.74,207,23532.22
4962,48.77,56.64,2,0,1,0,12,-0.0,Food,5,0,4.02,148,7218.29
4963,65.46,80.29,0,0,13,0,5,-0.366,Electronics,39,0,1.33,139,9099.37
4964,152.24,116.04,1,0,0,0,11,-1.366,Clothing,15,0,4.26,53,8068.49
4965,101.69,94.67,1,0,15,0,10,-1.7321,Food,72,0,3.39,62,6305.04
4966,51.05,59.5,4,0,14,0,11,-1.366,Toys,88,0,2.35,134,6840.16
4967,193.78,185.83,2,0,17,1,5,-0.366,Food,19,0,3.33,20,3875.63
4968,145.87,131.19,5,1,1,0,8,0.0,Food,82,0,3.5,40,5834.95
4969,191.86,181.65,6,1,10,1,7,0.366,Toys,85,1,2.04,161,30888.75
4970,91.15,96.77,6,1,20,1,3,1.0,Toys,49,1,2.75,255,23243.24
4971,100.27,130.34,2,0,16,0,7,0.366,Electronics,39,0,3.89,184,18449.51
4972,180.61,179.85,5,1,12,1,10,-1.7321,Electronics,78,0,1.9,78,14087.7
4973,109.76,90.56,1,0,11,1,8,0.0,Electronics,15,0,4.34,219,24037.3
4974,144.38,115.18,0,0,23,0,5,-0.366,Toys,55,0,1.31,48,6930.38
4975,57.91,42.01,6,1,1,0,11,-1.366,Books,67,0,3.32,119,6891.63
4976,94.88,98.23,5,1,21,1,5,-0.366,Electronics,56,0,2.52,199,18880.73
4977,33.46,34.35,5,1,20,1,11,-1.366,Clothing,45,0,1.21,144,4817.59
4978,49.14,40.45,4,0,17,1,1,1.366,Books,75,0,4.1,269,13217.64
4979,10.18,11.37,3,0,9,1,8,0.0,Electronics,57,0,3.19,264,2687.32
4980,17.46,19.99,1,0,11,1,6,-0.0,Clothing,67,0,3.86,232,4050.8
4981,195.68,167.4,5,1,16,0,6,-0.0,Toys,94,0,2.52,62,12132.4
4982,56.05,50.8,1,0,21,1,5,-0.366,Clothing,6,0,4.44,192,10761.06
4983,136.03,176.06,4,0,13,0,5,-0.366,Electronics,70,0,1.33,148,20132.3
4984,169.43,156.65,0,0,21,1,3,1.0,Food,31,0,1.93,63,10674.02
4985,114.63,132.56,2,0,18,1,12,-0.0,Food,22,0,4.18,137,15703.69
4986,39.1,37.99,1,0,12,1,3,1.0,Clothing,85,0,4.82,272,10634.51
4987,148.34,174.45,4,0,23,0,2,1.7321,Toys,38,0,4.39,194,28778.37
4988,124.05,144.07,4,0,2,0,9,-1.0,Books,58,1,1.92,122,15133.83
4989,148.94,163.93,4,0,7,0,8,0.0,Food,70,0,2.39,72,10723.51
4990,156.25,189.51,6,1,4,0,11,-1.366,Books,29,0,4.06,33,5156.31
4991,195.33,246.8,6,1,21,1,3,1.0,Toys,56,0,4.79,201,39260.92
4992,118.98,124.69,6,1,11,1,5,-0.366,Food,11,0,2.16,115,13682.36
4993,74.91,63.11,2,0,0,0,10,-1.7321,Toys,48,1,2.55,151,11311.68
4994,133.21,125.11,6,1,20,1,5,-0.366,Electronics,86,0,1.09,136,18116.32
4995,23.0,26.57,1,0,15,0,8,0.0,Books,60,0,3.02,201,4623.75
4996,180.51,196.85,5,1,11,1,6,-0.0,Electronics,51,0,1.35,159,28700.37
4997,32.68,26.36,4,0,22,0,7,0.366,Toys,39,0,1.34,168,5490.64
4998,72.29,52.83,2,0,16,0,5,-0.366,Toys,6,1,4.05,188,13590.55
4999,164.99,183.1,6,1,8,0,12,-0.0,Clothing,30,0,2.38,87,14354.27
5000,123.49,105.05,0,0,12,1,1,1.366,Clothing,89,0,4.74,185,22845.53
5001,84.79,84.77,3,0,22,0,8,0.0,Food,100,0,3.86,122,10344.47
5002,99.95,114.75,1,0,3,0,4,0.0,Electronics,1,0,2.18,188,18791.12
5003,172.36,178.84,2,0,3,0,5,-0.366,Electronics,86,0,3.73,106,18270.58
5004,74.6,55.95,3,0,14,0,1,1.366,Toys,9,0,4.46,185,13801.15
5005,175.23,142.18,3,0,9,1,3,1.0,Clothing,45,0,2.74,147,25759.32
5006,26.75,22.24,6,1,22,0,2,1.7321,Books,8,0,3.25,239,6392.18
5007,157.59,134.7,2,0,5,0,12,-0.0,Toys,34,0,1.87,82,12922.52
5008,171.03,177.75,5,1,2,0,2,1.7321,Electronics,80,0,2.61,171,29246.82
5009,44.55,44.65,5,1,14,0,1,1.366,Electronics,83,1,3.32,260,11581.79
5010,91.77,75.42,2,0,5,0,6,-0.0,Toys,8,1,3.46,213,19546.12
5011,41.44,30.69,2,0,10,1,8,0.0,Toys,12,0,3.88,213,8827.78
5012,144.25,115.82,4,0,1,0,3,1.0,Toys,43,0,4.83,111,16012.28
5013,111.72,144.18,0,0,1,0,1,1.366,Electronics,56,1,4.35,260,29046.18
5014,130.71,128.24,5,1,0,0,10,-1.7321,Books,31,0,4.41,78,10195.49
5015,47.33,57.76,4,0,10,1,2,1.7321,Electronics,42,0,3.23,275,13016.44
5016,50.23,60.74,3,0,4,0,3,1.0,Toys,33,0,1.58,209,10498.43
5017,17.88,18.01,3,0,5,0,6,-0.0,Clothing,19,0,3.54,196,3505.36
5018,71.19,80.02,3,0,2,0,3,1.0,Books,91,1,2.63,215,15306.46
5019,116.35,94.9,2,0,19,1,9,-1.0,Food,88,1,1.13,108,12565.96
5020,173.01,192.56,1,0,4,0,12,-0.0,Electronics,92,1,1.78,180,31141.37
5021,136.72,118.04,4,0,19,1,1,1.366,Books,55,0,4.04,182,24882.35
5022,92.73,111.2,1,0,8,0,7,0.366,Books,4,0,3.52,137,12703.37
5023,191.09,143.36,6,1,18,1,10,-1.7321,Toys,12,0,4.91,73,13949.78
5024,146.66,170.69,0,0,4,0,8,0.0,Books,87,1,4.69,157,23025.08
5025,186.73,141.91,0,0,22,0,9,-1.0,Electronics,84,0,3.38,58,10830.42
5026,110.24,135.46,4,0,11,1,8,0.0,Clothing,28,1,1.62,233,25686.32
5027,59.19,52.24,3,0,11,1,5,-0.366,Books,58,1,2.35,252,14916.34
5028,20.04,21.89,6,1,15,0,1,1.366,Electronics,48,0,1.93,210,4207.78
5029,147.96,146.85,5,1,6,0,1,1.366,Toys,1,0,2.88,132,19530.21
5030,33.05,30.4,0,0,13,0,8,0.0,Books,75,0,4.2,187,6179.9
5031,67.53,73.42,1,0,21,1,7,0.366,Food,44,0,4.29,218,14720.95
5032,111.17,141.02,1,0,8,0,5,-0.366,Food,63,1,1.71,131,14563.2
5033,117.24,84.97,5,1,14,0,10,-1.7321,Clothing,95,0,3.2,40,4689.57
5034,124.11,155.3,2,0,22,0,3,1.0,Toys,38,1,3.71,208,25815.05
5035,41.59,44.31,3,0,10,1,9,-1.0,Electronics,9,0,2.59,190,7901.82
5036,82.15,97.3,2,0,3,0,4,0.0,Books,6,0,4.62,140,11501.01
5037,127.27,118.4,4,0,10,1,6,-0.0,Electronics,70,0,2.44,164,20871.77
5038,194.27,190.98,0,0,8,0,11,-1.366,Food,52,0,2.96,0,0.0
5039,148.25,181.06,5,1,5,0,4,0.0,Toys,67,0,3.35,133,19717.24
5040,185.29,175.83,5,1,16,0,9,-1.0,Electronics,96,1,2.71,136,25200.08
5041,154.82,158.04,5,1,8,0,4,0.0,Books,99,0,4.85,89,13779.01
5042,122.43,87.18,2,0,22,0,8,0.0,Toys,16,0,4.04,97,11875.34
5043,46.48,36.96,2,0,5,0,11,-1.366,Books,2,0,4.32,120,5578.13
5044,136.67,148.29,4,0,5,0,12,-0.0,Books,36,0,4.01,121,16537.1
5045,128.44,145.16,1,0,3,0,12,-0.0,Toys,71,0,3.35,152,19523.2
5046,124.47,130.64,1,0,19,1,3,1.0,Toys,35,0,1.11,156,19417.19
5047,103.06,81.0,6,1,10,1,8,0.0,Books,30,0,4.06,185,19065.97
5048,110.44,106.83,4,0,2,0,11,-1.366,Food,45,0,3.45,84,9277.36
5049,73.54,67.15,5,1,23,0,3,1.0,Books,46,0,1.32,139,10222.63
5050,108.67,108.39,1,0,23,0,11,-1.366,Toys,93,1,1.47,121,13149.0
5051,47.54,58.1,4,0,17,1,5,-0.366,Clothing,65,0,2.92,210,9982.48
5052,162.98,189.96,1,0,15,0,1,1.366,Electronics,1,0,4.41,209,34063.48
5053,45.3,33.99,6,1,20,1,6,-0.0,Books,57,0,3.21,194,8787.74
5054,26.14,32.27,4,0,15,0,11,-1.366,Electronics,71,0,4.68,183,4784.28
5055,92.89,91.31,1,0,11,1,2,1.7321,Books,67,0,4.26,240,22292.82
5056,135.08,154.84,5,1,13,0,12,-0.0,Books,100,1,3.52,143,19316.21
5057,93.17,73.04,2,0,8,0,3,1.0,Clothing,31,0,2.25,154,14347.59
5058,62.58,68.99,2,0,6,0,11,-1.366,Toys,25,0,4.41,141,8824.24
5059,116.05,97.69,6,1,13,0,1,1.366,Food,47,0,3.64,124,14390.51
5060,75.93,73.12,5,1,19,1,11,-1.366,Toys,56,0,3.21,144,10933.98
5061,187.24,132.97,1,0,19,1,6,-0.0,Electronics,88,0,3.0,108,20222.45
5062,185.3,146.57,5,1,9,1,5,-0.366,Electronics,1,0,1.85,125,23162.82
5063,105.45,79.64,4,0,10,1,10,-1.7321,Books,95,0,1.06,64,6748.84
5064,72.3,61.01,2,0,6,0,2,1.7321,Toys,37,0,3.87,217,15688.66
5065,150.06,114.04,0,0,18,1,11,-1.366,Clothing,75,0,4.68,109,16356.01
5066,16.98,18.93,6,1,18,1,8,0.0,Food,67,0,1.73,206,3496.94
5067,100.21,71.89,1,0,20,1,9,-1.0,Toys,12,0,4.74,154,15431.74
5068,73.9,79.12,0,0,10,1,3,1.0,Books,20,0,1.29,183,13523.96
5069,184.9,145.04,0,0,5,0,12,-0.0,Electronics,30,0,3.21,93,17195.87
5070,12.28,15.56,6,1,7,0,6,-0.0,Toys,74,0,1.46,189,2321.03
5071,115.03,144.93,3,0,0,0,6,-0.0,Electronics,64,0,4.56,173,19901.02
5072,150.73,125.9,0,0,22,0,10,-1.7321,Books,79,0,1.41,0,0.0
5073,102.15,109.17,0,0,7,0,6,-0.0,Electronics,85,0,2.0,139,14199.33
5074,26.23,18.8,5,1,4,0,8,0.0,Books,64,0,4.22,192,5035.5
5075,194.77,245.23,3,0,9,1,12,-0.0,Food,18,0,3.75,85,16555.25
5076,108.42,109.92,3,0,1,0,5,-0.366,Clothing,32,0,2.55,95,10300.09
5077,126.7,91.97,3,0,3,0,10,-1.7321,Electronics,19,0,4.35,100,12669.54
5078,54.96,49.76,6,1,21,1,10,-1.7321,Toys,94,0,3.54,146,8023.56
5079,101.86,76.0,4,0,1,0,8,0.0,Food,33,0,2.04,99,10084.6
5080,91.54,85.66,3,0,14,0,12,-0.0,Clothing,62,0,3.96,123,11259.22
5081,24.23,26.7,5,1,19,1,3,1.0,Toys,22,0,2.33,280,6784.46
5082,30.17,29.63,4,0,9,1,7,0.366,Toys,29,0,4.26,263,7934.83
5083,169.12,157.32,1,0,20,1,1,1.366,Books,88,1,4.13,184,31118.04
5084,55.57,42.87,4,0,23,0,4,0.0,Clothing,4,0,2.23,151,8390.43
5085,47.04,39.84,1,0,23,0,5,-0.366,Toys,50,1,1.41,190,8937.99
5086,105.93,80.52,3,0,1,0,7,0.366,Toys,76,0,4.28,132,13983.18
5087,156.06,184.86,3,0,5,0,6,-0.0,Toys,100,0,2.46,128,19975.93
5088,21.77,17.01,1,0,21,1,6,-0.0,Food,4,0,2.3,227,4941.75
5089,119.59,126.44,2,0,13,0,2,1.7321,Clothing,5,0,1.07,168,20091.71
5090,32.65,29.57,5,1,4,0,11,-1.366,Books,83,1,3.9,203,6627.95
5091,16.93,14.14,4,0,23,0,2,1.7321,Food,39,0,2.1,216,3656.36
5092,20.02,21.7,5,1,1,0,2,1.7321,Food,57,0,2.74,236,4725.04
5093,168.49,164.14,5,1,13,0,10,-1.7321,Food,31,0,4.6,8,1347.93
5094,32.41,30.47,0,0,12,1,12,-0.0,Books,7,0,1.5,185,5996.73
5095,18.58,19.61,3,0,1,0,8,0.0,Books,12,0,1.15,162,3009.76
5096,93.2,92.71,4,0,22,0,7,0.366,Food,10,1,3.24,181,16869.38
5097,170.36,150.27,5,1,8,0,1,1.366,Food,29,0,3.8,56,9540.09
5098,59.86,61.98,4,0,2,0,9,-1.0,Electronics,85,0,3.11,146,8739.21
5099,90.13,99.29,5,1,14,0,11,-1.366,Books,13,0,2.36,85,7660.66
5100,17.59,12.59,3,0,22,0,11,-1.366,Toys,87,1,2.45,167,2936.74
5101,95.32,93.37,5,1,2,0,8,0.0,Clothing,70,0,1.6,128,12201.59
5102,119.75,87.97,1,0,11,1,9,-1.0,Clothing,31,1,2.25,178,21314.87
5103,118.47,96.18,3,0,5,0,4,0.0,Clothing,9,0,4.04,112,13268.9
5104,73.16,75.82,4,0,18,1,5,-0.366,Food,51,0,3.0,152,11120.48
5105,69.95,85.32,6,1,16,0,11,-1.366,Books,88,0,4.56,129,9023.72
5106,30.26,37.21,2,0,5,0,5,-0.366,Electronics,16,0,1.67,174,5264.98
5107,79.69,59.13,5,1,18,1,11,-1.366,Electronics,59,0,2.77,131,10439.61
5108,28.9,27.5,1,0,16,0,9,-1.0,Clothing,58,0,3.81,166,4798.06
5109,155.65,163.41,3,0,15,0,8,0.0,Toys,11,1,2.09,147,22881.02
5110,193.59,152.6,0,0,20,1,10,-1.7321,Toys,36,0,2.07,9,1742.33
5111,194.31,225.26,6,1,7,0,6,-0.0,Toys,1,1,1.42,137,26621.04
5112,174.36,199.91,6,1,23,0,11,-1.366,Toys,21,0,4.57,76,13251.63
5113,124.15,154.2,3,0,23,0,10,-1.7321,Electronics,44,0,1.69,84,10428.64
5114,143.16,100.94,6,1,18,1,11,-1.366,Electronics,100,0,4.88,131,18754.55
5115,64.19,53.28,4,0,7,0,10,-1.7321,Books,37,0,2.8,89,5712.83
5116,129.85,155.34,4,0,19,1,1,1.366,Electronics,6,1,4.93,293,38044.99
5117,96.57,106.46,0,0,14,0,7,0.366,Books,14,1,1.16,194,18735.24
5118,101.58,125.62,1,0,7,0,9,-1.0,Books,93,0,3.27,79,8025.08
5119,153.98,113.07,4,0,2,0,12,-0.0,Food,1,1,3.76,98,15089.8
5120,63.56,67.26,1,0,15,0,4,0.0,Electronics,8,1,3.07,238,15128.35
5121,70.43,73.35,1,0,2,0,4,0.0,Toys,44,1,3.28,218,15353.2
5122,185.68,133.95,3,0,0,0,5,-0.366,Clothing,83,0,3.15,30,5570.46
5123,20.68,20.85,1,0,7,0,8,0.0,Books,87,1,1.6,242,5005.19
5124,102.27,108.99,5,1,23,0,11,-1.366,Clothing,75,0,3.13,78,7977.1
5125,183.43,149.46,4,0,8,0,5,-0.366,Toys,27,0,3.17,68,12473.39
5126,125.97,108.84,4,0,21,1,4,0.0,Books,36,0,2.42,104,13100.77
5127,113.82,123.4,2,0,11,1,8,0.0,Books,42,0,3.43,156,17755.51
5128,57.45,56.36,6,1,17,1,11,-1.366,Electronics,20,0,2.65,173,9939.09
5129,75.22,91.38,1,0,16,0,5,-0.366,Food,8,0,4.02,145,10907.24
5130,171.89,155.63,2,0,7,0,8,0.0,Clothing,46,0,1.15,42,7219.35
5131,116.25,99.98,3,0,19,1,1,1.366,Toys,100,0,1.04,161,18716.48
5132,107.8,139.16,2,0,10,1,3,1.0,Food,52,0,3.1,210,22638.21
5133,28.92,36.05,6,1,6,0,7,0.366,Food,26,0,4.96,206,5957.55
5134,13.05,9.36,1,0,13,0,12,-0.0,Electronics,35,0,2.78,175,2282.94
5135,193.1,224.47,6,1,9,1,1,1.366,Books,60,0,1.05,115,22206.52
5136,81.63,62.54,4,0,14,0,11,-1.366,Toys,3,0,2.27,110,8979.01
5137,124.61,89.28,3,0,11,1,5,-0.366,Food,4,0,2.87,113,14080.98
5138,25.15,21.73,1,0,19,1,6,-0.0,Food,93,0,4.6,221,5557.24
5139,139.79,120.45,3,0,16,0,12,-0.0,Clothing,62,0,1.49,104,14538.34
5140,187.19,223.05,0,0,7,0,1,1.366,Toys,64,0,4.7,148,27703.78
5141,119.38,134.47,1,0,13,0,7,0.366,Toys,50,0,4.76,151,18025.84
5142,33.96,43.78,0,0,14,0,9,-1.0,Food,92,0,3.56,137,4652.78
5143,120.53,135.82,2,0,10,1,9,-1.0,Books,19,0,1.9,98,11811.65
5144,155.61,147.97,1,0,11,1,3,1.0,Toys,43,0,3.15,172,26764.23
5145,87.22,97.63,0,0,19,1,4,0.0,Toys,92,1,4.27,244,21281.47
5146,177.17,230.26,5,1,15,0,1,1.366,Clothing,82,1,2.43,170,30118.76
5147,133.25,150.05,4,0,19,1,4,0.0,Clothing,14,0,4.62,163,21719.71
5148,180.86,209.25,2,0,17,1,5,-0.366,Clothing,14,0,1.35,111,20075.16
5149,128.47,162.26,1,0,9,1,7,0.366,Books,54,0,2.23,127,16315.18
5150,34.94,26.84,1,0,18,1,5,-0.366,Books,29,0,4.97,226,7897.51
5151,68.84,77.3,4,0,17,1,8,0.0,Toys,3,0,3.34,195,13424.08
5152,48.34,58.52,4,0,0,0,7,0.366,Books,98,0,3.36,202,9764.89
5153,182.68,232.48,6,1,21,1,1,1.366,Clothing,73,0,1.96,190,34708.64
5154,154.48,127.69,0,0,3,0,12,-0.0,Books,5,0,4.43,77,11894.65
5155,138.52,138.84,0,0,22,0,2,1.7321,Toys,93,0,2.72,186,25763.92
5156,67.18,74.46,0,0,6,0,7,0.366,Food,5,0,4.17,154,10346.27
5157,44.97,38.15,6,1,0,0,3,1.0,Electronics,45,0,4.24,198,8903.76
5158,153.73,162.99,3,0,7,0,2,1.7321,Books,64,0,1.7,95,14603.94
5159,100.09,85.53,2,0,16,0,11,-1.366,Food,64,0,3.01,33,3302.97
5160,52.9,47.61,1,0,7,0,12,-0.0,Toys,43,0,2.54,159,8411.1
5161,127.16,122.7,2,0,4,0,9,-1.0,Food,43,0,1.62,14,1780.21
5162,17.66,17.97,4,0,0,0,12,-0.0,Food,51,0,1.49,206,3638.67
5163,71.97,69.79,5,1,14,0,10,-1.7321,Food,13,0,1.18,53,3814.53
5164,99.03,98.62,2,0,3,0,8,0.0,Clothing,90,0,3.81,125,12378.23
5165,38.11,33.51,2,0,6,0,8,0.0,Books,73,0,4.13,170,6479.05
5166,197.08,156.76,0,0,13,0,3,1.0,Food,68,0,2.89,26,5124.19
5167,49.73,36.22,4,0,11,1,11,-1.366,Toys,95,0,3.26,171,8503.57
5168,34.77,28.43,2,0,20,1,10,-1.7321,Electronics,69,0,2.05,173,6014.71
5169,48.67,51.06,1,0,2,0,9,-1.0,Electronics,7,1,3.86,213,10367.06
5170,156.12,182.92,0,0,19,1,8,0.0,Electronics,92,0,3.34,202,31536.57
5171,90.85,72.82,6,1,17,1,12,-0.0,Clothing,78,0,4.53,181,16443.14
5172,117.43,89.85,2,0,7,0,2,1.7321,Books,88,1,3.98,207,24307.81
5173,13.99,16.08,4,0,1,0,7,0.366,Electronics,42,0,1.08,192,2686.41
5174,16.54,14.61,5,1,5,0,8,0.0,Clothing,5,1,4.24,252,4168.57
5175,94.71,120.36,1,0,6,0,12,-0.0,Toys,47,1,1.11,184,17426.06
5176,165.16,186.4,5,1,6,0,7,0.366,Toys,48,1,4.26,166,27417.31
5177,178.2,159.67,4,0,12,1,9,-1.0,Clothing,98,0,4.95,70,12473.68
5178,26.47,23.13,4,0,0,0,7,0.366,Books,92,0,2.92,206,5453.7
5179,112.29,113.89,4,0,7,0,12,-0.0,Toys,47,0,1.91,115,12913.23
5180,183.51,137.17,5,1,22,0,7,0.366,Books,8,0,1.04,11,2018.65
5181,83.71,64.51,3,0,12,1,1,1.366,Clothing,21,0,1.6,202,16910.39
5182,167.62,135.02,1,0,23,0,2,1.7321,Toys,88,0,3.02,148,24807.39
5183,35.4,41.24,4,0,19,1,5,-0.366,Toys,24,0,4.23,234,8284.11
5184,187.72,189.29,3,0,23,0,11,-1.366,Food,13,1,4.49,60,11263.5
5185,152.77,107.91,0,0,18,1,1,1.366,Toys,15,0,3.73,154,23526.65
5186,188.85,208.52,3,0,16,0,12,-0.0,Electronics,89,0,1.35,90,16996.82
5187,138.56,132.21,0,0,12,1,10,-1.7321,Food,53,0,4.97,63,8729.11
5188,79.05,79.56,5,1,15,0,7,0.366,Clothing,92,0,3.99,171,13516.99
5189,188.25,155.96,6,1,23,0,5,-0.366,Electronics,72,0,2.71,88,16566.39
5190,62.36,64.3,6,1,14,0,5,-0.366,Electronics,31,0,4.25,174,10850.24
5191,73.11,94.13,3,0,10,1,8,0.0,Books,71,0,3.35,216,15792.36
5192,143.15,106.52,5,1,11,1,9,-1.0,Food,51,0,3.41,60,8589.22
5193,155.41,135.26,4,0,21,1,10,-1.7321,Books,47,0,4.89,86,13365.27
5194,186.59,157.81,3,0,2,0,1,1.366,Food,39,1,4.2,82,15300.11
5195,48.91,41.53,3,0,23,0,10,-1.7321,Food,81,0,2.05,96,4695.6
5196,161.62,149.86,4,0,8,0,4,0.0,Electronics,57,0,1.7,136,21980.27
5197,150.32,179.02,0,0,13,0,11,-1.366,Toys,50,1,1.69,118,17738.2
5198,22.12,27.6,4,0,6,0,2,1.7321,Books,57,0,2.82,234,5176.31
5199,83.57,68.64,1,0,10,1,9,-1.0,Books,35,1,2.55,185,15460.89
5200,63.73,65.37,6,1,9,1,9,-1.0,Electronics,86,1,2.81,230,14656.85
5201,67.85,73.43,6,1,2,0,1,1.366,Toys,7,1,1.25,219,14859.85
5202,196.76,199.34,3,0,18,1,3,1.0,Food,53,1,1.81,125,24594.99
5203,132.13,126.9,1,0,1,0,10,-1.7321,Food,10,0,4.19,25,3303.19
5204,146.36,119.31,4,0,16,0,8,0.0,Toys,92,0,4.03,101,14782.21
5205,195.56,194.18,6,1,1,0,2,1.7321,Food,39,0,2.57,49,9582.31
5206,81.67,76.83,5,1,20,1,2,1.7321,Books,58,0,2.56,230,18783.72
5207,162.35,191.14,4,0,15,0,2,1.7321,Books,93,0,4.54,131,21267.8
5208,92.56,107.2,2,0,16,0,5,-0.366,Books,35,0,1.73,104,9626.33
5209,175.21,136.73,1,0,9,1,9,-1.0,Electronics,59,0,2.43,117,20499.73
5210,44.32,33.38,6,1,3,0,7,0.366,Food,22,0,4.05,190,8421.74
5211,190.06,236.6,2,0,10,1,7,0.366,Electronics,9,0,3.3,185,35161.17
5212,51.57,52.67,1,0,16,0,2,1.7321,Food,100,0,1.24,158,8147.53
5213,71.98,87.44,5,1,23,0,2,1.7321,Books,8,1,1.05,257,18499.35
5214,153.68,112.94,2,0,11,1,5,-0.366,Books,94,0,1.08,62,9527.94
5215,84.81,86.16,2,0,20,1,12,-0.0,Toys,94,0,3.62,185,15690.49
5216,125.56,128.53,1,0,9,1,7,0.366,Food,58,1,3.49,190,23856.43
5217,94.47,114.91,4,0,15,0,7,0.366,Clothing,95,0,1.18,138,13036.72
5218,151.05,114.58,0,0,3,0,9,-1.0,Electronics,22,0,1.53,61,9214.07
5219,53.38,45.07,4,0,2,0,3,1.0,Books,95,0,3.89,193,10302.91
5220,21.11,19.92,0,0,8,0,1,1.366,Toys,40,0,2.24,224,4727.97
5221,66.99,81.69,1,0,5,0,9,-1.0,Toys,28,0,4.97,136,9110.18
5222,100.12,126.48,3,0,11,1,1,1.366,Books,46,0,2.25,197,19723.37
5223,41.92,54.32,4,0,0,0,8,0.0,Food,69,0,2.34,170,7127.05
5224,77.41,98.74,2,0,13,0,5,-0.366,Toys,81,0,2.68,167,12927.72
5225,86.0,60.5,4,0,23,0,8,0.0,Food,52,0,4.31,132,11351.57
5226,20.9,15.23,1,0,9,1,7,0.366,Toys,11,0,3.23,229,4787.12
5227,120.83,95.28,3,0,17,1,9,-1.0,Electronics,22,0,4.43,166,20057.51
5228,178.03,161.88,3,0,12,1,2,1.7321,Food,47,1,2.71,149,26525.76
5229,38.83,46.52,4,0,8,0,9,-1.0,Toys,89,0,3.43,146,5669.35
5230,123.58,152.7,4,0,22,0,10,-1.7321,Books,13,1,1.02,80,9886.68
5231,136.3,110.69,5,1,18,1,5,-0.366,Clothing,100,0,3.3,117,15947.15
5232,89.67,96.11,4,0,3,0,5,-0.366,Books,45,0,1.32,96,8608.66
5233,143.21,179.07,1,0,2,0,1,1.366,Food,75,0,1.77,126,18044.28
5234,88.04,86.12,0,0,5,0,6,-0.0,Books,69,0,4.99,130,11445.07
5235,105.88,80.69,5,1,8,0,10,-1.7321,Books,78,0,3.55,66,6988.15
5236,11.4,11.11,0,0,9,1,10,-1.7321,Clothing,22,0,4.48,219,2495.96
5237,141.43,130.89,2,0,8,0,10,-1.7321,Books,67,0,1.23,8,1131.41
5238,135.66,141.98,6,1,16,0,10,-1.7321,Toys,35,0,2.54,83,11259.37
5239,17.3,16.66,1,0,9,1,3,1.0,Electronics,32,0,4.45,254,4393.23
5240,79.97,56.81,5,1,5,0,10,-1.7321,Clothing,38,0,2.64,95,7596.91
5241,196.02,254.11,3,0,15,0,3,1.0,Food,58,0,2.01,44,8624.71
5242,89.94,92.29,5,1,16,0,3,1.0,Toys,40,1,2.92,224,20146.55
5243,105.37,103.7,2,0,10,1,4,0.0,Food,88,0,2.88,118,12433.62
5244,182.89,232.77,3,0,19,1,9,-1.0,Clothing,92,0,4.96,130,23775.27
5245,146.28,116.08,5,1,6,0,8,0.0,Clothing,21,0,2.42,105,15359.37
5246,120.59,98.11,3,0,3,0,12,-0.0,Books,49,0,4.83,103,12421.11
5247,161.58,191.44,4,0,9,1,6,-0.0,Clothing,97,1,4.65,183,29569.67
5248,174.23,149.23,3,0,20,1,8,0.0,Food,92,1,2.8,102,17771.42
5249,96.81,114.19,5,1,13,0,8,0.0,Clothing,39,0,4.78,170,16457.48
5250,100.27,86.53,3,0,16,0,1,1.366,Electronics,61,1,3.92,251,25167.92
5251,83.35,60.0,1,0,13,0,9,-1.0,Books,100,0,4.54,151,12585.8
5252,193.67,195.65,4,0,19,1,1,1.366,Clothing,10,0,4.57,160,30987.87
5253,142.46,116.54,4,0,22,0,11,-1.366,Electronics,40,1,1.34,132,18804.93
5254,25.81,29.81,2,0,12,1,2,1.7321,Food,58,0,4.59,258,6659.59
5255,173.96,188.7,4,0,1,0,9,-1.0,Food,89,0,2.96,35,6088.68
5256,101.31,127.05,0,0,8,0,7,0.366,Electronics,45,0,3.55,180,18235.15
5257,23.06,26.98,1,0,2,0,10,-1.7321,Electronics,17,0,2.2,130,2998.22
5258,114.45,92.53,2,0,3,0,1,1.366,Clothing,68,0,3.58,129,14763.57
5259,89.26,105.34,0,0,11,1,3,1.0,Books,10,0,1.11,180,16067.02
5260,176.77,191.81,3,0,14,0,1,1.366,Books,62,0,2.48,98,17323.69
5261,48.76,53.7,6,1,19,1,5,-0.366,Toys,89,1,3.51,263,12823.61
5262,167.03,200.33,0,0,7,0,4,0.0,Electronics,32,0,1.79,123,20544.48
5263,115.96,121.1,2,0,17,1,8,0.0,Food,72,0,3.69,171,19829.31
5264,20.38,19.96,4,0,4,0,9,-1.0,Toys,42,0,4.32,141,2873.01
5265,194.65,210.61,1,0,1,0,12,-0.0,Electronics,45,1,1.15,154,29976.19
5266,107.4,94.38,6,1,21,1,4,0.0,Electronics,76,0,3.42,147,15787.34
5267,65.27,52.84,2,0,8,0,3,1.0,Toys,21,0,3.32,185,12074.32
5268,99.19,106.13,0,0,13,0,4,0.0,Books,27,0,4.13,143,14183.78
5269,172.99,145.37,6,1,0,0,3,1.0,Electronics,30,0,3.79,137,23700.04
5270,67.93,50.81,0,0,19,1,6,-0.0,Toys,74,0,2.82,207,14061.84
5271,46.61,32.64,2,0,3,0,1,1.366,Clothing,85,0,2.42,205,9554.75
5272,34.52,36.77,6,1,16,0,2,1.7321,Clothing,1,1,4.94,323,11151.1
5273,66.59,61.09,5,1,9,1,8,0.0,Food,9,0,3.01,180,11986.79
5274,158.21,182.16,5,1,1,0,3,1.0,Books,3,1,2.63,158,24997.04
5275,99.61,92.15,2,0,5,0,4,0.0,Toys,53,0,4.97,148,14742.13
5276,53.22,52.77,5,1,18,1,12,-0.0,Books,42,0,1.72,218,11602.29
5277,41.58,39.26,2,0,8,0,1,1.366,Books,19,0,1.74,191,7940.85
5278,73.22,79.83,4,0,18,1,3,1.0,Toys,6,0,4.91,232,16986.72
5279,188.59,172.31,6,1,18,1,1,1.366,Electronics,7,0,3.63,214,40357.33
5280,75.18,96.09,2,0,8,0,11,-1.366,Clothing,43,0,3.08,131,9847.93
5281,197.74,249.49,3,0,2,0,10,-1.7321,Food,80,0,1.27,0,0.0
5282,102.19,123.53,1,0,5,0,5,-0.366,Electronics,36,0,2.42,130,13285.19
5283,44.04,55.15,1,0,5,0,1,1.366,Books,68,0,2.73,229,10085.42
5284,179.32,173.84,3,0,16,0,12,-0.0,Books,82,0,3.05,49,8786.51
5285,97.47,99.6,0,0,12,1,9,-1.0,Toys,96,0,2.75,156,15204.93
5286,144.84,165.88,0,0,12,1,7,0.366,Clothing,96,1,2.75,219,31719.42
5287,196.91,220.08,0,0,6,0,11,-1.366,Clothing,82,1,4.98,97,19099.8
5288,19.53,24.11,6,1,8,0,8,0.0,Food,39,0,4.9,217,4238.73
5289,28.37,32.05,0,0,17,1,9,-1.0,Electronics,43,1,1.34,227,6440.44
5290,146.89,190.77,4,0,0,0,10,-1.7321,Food,37,0,1.67,6,881.32
5291,63.55,57.77,3,0,21,1,8,0.0,Books,28,0,4.77,180,11438.42
5292,45.02,54.01,1,0,21,1,3,1.0,Books,50,0,2.28,246,11074.25
5293,17.48,19.55,3,0,19,1,7,0.366,Clothing,39,1,3.45,287,5016.4
5294,14.15,15.78,1,0,12,1,7,0.366,Books,2,0,4.19,264,3735.83
5295,157.15,140.73,0,0,7,0,7,0.366,Electronics,37,0,2.88,130,20429.79
5296,35.54,41.63,4,0,20,1,12,-0.0,Electronics,66,0,1.07,209,7428.35
5297,98.87,122.62,2,0,22,0,8,0.0,Food,19,0,4.31,125,12358.36
5298,125.12,103.99,2,0,8,0,4,0.0,Electronics,69,0,4.02,133,16641.01
5299,91.39,98.27,5,1,0,0,11,-1.366,Books,44,0,1.17,72,6579.85
5300,15.15,14.17,0,0,8,0,6,-0.0,Toys,13,0,4.59,171,2590.7
5301,158.87,205.53,0,0,19,1,2,1.7321,Clothing,22,0,4.43,181,28754.62
5302,12.0,11.85,3,0,22,0,7,0.366,Clothing,7,0,2.1,206,2471.49
5303,154.76,129.53,4,0,10,1,9,-1.0,Clothing,2,0,1.32,102,15785.43
5304,179.73,166.99,4,0,19,1,5,-0.366,Toys,62,1,2.61,162,29115.91
5305,92.24,100.75,3,0,3,0,4,0.0,Books,78,0,4.5,169,15588.49
5306,111.75,83.33,4,0,15,0,2,1.7321,Electronics,89,0,2.93,194,21680.1
5307,100.63,106.88,6,1,13,0,7,0.366,Books,90,0,2.13,131,13182.12
5308,83.95,105.67,6,1,19,1,2,1.7321,Food,5,1,1.93,246,20651.61
5309,178.61,216.16,4,0,21,1,2,1.7321,Books,20,0,2.42,167,29827.98
5310,179.85,133.2,6,1,20,1,9,-1.0,Books,54,1,4.98,101,18164.58
5311,73.81,95.65,2,0,17,1,2,1.7321,Clothing,76,0,4.51,244,18008.45
5312,126.86,141.99,4,0,21,1,10,-1.7321,Books,63,0,3.19,105,13320.64
5313,186.11,148.4,6,1,21,1,3,1.0,Toys,36,0,4.23,148,27544.64
5314,192.79,136.39,0,0,8,0,3,1.0,Clothing,95,0,2.27,59,11374.68
5315,106.7,85.66,2,0,0,0,2,1.7321,Food,81,0,3.46,139,14831.61
5316,96.04,115.52,0,0,22,0,10,-1.7321,Toys,16,0,4.49,137,13157.03
5317,62.95,44.88,0,0,2,0,3,1.0,Toys,57,0,2.47,186,11709.06
5318,192.19,161.41,6,1,19,1,9,-1.0,Food,64,1,4.2,62,11915.51
5319,37.13,42.87,6,1,0,0,11,-1.366,Electronics,10,0,3.46,149,5533.07
5320,120.17,126.38,3,0,2,0,11,-1.366,Books,99,0,3.46,48,5768.05
5321,63.68,74.49,5,1,13,0,11,-1.366,Books,97,1,1.16,126,8024.25
5322,63.01,72.32,4,0,13,0,3,1.0,Electronics,99,0,4.6,213,13421.47
5323,86.94,63.5,4,0,22,0,5,-0.366,Food,51,0,4.1,108,9389.96
5324,199.77,246.82,4,0,21,1,12,-0.0,Electronics,27,1,1.15,200,39954.13
5325,20.44,17.1,4,0,12,1,7,0.366,Clothing,7,1,3.44,290,5928.64
5326,119.92,123.76,6,1,0,0,1,1.366,Clothing,91,0,3.98,114,13671.22
5327,25.69,27.91,2,0,14,0,1,1.366,Clothing,41,0,4.18,216,5548.76
5328,39.36,31.53,1,0,19,1,10,-1.7321,Electronics,76,1,1.35,189,7438.84
5329,93.52,120.24,0,0,6,0,2,1.7321,Toys,97,0,3.56,221,20667.25
5330,106.99,106.23,5,1,15,0,1,1.366,Clothing,13,0,1.93,148,15834.14
5331,59.17,43.47,5,1,19,1,1,1.366,Electronics,66,0,2.81,244,14437.62
5332,70.13,88.53,1,0,22,0,10,-1.7321,Clothing,3,1,3.11,159,11150.17
5333,26.52,27.9,1,0,20,1,4,0.0,Clothing,11,1,1.11,277,7347.07
5334,67.61,75.69,1,0,0,0,10,-1.7321,Books,5,0,2.2,98,6625.95
5335,193.65,196.57,6,1,14,0,12,-0.0,Electronics,60,0,4.19,115,22269.3
5336,189.49,227.55,2,0,19,1,12,-0.0,Books,2,0,4.37,152,28803.15
5337,73.63,53.0,1,0,14,0,3,1.0,Food,92,0,2.32,134,9866.0
5338,118.46,102.0,2,0,18,1,1,1.366,Clothing,77,0,2.77,181,21441.67
5339,182.82,179.49,6,1,5,0,3,1.0,Clothing,99,0,4.32,87,15905.61
5340,11.17,8.34,3,0,5,0,1,1.366,Books,64,0,1.8,229,2559.06
5341,164.03,184.29,3,0,0,0,3,1.0,Electronics,13,0,3.92,172,28213.14
5342,190.19,178.06,5,1,15,0,4,0.0,Toys,54,0,2.63,77,14644.65
5343,27.35,23.62,3,0,17,1,11,-1.366,Toys,12,1,4.95,271,7412.36
5344,40.68,28.56,2,0,12,1,11,-1.366,Food,18,0,3.41,186,7565.56
5345,192.54,217.94,2,0,11,1,8,0.0,Electronics,18,0,1.59,142,27340.94
5346,112.13,134.59,0,0,17,1,3,1.0,Electronics,17,0,1.69,218,24444.91
5347,12.7,11.9,1,0,9,1,3,1.0,Books,39,0,1.11,244,3098.16
5348,58.95,61.22,4,0,13,0,9,-1.0,Clothing,86,0,3.86,141,8311.96
5349,95.49,79.89,4,0,19,1,11,-1.366,Clothing,13,0,2.77,120,11458.72
5350,141.65,152.04,1,0,10,1,9,-1.0,Electronics,45,0,1.04,145,20539.64
5351,149.3,105.6,4,0,17,1,6,-0.0,Toys,19,0,1.41,101,15079.35
5352,199.13,197.77,4,0,23,0,10,-1.7321,Food,88,0,2.16,0,0.0
5353,64.63,70.22,6,1,11,1,4,0.0,Books,19,1,2.7,233,15058.12
5354,112.26,140.43,4,0,16,0,10,-1.7321,Electronics,21,0,4.75,115,12910.11
5355,111.33,103.4,5,1,23,0,5,-0.366,Food,24,0,3.17,68,7570.54
5356,87.07,100.93,2,0,2,0,9,-1.0,Electronics,30,0,4.58,143,12451.38
5357,42.14,44.61,2,0,20,1,1,1.366,Food,92,0,2.0,231,9734.52
5358,195.72,245.86,2,0,0,0,7,0.366,Food,48,0,2.33,17,3327.18
5359,172.13,161.63,1,0,0,0,11,-1.366,Clothing,35,0,4.52,18,3098.34
5360,104.68,93.32,3,0,5,0,7,0.366,Books,59,0,2.97,109,11410.48
5361,124.62,153.56,5,1,18,1,10,-1.7321,Books,17,0,3.36,109,13583.21
5362,53.18,38.8,5,1,23,0,1,1.366,Clothing,48,0,3.3,201,10689.1
5363,113.32,88.6,4,0,3,0,1,1.366,Toys,98,0,3.58,158,17904.49
5364,142.04,106.45,0,0,21,1,9,-1.0,Books,55,1,3.36,134,19033.94
5365,107.88,130.09,2,0,12,1,7,0.366,Clothing,9,0,3.78,189,20389.65
5366,198.15,139.97,6,1,11,1,4,0.0,Food,77,0,1.59,0,0.0
5367,126.15,153.53,5,1,7,0,9,-1.0,Food,14,1,3.84,132,16652.45
5368,80.49,78.13,5,1,19,1,12,-0.0,Books,26,0,1.6,164,13199.54
5369,156.71,110.07,0,0,23,0,5,-0.366,Food,52,1,2.36,64,10029.37
5370,42.39,39.89,4,0,6,0,3,1.0,Books,85,0,4.33,208,8816.68
5371,83.06,67.45,5,1,20,1,2,1.7321,Electronics,44,0,3.43,251,20847.56
5372,75.92,81.59,5,1,6,0,9,-1.0,Clothing,84,0,4.87,145,11008.72
5373,92.04,101.95,3,0,6,0,4,0.0,Toys,11,1,2.01,216,19881.36
5374,158.54,157.35,0,0,13,0,7,0.366,Books,51,0,4.68,94,14902.59
5375,101.99,73.87,6,1,17,1,1,1.366,Toys,42,1,3.57,248,25294.23
5376,160.86,175.93,6,1,22,0,9,-1.0,Clothing,62,0,2.48,78,12547.29
5377,119.53,144.06,4,0,18,1,12,-0.0,Clothing,35,1,4.15,218,26058.17
5378,74.99,84.91,4,0,23,0,9,-1.0,Electronics,64,0,4.82,157,11773.93
5379,163.9,196.34,2,0,23,0,10,-1.7321,Clothing,95,0,4.12,48,7867.01
5380,55.28,45.34,3,0,19,1,6,-0.0,Food,18,0,1.03,178,9838.96
5381,52.63,64.91,4,0,18,1,6,-0.0,Toys,14,0,1.04,189,9947.59
5382,105.86,94.56,3,0,17,1,6,-0.0,Clothing,49,1,1.5,181,19159.86
5383,59.56,42.17,2,0,5,0,5,-0.366,Clothing,69,0,4.4,143,8517.27
5384,11.73,14.14,6,1,15,0,11,-1.366,Toys,17,0,4.0,174,2040.42
5385,133.18,168.48,0,0,2,0,1,1.366,Toys,21,0,3.56,180,23971.78
5386,107.11,117.1,5,1,20,1,4,0.0,Electronics,14,0,3.78,202,21635.78
5387,94.65,79.4,5,1,1,0,10,-1.7321,Clothing,3,0,3.48,90,8518.35
5388,193.72,164.87,1,0,14,0,1,1.366,Food,31,0,2.39,17,3293.31
5389,118.53,116.15,1,0,19,1,5,-0.366,Food,89,0,3.88,129,15290.09
5390,174.05,215.6,1,0,10,1,4,0.0,Electronics,47,0,4.74,215,37421.18
5391,36.5,28.82,5,1,18,1,8,0.0,Clothing,44,0,4.0,234,8539.96
5392,118.15,141.26,3,0,17,1,1,1.366,Toys,17,1,4.47,274,32372.89
5393,174.92,153.01,1,0,21,1,8,0.0,Food,90,0,1.95,46,8046.14
5394,120.79,143.15,0,0,10,1,8,0.0,Clothing,81,0,2.4,137,16548.24
5395,146.42,183.35,4,0,2,0,1,1.366,Electronics,56,1,3.03,239,34995.02
5396,80.69,77.18,3,0,3,0,9,-1.0,Electronics,83,0,2.89,101,8149.52
5397,27.57,25.33,5,1,5,0,9,-1.0,Toys,27,0,2.86,133,3666.2
5398,97.0,114.59,0,0,11,1,6,-0.0,Electronics,71,1,3.56,251,24347.27
5399,84.95,86.45,6,1,20,1,1,1.366,Electronics,90,0,4.42,244,20728.06
5400,174.74,194.08,5,1,3,0,7,0.366,Electronics,69,0,4.55,160,27958.63
5401,56.36,60.51,3,0,11,1,7,0.366,Food,2,0,1.6,215,12117.21
5402,193.68,153.34,3,0,3,0,9,-1.0,Toys,80,0,1.36,12,2324.15
5403,192.05,231.78,3,0,1,0,1,1.366,Toys,62,0,2.24,145,27846.71
5404,57.05,46.64,2,0,11,1,8,0.0,Toys,75,0,3.95,207,11809.35
5405,76.13,95.88,4,0,12,1,12,-0.0,Electronics,87,0,4.17,231,17586.0
5406,180.16,153.19,1,0,15,0,11,-1.366,Electronics,99,0,2.53,53,9548.25
5407,193.66,220.83,2,0,3,0,8,0.0,Food,6,0,2.24,35,6778.04
5408,94.25,82.08,4,0,7,0,7,0.366,Electronics,65,0,1.52,168,15834.58
5409,70.99,63.23,5,1,4,0,12,-0.0,Food,97,0,1.95,130,9228.63
5410,109.96,97.42,1,0,13,0,6,-0.0,Toys,18,0,1.4,85,9346.42
5411,140.68,161.6,6,1,14,0,1,1.366,Food,55,1,2.22,142,19976.01
5412,61.96,64.07,2,0,10,1,11,-1.366,Clothing,67,0,3.7,167,10347.35
5413,149.93,184.38,2,0,9,1,10,-1.7321,Books,57,0,1.52,72,10794.95
5414,19.81,17.52,0,0,9,1,11,-1.366,Electronics,19,0,2.29,197,3903.53
5415,19.37,21.6,6,1,23,0,8,0.0,Toys,74,1,3.11,237,4589.73
5416,83.39,96.05,6,1,5,0,12,-0.0,Books,84,1,2.31,171,14260.49
5417,77.16,61.02,2,0,15,0,5,-0.366,Books,11,0,2.76,110,8487.59
5418,69.97,65.8,3,0,20,1,4,0.0,Toys,96,0,2.99,186,13014.48
5419,103.29,102.23,5,1,3,0,5,-0.366,Books,84,0,4.1,119,12291.96
5420,70.94,64.8,6,1,8,0,5,-0.366,Food,55,0,4.37,137,9718.7
5421,46.53,41.56,2,0,9,1,10,-1.7321,Toys,96,0,1.77,159,7398.11
5422,68.8,76.49,3,0,4,0,3,1.0,Toys,37,1,2.48,217,14929.43
5423,195.23,161.95,4,0,9,1,4,0.0,Food,86,0,3.3,30,5856.95
5424,88.11,99.18,4,0,15,0,4,0.0,Clothing,4,0,3.0,162,14274.07
5425,94.5,119.16,6,1,10,1,8,0.0,Clothing,13,1,1.32,228,21544.96
5426,119.54,124.22,3,0,5,0,5,-0.366,Books,70,0,2.38,103,12312.99
5427,196.83,210.0,0,0,6,0,6,-0.0,Toys,93,0,1.91,80,15746.78
5428,55.9,41.45,0,0,11,1,10,-1.7321,Food,58,0,2.67,109,6093.56
5429,139.44,169.94,4,0,12,1,2,1.7321,Toys,2,0,2.35,246,34303.13
5430,146.04,127.24,5,1,16,0,9,-1.0,Food,60,1,3.78,64,9346.37
5431,125.39,134.05,2,0,8,0,8,0.0,Clothing,89,0,2.61,114,14294.65
5432,26.83,34.54,6,1,7,0,8,0.0,Clothing,32,0,1.97,198,5312.32
5433,138.61,146.55,6,1,15,0,10,-1.7321,Books,63,0,3.48,23,3187.93
5434,22.18,25.17,4,0,20,1,5,-0.366,Food,60,1,3.91,270,5988.06
5435,123.27,119.22,4,0,2,0,5,-0.366,Clothing,26,0,1.43,65,8012.36
5436,150.52,110.82,3,0,4,0,3,1.0,Electronics,90,1,2.0,193,29050.44
5437,50.08,59.03,0,0,20,1,11,-1.366,Clothing,22,1,1.84,190,9516.01
5438,169.91,122.5,5,1,22,0,2,1.7321,Toys,74,0,1.8,94,15971.37
5439,15.77,17.67,3,0,12,1,9,-1.0,Food,87,0,4.61,218,3437.25
5440,170.32,121.57,4,0,17,1,6,-0.0,Electronics,4,0,1.5,134,22823.48
5441,97.46,118.65,1,0,20,1,8,0.0,Clothing,16,0,4.48,199,19395.04
5442,51.34,40.8,2,0,15,0,4,0.0,Clothing,63,0,2.58,163,8368.7
5443,35.42,35.72,4,0,13,0,5,-0.366,Food,42,0,3.56,173,6127.29
5444,191.13,202.27,3,0,10,1,10,-1.7321,Electronics,33,0,2.76,104,19877.35
5445,23.81,23.2,1,0,17,1,5,-0.366,Food,13,1,3.39,256,6094.45
5446,47.83,43.26,1,0,7,0,11,-1.366,Clothing,46,0,3.21,103,4926.26
5447,76.09,74.62,4,0,11,1,10,-1.7321,Books,13,0,2.73,109,8293.4
5448,127.84,113.38,5,1,18,1,4,0.0,Food,33,1,2.1,165,21094.36
5449,113.51,109.3,0,0,19,1,11,-1.366,Clothing,14,0,4.72,138,15664.68
5450,33.87,31.0,1,0,1,0,2,1.7321,Food,8,0,4.66,233,7892.24
5451,65.05,67.63,6,1,8,0,6,-0.0,Clothing,90,0,1.28,129,8391.23
5452,55.36,46.66,2,0,21,1,4,0.0,Food,86,1,1.89,200,11072.57
5453,50.57,65.4,3,0,8,0,11,-1.366,Clothing,46,0,3.3,147,7434.25
5454,88.12,88.16,3,0,13,0,4,0.0,Electronics,1,0,4.92,188,16566.08
5455,143.77,117.38,3,0,14,0,10,-1.7321,Toys,59,0,3.91,48,6900.77
5456,51.32,50.61,6,1,10,1,3,1.0,Toys,60,0,4.27,262,13444.81
5457,79.67,97.18,4,0,12,1,8,0.0,Food,49,1,2.26,204,16252.47
5458,84.27,60.09,3,0,23,0,6,-0.0,Clothing,80,0,1.88,118,9944.37
5459,195.53,216.59,6,1,4,0,9,-1.0,Toys,93,1,1.9,91,17792.93
5460,191.39,196.89,3,0,5,0,5,-0.366,Toys,61,0,2.93,68,13014.29
5461,162.03,129.9,2,0,22,0,6,-0.0,Food,23,0,4.43,28,4536.73
5462,55.92,66.57,6,1,4,0,9,-1.0,Food,5,0,1.87,122,6821.65
5463,22.93,21.12,0,0,0,0,4,0.0,Food,85,0,3.28,184,4218.58
5464,70.21,61.53,5,1,17,1,10,-1.7321,Books,50,0,4.24,153,10742.4
5465,60.69,72.64,4,0,22,0,7,0.366,Electronics,36,0,3.0,189,11470.59
5466,106.13,114.95,4,0,23,0,10,-1.7321,Electronics,20,0,2.67,79,8383.95
5467,157.77,195.47,3,0,7,0,12,-0.0,Electronics,43,1,2.39,184,29029.37
5468,173.08,186.57,2,0,16,0,10,-1.7321,Clothing,8,0,3.4,16,2769.3
5469,170.52,195.16,1,0,22,0,11,-1.366,Clothing,90,0,4.27,86,14665.08
5470,78.34,94.15,6,1,10,1,11,-1.366,Electronics,41,0,4.98,184,14414.26
5471,140.57,103.02,3,0,10,1,6,-0.0,Food,25,0,4.48,102,14338.6
5472,69.44,80.94,6,1,2,0,6,-0.0,Books,7,0,2.81,154,10693.53
5473,21.57,23.04,3,0,7,0,6,-0.0,Electronics,86,0,1.32,168,3624.1
5474,143.3,106.28,4,0,7,0,4,0.0,Food,61,0,1.48,47,6734.98
5475,11.87,11.93,4,0,23,0,10,-1.7321,Toys,33,0,1.12,122,1447.8
5476,87.74,65.76,3,0,20,1,6,-0.0,Books,69,1,2.45,191,16759.24
5477,72.58,82.86,4,0,20,1,12,-0.0,Clothing,38,0,2.93,189,13718.01
5478,141.74,145.7,2,0,2,0,7,0.366,Toys,12,0,4.28,141,19985.58
5479,155.59,197.93,1,0,21,1,2,1.7321,Toys,44,0,1.34,190,29561.46
5480,67.78,54.89,1,0,9,1,11,-1.366,Toys,53,0,1.91,134,9082.25
5481,164.21,174.66,6,1,18,1,9,-1.0,Food,14,0,3.04,65,10673.59
5482,65.84,54.45,1,0,13,0,7,0.366,Electronics,71,1,4.4,234,15407.54
5483,94.8,101.29,6,1,17,1,3,1.0,Toys,92,0,1.35,199,18865.6
5484,148.13,167.92,3,0,22,0,10,-1.7321,Electronics,52,1,1.97,129,19109.22
5485,141.65,160.55,5,1,2,0,10,-1.7321,Toys,52,0,3.18,59,8357.64
5486,197.6,234.96,3,0,19,1,7,0.366,Food,46,0,2.3,65,12844.0
5487,52.78,63.98,3,0,13,0,10,-1.7321,Electronics,80,0,4.97,123,6492.01
5488,135.84,101.39,2,0,10,1,10,-1.7321,Clothing,41,0,2.81,89,12089.8
5489,125.84,114.01,1,0,9,1,5,-0.366,Books,2,0,4.65,153,19253.45
5490,183.87,204.51,4,0,23,0,9,-1.0,Toys,49,0,4.76,75,13790.15
5491,39.71,39.68,4,0,13,0,6,-0.0,Toys,95,0,2.04,154,6115.16
5492,152.84,124.48,0,0,0,0,11,-1.366,Food,100,0,2.31,0,0.0
5493,117.97,121.7,0,0,15,0,7,0.366,Books,78,0,2.3,89,10499.42
5494,62.19,58.73,6,1,5,0,4,0.0,Electronics,28,1,2.75,241,14986.95
5495,100.14,93.54,5,1,17,1,2,1.7321,Toys,32,0,1.25,190,19027.1
5496,73.42,87.06,6,1,15,0,11,-1.366,Clothing,92,0,4.23,119,8736.69
5497,120.07,113.41,4,0,18,1,4,0.0,Clothing,76,0,1.52,149,17890.36
5498,178.91,128.08,1,0,15,0,9,-1.0,Food,77,0,4.57,0,0.0
5499,118.17,86.83,6,1,4,0,3,1.0,Toys,22,0,3.31,146,17252.52
5500,130.03,157.82,3,0,11,1,7,0.366,Food,42,0,2.93,131,17033.57
5501,108.56,138.56,4,0,5,0,4,0.0,Books,29,0,3.64,126,13678.82
5502,19.72,21.95,5,1,1,0,3,1.0,Clothing,94,0,4.73,235,4634.54
5503,54.24,49.83,5,1,15,0,5,-0.366,Clothing,79,1,2.19,168,9112.85
5504,103.48,130.71,4,0,20,1,2,1.7321,Food,68,0,2.08,190,19661.26
5505,68.94,75.68,0,0,22,0,11,-1.366,Books,33,0,2.48,101,6963.42
5506,44.54,53.74,1,0,10,1,10,-1.7321,Electronics,46,0,2.95,143,6368.52
5507,105.79,122.66,4,0,11,1,4,0.0,Books,9,0,1.3,172,18195.06
5508,71.33,66.16,3,0,10,1,7,0.366,Food,38,1,3.72,258,18404.14
5509,59.04,58.29,3,0,22,0,12,-0.0,Food,80,0,3.08,122,7202.94
5510,98.16,79.67,2,0,19,1,12,-0.0,Books,26,0,3.16,143,14036.48
5511,35.32,30.92,3,0,18,1,2,1.7321,Food,43,1,2.0,317,11197.71
5512,186.27,217.36,4,0,7,0,10,-1.7321,Clothing,53,0,4.36,48,8941.04
5513,174.86,216.2,4,0,17,1,6,-0.0,Food,27,0,2.59,92,16087.43
5514,144.45,163.9,3,0,4,0,5,-0.366,Electronics,11,0,3.61,150,21667.19
5515,30.18,29.55,0,0,11,1,3,1.0,Clothing,26,0,1.96,246,7424.43
5516,157.42,118.36,1,0,9,1,5,-0.366,Toys,78,1,4.27,172,27075.67
5517,163.51,120.05,5,1,14,0,10,-1.7321,Clothing,57,0,2.2,0,0.0
5518,155.88,144.12,4,0,4,0,7,0.366,Clothing,1,0,4.69,129,20107.91
5519,31.65,30.97,3,0,16,0,3,1.0,Clothing,11,0,2.82,229,7248.66
5520,132.34,141.01,5,1,22,0,8,0.0,Books,30,1,1.58,156,20645.43
5521,168.52,118.62,3,0,3,0,7,0.366,Toys,88,1,3.44,127,21402.26
5522,119.7,154.87,4,0,11,1,4,0.0,Electronics,4,0,3.23,182,21784.88
5523,132.82,121.97,2,0,17,1,5,-0.366,Clothing,86,0,2.69,121,16070.91
5524,97.09,117.37,1,0,7,0,10,-1.7321,Books,72,0,4.28,53,5145.72
5525,110.45,112.77,4,0,19,1,11,-1.366,Food,80,1,2.69,149,16457.7
5526,16.53,12.87,5,1,16,0,4,0.0,Toys,33,0,1.54,165,2727.71
5527,131.4,154.86,3,0,7,0,2,1.7321,Electronics,33,0,1.11,167,21944.3
5528,25.47,28.68,2,0,12,1,12,-0.0,Toys,74,0,4.57,223,5680.92
5529,92.65,94.18,6,1,22,0,9,-1.0,Electronics,66,1,2.87,166,15380.36
5530,65.6,66.18,4,0,2,0,1,1.366,Electronics,4,1,3.25,249,16335.51
5531,113.63,85.51,1,0,2,0,8,0.0,Food,87,0,1.46,69,7840.56
5532,35.35,38.65,2,0,6,0,4,0.0,Electronics,51,0,2.96,150,5302.37
5533,141.41,176.31,5,1,17,1,9,-1.0,Food,27,0,3.13,101,14282.64
5534,161.05,121.75,3,0,20,1,3,1.0,Clothing,33,0,2.86,145,23352.57
5535,41.04,35.21,0,0,6,0,7,0.366,Toys,97,0,4.82,210,8617.84
5536,29.82,37.02,6,1,21,1,3,1.0,Electronics,84,1,3.29,298,8886.21
5537,37.65,32.78,6,1,22,0,10,-1.7321,Food,77,0,4.9,125,4705.99
5538,176.65,192.97,1,0,1,0,12,-0.0,Clothing,75,0,1.61,63,11129.22
5539,110.36,112.66,2,0,6,0,7,0.366,Toys,83,0,4.66,133,14677.34
5540,98.78,104.49,4,0,1,0,2,1.7321,Clothing,32,0,3.21,169,16693.75
5541,30.28,28.75,4,0,6,0,3,1.0,Books,67,0,2.18,206,6236.7
5542,133.42,117.41,2,0,13,0,8,0.0,Toys,77,0,3.98,99,13208.15
5543,174.92,127.54,4,0,14,0,7,0.366,Food,28,0,3.23,44,7696.48
5544,167.36,191.88,6,1,15,0,11,-1.366,Electronics,86,1,3.3,150,25103.3
5545,128.95,147.99,6,1,23,0,3,1.0,Food,57,1,1.69,136,17537.25
5546,24.3,26.79,6,1,7,0,8,0.0,Food,19,0,3.72,200,4860.59
5547,31.36,34.06,2,0,15,0,9,-1.0,Food,31,0,2.18,132,4138.92
5548,19.37,16.39,1,0,20,1,2,1.7321,Toys,84,0,2.42,291,5636.29
5549,58.92,42.03,6,1,6,0,2,1.7321,Toys,53,0,4.63,223,13139.39
5550,35.78,42.4,4,0,10,1,7,0.366,Books,88,1,1.72,273,9766.76
5551,59.41,59.09,1,0,23,0,11,-1.366,Clothing,32,0,4.55,140,8317.28
5552,83.16,73.52,3,0,3,0,8,0.0,Food,9,1,3.0,162,13472.09
5553,189.17,143.99,3,0,17,1,5,-0.366,Books,51,0,1.71,38,7188.34
5554,125.97,92.92,3,0,22,0,2,1.7321,Books,83,0,4.25,153,19273.63
5555,168.65,153.35,3,0,12,1,10,-1.7321,Toys,23,0,3.61,84,14166.18
5556,144.97,171.47,4,0,16,0,5,-0.366,Clothing,25,0,2.39,111,16091.31
5557,31.38,39.26,2,0,11,1,3,1.0,Books,97,1,2.2,303,9506.81
5558,149.82,185.49,4,0,17,1,9,-1.0,Electronics,46,1,2.68,209,31313.4
5559,62.27,77.96,5,1,9,1,2,1.7321,Books,44,1,1.54,261,16252.15
5560,131.43,163.58,4,0,6,0,9,-1.0,Toys,66,0,4.24,127,16691.67
5561,74.78,76.0,1,0,11,1,2,1.7321,Food,67,0,2.11,214,16003.51
5562,199.56,165.96,2,0,11,1,1,1.366,Toys,28,0,4.31,143,28536.76
5563,60.07,70.82,6,1,12,1,10,-1.7321,Toys,99,0,3.93,163,9792.19
5564,63.03,52.21,0,0,0,0,6,-0.0,Clothing,78,0,4.77,128,8068.45
5565,186.83,160.73,0,0,6,0,11,-1.366,Electronics,24,0,1.4,63,11770.15
5566,14.68,12.33,6,1,15,0,6,-0.0,Electronics,56,0,2.4,191,2804.35
5567,142.37,143.65,2,0,15,0,4,0.0,Clothing,50,0,3.5,130,18508.22
5568,147.81,132.01,0,0,20,1,2,1.7321,Clothing,3,0,4.43,236,34883.64
5569,168.91,133.86,2,0,15,0,10,-1.7321,Books,23,0,1.62,0,0.0
5570,195.14,189.66,1,0,15,0,12,-0.0,Electronics,34,0,4.45,108,21075.49
5571,195.36,239.19,1,0,13,0,11,-1.366,Toys,9,0,1.27,36,7033.12
5572,22.4,23.35,4,0,10,1,3,1.0,Books,82,0,2.9,252,5645.45
5573,166.15,203.87,0,0,18,1,6,-0.0,Electronics,59,0,1.34,148,24590.12
5574,132.8,108.57,6,1,10,1,4,0.0,Food,66,0,1.6,103,13678.29
5575,133.0,106.42,2,0,1,0,5,-0.366,Toys,22,0,4.1,123,16358.39
5576,34.39,35.95,1,0,6,0,11,-1.366,Toys,35,0,1.07,95,3266.72
5577,133.54,130.6,4,0,8,0,9,-1.0,Books,31,0,3.22,76,10148.7
5578,196.67,215.57,0,0,8,0,5,-0.366,Electronics,90,0,1.39,69,13570.35
5579,183.25,215.64,0,0,13,0,10,-1.7321,Clothing,78,0,4.25,50,9162.28
5580,93.43,107.52,0,0,9,1,11,-1.366,Food,48,1,4.23,166,15510.18
5581,17.59,22.26,1,0,15,0,8,0.0,Toys,53,0,3.81,214,3764.28
5582,78.84,74.02,1,0,23,0,2,1.7321,Clothing,92,0,4.02,219,17265.03
5583,167.01,137.59,0,0,17,1,12,-0.0,Clothing,75,0,3.36,110,18371.56
5584,143.28,147.66,1,0,0,0,6,-0.0,Clothing,32,0,2.94,122,17480.75
5585,97.28,74.56,0,0,23,0,11,-1.366,Clothing,85,0,2.64,68,6614.72
5586,20.47,17.88,3,0,1,0,11,-1.366,Books,87,0,3.65,155,3172.74
5587,91.11,75.14,1,0,19,1,6,-0.0,Toys,88,0,2.53,176,16035.36
5588,99.11,92.96,2,0,3,0,5,-0.366,Clothing,12,0,1.01,94,9316.79
5589,186.43,142.94,1,0,1,0,6,-0.0,Clothing,62,0,1.4,38,7084.17
5590,131.81,94.78,0,0,3,0,5,-0.366,Electronics,3,0,3.61,132,17398.44
5591,69.21,75.73,2,0,22,0,2,1.7321,Toys,6,0,2.46,199,13773.6
5592,109.81,117.07,4,0,5,0,5,-0.366,Food,12,0,4.96,113,12408.58
5593,22.55,25.37,2,0,21,1,1,1.366,Clothing,53,0,2.42,259,5840.58
5594,194.79,213.53,2,0,3,0,3,1.0,Books,20,0,1.43,71,13829.95
5595,78.41,60.27,1,0,17,1,7,0.366,Clothing,6,0,2.31,205,16074.33
5596,100.79,88.16,5,1,4,0,4,0.0,Clothing,84,0,3.75,113,11389.81
5597,77.5,60.28,2,0,10,1,8,0.0,Clothing,14,0,3.11,196,15190.78
5598,139.68,168.42,2,0,12,1,3,1.0,Toys,56,0,3.44,193,26957.71
5599,135.82,155.95,6,1,2,0,7,0.366,Toys,41,0,1.44,112,15212.3
5600,145.91,119.78,0,0,18,1,2,1.7321,Clothing,49,0,4.31,181,26409.93
5601,60.95,55.14,1,0,19,1,8,0.0,Books,65,1,4.61,253,15419.65
5602,69.98,89.57,0,0,10,1,3,1.0,Food,84,1,1.58,249,17424.28
5603,33.8,35.71,1,0,10,1,6,-0.0,Electronics,86,0,3.5,219,7401.7
5604,134.55,158.86,4,0,20,1,2,1.7321,Food,95,0,1.92,130,17491.1
5605,17.56,15.08,5,1,1,0,7,0.366,Books,31,0,1.73,190,3336.68
5606,123.56,102.06,2,0,21,1,4,0.0,Books,28,0,1.82,114,14085.8
5607,175.24,205.09,6,1,14,0,6,-0.0,Food,12,0,3.09,32,5607.75
5608,179.26,199.25,1,0,21,1,2,1.7321,Food,16,0,4.54,143,25633.91
5609,95.32,105.67,2,0,7,0,3,1.0,Clothing,97,0,4.27,177,16871.14
5610,97.27,100.34,2,0,1,0,3,1.0,Food,35,0,1.57,158,15368.3
5611,24.62,25.56,3,0,7,0,4,0.0,Food,44,0,3.04,186,4580.09
5612,137.45,156.88,0,0,23,0,1,1.366,Clothing,68,0,1.6,152,20891.69
5613,166.04,143.13,5,1,19,1,6,-0.0,Books,10,0,2.75,97,16105.81
5614,56.48,51.49,6,1,22,0,11,-1.366,Toys,98,1,3.25,175,9884.78
5615,90.05,110.13,1,0,14,0,6,-0.0,Clothing,3,0,4.25,169,15217.97
5616,169.38,149.95,4,0,15,0,4,0.0,Food,31,0,4.45,24,4065.11
5617,176.65,181.56,5,1,12,1,8,0.0,Electronics,52,0,1.11,131,23141.53
5618,56.2,63.04,3,0,22,0,5,-0.366,Food,95,0,3.76,136,7643.77
5619,114.61,148.99,0,0,16,0,10,-1.7321,Electronics,65,1,2.64,147,16847.44
5620,46.57,44.77,4,0,13,0,4,0.0,Clothing,5,0,2.98,151,7032.63
5621,29.36,28.09,4,0,13,0,7,0.366,Toys,5,0,1.89,174,5108.11
5622,183.11,220.75,2,0,0,0,10,-1.7321,Toys,66,0,1.14,47,8606.31
5623,165.9,196.31,0,0,23,0,10,-1.7321,Electronics,15,0,4.34,73,12110.44
5624,154.41,175.81,3,0,0,0,8,0.0,Books,65,0,1.92,85,13124.56
5625,19.27,18.84,1,0,2,0,2,1.7321,Electronics,21,0,4.52,291,5606.29
5626,170.31,152.32,1,0,21,1,1,1.366,Electronics,71,0,1.28,205,34913.24
5627,93.23,99.31,3,0,23,0,6,-0.0,Clothing,11,1,2.63,183,17060.79
5628,75.06,92.0,2,0,14,0,2,1.7321,Food,90,0,3.97,201,15086.07
5629,113.83,140.04,2,0,4,0,11,-1.366,Books,42,0,2.03,95,10813.9
5630,27.36,20.93,4,0,4,0,8,0.0,Electronics,66,1,4.87,240,6565.71
5631,153.76,147.15,0,0,3,0,5,-0.366,Clothing,94,0,3.55,104,15991.34
5632,120.66,118.11,4,0,13,0,2,1.7321,Books,61,1,1.87,192,23167.23
5633,45.45,58.48,6,1,19,1,11,-1.366,Toys,60,0,4.17,213,9681.3
5634,45.76,50.65,6,1,6,0,12,-0.0,Toys,14,0,4.94,182,8329.07
5635,45.01,42.5,1,0,21,1,5,-0.366,Clothing,5,0,2.0,199,8956.44
5636,20.83,14.91,3,0,23,0,2,1.7321,Books,31,0,4.29,264,5499.24
5637,121.68,126.46,0,0,14,0,6,-0.0,Food,48,1,4.91,156,18982.35
5638,169.67,128.55,3,0,10,1,8,0.0,Clothing,32,0,1.88,65,11028.3
5639,13.32,16.0,0,0,13,0,2,1.7321,Food,57,0,1.94,244,3251.22
5640,19.31,22.24,5,1,5,0,6,-0.0,Electronics,34,0,3.87,211,4074.6
5641,118.83,116.01,1,0,9,1,6,-0.0,Food,74,0,4.8,131,15566.25
5642,165.7,158.67,1,0,6,0,1,1.366,Clothing,95,0,3.78,131,21707.25
5643,72.08,89.26,5,1,9,1,9,-1.0,Books,27,0,3.02,162,11677.02
5644,76.43,66.73,0,0,13,0,12,-0.0,Food,82,0,1.42,94,7184.11
5645,123.31,104.74,2,0,4,0,8,0.0,Electronics,5,0,4.7,137,16892.9
5646,62.1,78.47,0,0,21,1,12,-0.0,Books,17,1,1.28,208,12916.89
5647,15.06,17.85,1,0,0,0,4,0.0,Toys,75,0,1.85,192,2890.67
5648,149.69,178.49,6,1,18,1,7,0.366,Toys,69,0,2.8,159,23801.25
5649,128.87,105.3,3,0,7,0,4,0.0,Books,56,0,3.0,93,11985.23
5650,120.34,94.59,4,0,18,1,8,0.0,Clothing,38,0,1.22,138,16607.42
5651,150.92,108.0,3,0,16,0,10,-1.7321,Food,54,1,1.33,2,301.84
5652,138.29,116.47,1,0,18,1,2,1.7321,Food,48,0,1.5,132,18254.79
5653,49.12,57.2,3,0,15,0,2,1.7321,Books,85,0,1.16,180,8841.16
5654,76.97,64.97,2,0,3,0,3,1.0,Food,88,1,4.91,232,17857.36
5655,33.96,38.63,2,0,7,0,4,0.0,Toys,94,0,1.95,148,5026.22
5656,34.67,29.51,6,1,3,0,11,-1.366,Books,80,0,4.52,148,5131.58
5657,138.48,129.78,0,0,12,1,6,-0.0,Food,49,0,4.14,109,15094.01
5658,173.13,223.33,3,0,6,0,5,-0.366,Electronics,41,0,3.82,152,26316.37
5659,192.92,163.38,3,0,0,0,10,-1.7321,Clothing,22,0,3.63,0,0.0
5660,129.39,119.79,1,0,8,0,10,-1.7321,Electronics,57,0,2.99,111,14361.84
5661,44.98,39.61,0,0,3,0,7,0.366,Electronics,66,0,3.26,188,8456.1
5662,30.07,23.03,0,0,13,0,6,-0.0,Food,19,1,4.56,236,7097.36
5663,164.44,163.44,3,0,8,0,4,0.0,Books,2,1,4.11,151,24830.69
5664,119.96,111.23,4,0,2,0,11,-1.366,Toys,75,0,1.92,74,8877.32
5665,127.47,142.38,3,0,14,0,10,-1.7321,Books,33,0,1.42,26,3314.33
5666,158.48,188.68,3,0,4,0,9,-1.0,Food,73,1,2.17,79,12519.75
5667,143.62,147.44,3,0,0,0,7,0.366,Food,59,0,1.53,52,7468.38
5668,168.55,121.24,2,0,10,1,1,1.366,Toys,89,0,4.82,194,32698.13
5669,20.68,22.16,5,1,18,1,8,0.0,Electronics,6,0,2.53,197,4074.09
5670,152.03,111.47,0,0,4,0,4,0.0,Electronics,11,1,1.69,164,24932.74
5671,171.66,183.65,5,1,21,1,7,0.366,Books,27,0,3.49,124,21286.09
5672,64.37,71.51,2,0,23,0,11,-1.366,Clothing,72,0,2.59,93,5986.01
5673,131.68,107.81,4,0,16,0,2,1.7321,Food,45,1,1.87,132,17382.42
5674,69.69,83.04,1,0,18,1,12,-0.0,Toys,31,1,1.23,237,16516.72
5675,192.01,239.38,6,1,16,0,3,1.0,Books,91,0,1.37,66,12672.96
5676,16.35,19.42,4,0,4,0,1,1.366,Toys,63,0,3.25,242,3956.82
5677,120.16,106.11,0,0,23,0,2,1.7321,Electronics,44,0,4.0,191,22950.68
5678,41.64,43.8,1,0,19,1,11,-1.366,Electronics,41,0,4.7,202,8410.41
5679,145.32,181.49,5,1,8,0,5,-0.366,Books,47,0,3.34,72,10463.17
5680,43.42,38.75,4,0,21,1,2,1.7321,Clothing,69,1,3.61,278,12070.52
5681,54.72,65.23,0,0,5,0,6,-0.0,Electronics,79,0,1.97,148,8098.98
5682,103.93,73.34,6,1,20,1,6,-0.0,Toys,2,0,2.1,184,19123.2
5683,183.82,129.08,6,1,12,1,6,-0.0,Food,15,0,2.67,52,9558.57
5684,50.23,58.05,4,0,20,1,12,-0.0,Food,95,0,4.47,221,11099.89
5685,37.41,43.27,1,0,10,1,11,-1.366,Clothing,20,0,2.74,186,6957.44
5686,154.21,180.94,1,0,22,0,3,1.0,Books,3,1,1.96,172,26523.36
5687,105.12,132.24,4,0,23,0,11,-1.366,Clothing,39,0,4.68,148,15557.42
5688,183.24,141.23,2,0,22,0,3,1.0,Toys,74,0,2.65,83,15208.85
5689,37.86,31.77,4,0,0,0,10,-1.7321,Clothing,90,0,1.32,111,4202.1
5690,132.73,164.88,5,1,16,0,7,0.366,Food,10,0,3.18,97,12874.45
5691,54.25,43.74,4,0,5,0,4,0.0,Electronics,40,1,3.51,231,12531.07
5692,39.78,44.13,4,0,2,0,6,-0.0,Electronics,13,1,4.82,274,10900.95
5693,139.85,142.41,2,0,15,0,12,-0.0,Books,85,0,4.23,93,13006.2
5694,122.8,92.09,3,0,12,1,8,0.0,Toys,98,1,1.4,153,18788.41
5695,153.42,133.65,1,0,11,1,3,1.0,Books,44,0,3.05,130,19944.24
5696,68.8,69.64,5,1,10,1,9,-1.0,Clothing,32,1,2.74,183,12590.01
5697,95.11,115.22,0,0,22,0,9,-1.0,Clothing,73,1,2.57,160,15218.34
5698,87.04,97.88,1,0,1,0,3,1.0,Clothing,30,0,1.56,156,13578.18
5699,196.98,211.38,1,0,18,1,6,-0.0,Toys,1,0,2.5,112,22061.42
5700,65.53,65.37,3,0,7,0,5,-0.366,Electronics,53,1,2.88,165,10812.0
5701,66.02,58.04,1,0,12,1,4,0.0,Food,76,0,1.88,161,10628.46
5702,77.36,59.69,1,0,13,0,8,0.0,Food,44,0,3.3,171,13229.27
5703,117.27,110.88,2,0,14,0,10,-1.7321,Clothing,35,0,1.89,45,5277.28
5704,57.94,41.55,2,0,16,0,9,-1.0,Clothing,88,0,1.49,96,5562.37
5705,183.91,152.02,2,0,14,0,12,-0.0,Clothing,40,1,4.94,99,18206.6
5706,60.48,58.03,2,0,20,1,9,-1.0,Toys,45,0,3.75,188,11370.29
5707,180.2,171.4,2,0,9,1,5,-0.366,Food,60,1,3.38,91,16398.65
5708,29.66,21.55,5,1,0,0,5,-0.366,Books,63,0,2.31,135,4004.14
5709,134.75,141.95,0,0,11,1,11,-1.366,Electronics,10,0,1.83,146,19673.05
5710,182.33,187.76,3,0,8,0,3,1.0,Books,47,1,1.53,112,20420.65
5711,42.06,31.41,4,0,22,0,9,-1.0,Electronics,24,0,1.25,129,5426.05
5712,193.98,245.56,6,1,4,0,1,1.366,Toys,57,0,3.8,160,31037.14
5713,96.05,72.96,5,1,21,1,12,-0.0,Electronics,18,0,2.1,151,14503.22
5714,189.69,230.07,2,0,14,0,3,1.0,Toys,57,0,2.27,109,20675.76
5715,138.6,97.04,3,0,2,0,7,0.366,Food,72,0,1.64,72,9978.9
5716,67.3,82.74,4,0,18,1,7,0.366,Electronics,46,0,1.47,200,13460.3
5717,45.78,32.59,1,0,6,0,5,-0.366,Clothing,43,1,2.98,191,8743.5
5718,67.71,78.18,5,1,6,0,6,-0.0,Clothing,77,1,3.91,209,14151.32
5719,27.67,25.38,1,0,6,0,4,0.0,Toys,16,0,4.96,218,6032.78
5720,37.33,42.67,3,0,1,0,8,0.0,Food,14,0,2.36,187,6981.63
5721,29.89,28.12,0,0,1,0,4,0.0,Toys,9,0,3.66,192,5738.01
5722,90.36,67.1,0,0,11,1,10,-1.7321,Books,73,1,1.46,139,12559.94
5723,161.16,187.03,3,0,4,0,6,-0.0,Books,69,0,3.22,80,12892.79
5724,36.86,27.38,6,1,3,0,5,-0.366,Books,61,0,3.07,168,6192.96
5725,34.76,43.56,6,1,6,0,12,-0.0,Clothing,11,0,1.13,155,5387.94
5726,132.25,96.62,0,0,15,0,10,-1.7321,Books,19,0,2.93,22,2909.53
5727,47.46,46.88,6,1,2,0,6,-0.0,Electronics,64,0,2.98,203,9635.35
5728,28.55,32.37,0,0,20,1,3,1.0,Books,38,0,2.49,247,7050.84
5729,41.7,39.03,1,0,1,0,3,1.0,Clothing,10,1,3.29,261,10884.02
5730,185.51,154.04,6,1,16,0,10,-1.7321,Electronics,16,0,1.18,19,3524.67
5731,166.08,191.9,0,0,8,0,7,0.366,Food,93,0,4.38,73,12123.81
5732,77.27,90.45,0,0,19,1,1,1.366,Toys,69,1,3.08,264,20399.88
5733,134.61,168.74,3,0,7,0,1,1.366,Toys,82,1,1.13,218,29344.1
5734,112.08,103.75,0,0,11,1,1,1.366,Electronics,42,0,4.94,237,26563.52
5735,138.65,139.17,6,1,6,0,6,-0.0,Electronics,44,0,2.53,125,17331.7
5736,139.71,128.23,6,1,13,0,4,0.0,Toys,53,0,4.95,143,19978.18
5737,129.46,110.59,5,1,15,0,6,-0.0,Toys,35,1,1.72,163,21101.89
5738,60.56,69.68,2,0,0,0,1,1.366,Electronics,36,1,1.12,239,14473.66
5739,17.41,15.74,2,0,9,1,4,0.0,Toys,22,1,3.85,281,4892.55
5740,96.56,92.4,3,0,10,1,4,0.0,Food,24,0,4.78,134,12938.73
5741,179.29,168.92,2,0,6,0,2,1.7321,Books,76,0,1.31,94,16852.79
5742,118.2,133.29,1,0,17,1,1,1.366,Books,12,0,3.94,213,25177.55
5743,168.15,210.31,5,1,18,1,8,0.0,Food,35,0,1.28,72,12107.11
5744,198.41,218.26,5,1,13,0,6,-0.0,Books,50,0,4.18,68,13491.79
5745,41.09,40.39,3,0,16,0,4,0.0,Books,83,0,3.33,182,7477.85
5746,141.44,165.13,6,1,22,0,2,1.7321,Books,78,0,4.13,147,20791.35
5747,138.12,149.8,0,0,18,1,12,-0.0,Clothing,87,0,2.49,138,19059.98
5748,196.19,144.47,2,0,21,1,5,-0.366,Food,40,0,4.62,34,6670.51
5749,197.26,149.41,1,0,12,1,9,-1.0,Toys,22,0,2.21,60,11835.85
5750,140.47,101.52,6,1,22,0,7,0.366,Electronics,47,0,2.13,124,17418.15
5751,56.29,54.83,3,0,2,0,4,0.0,Food,75,0,4.84,159,8949.6
5752,161.73,193.34,6,1,1,0,5,-0.366,Food,66,0,1.49,23,3719.69
5753,30.34,26.93,3,0,8,0,8,0.0,Clothing,10,0,3.37,157,4762.68
5754,158.33,147.33,0,0,6,0,11,-1.366,Clothing,43,0,3.3,38,6016.65
5755,182.94,227.88,4,0,13,0,5,-0.366,Books,69,0,1.95,64,11707.98
5756,82.74,99.46,2,0,4,0,12,-0.0,Clothing,94,0,2.27,169,13982.78
5757,129.82,142.68,1,0,19,1,6,-0.0,Toys,85,0,2.15,168,21809.88
5758,91.73,78.89,3,0,14,0,10,-1.7321,Toys,97,1,4.38,149,13667.34
5759,93.18,71.77,6,1,19,1,6,-0.0,Books,25,0,2.56,151,14069.48
5760,68.97,48.94,2,0,0,0,8,0.0,Clothing,47,0,2.43,126,8690.28
5761,154.8,118.3,6,1,19,1,11,-1.366,Books,7,0,3.55,46,7121.01
5762,187.87,164.49,1,0,6,0,5,-0.366,Electronics,28,0,2.98,101,18975.23
5763,188.74,194.61,5,1,4,0,1,1.366,Clothing,80,0,2.7,123,23215.35
5764,43.21,31.91,5,1,3,0,4,0.0,Clothing,45,0,3.84,154,6654.1
5765,176.2,137.74,1,0,10,1,3,1.0,Clothing,67,0,2.65,139,24491.98
5766,150.11,121.39,5,1,18,1,2,1.7321,Clothing,83,0,1.89,162,24318.14
5767,58.04,62.64,3,0,5,0,7,0.366,Toys,12,0,3.97,199,11549.78
5768,22.78,24.37,2,0,19,1,7,0.366,Books,83,0,1.27,243,5536.53
5769,60.92,62.78,1,0,17,1,8,0.0,Toys,11,0,5.0,204,12427.57
5770,183.32,155.88,3,0,4,0,10,-1.7321,Books,3,0,3.39,0,0.0
5771,130.3,120.23,2,0,19,1,5,-0.366,Electronics,61,0,1.87,147,19154.68
5772,147.0,111.43,2,0,14,0,1,1.366,Clothing,66,0,1.79,92,13524.04
5773,58.86,49.2,3,0,20,1,6,-0.0,Food,56,0,2.09,159,9358.57
5774,146.68,181.69,2,0,19,1,6,-0.0,Toys,26,0,4.52,193,28309.96
5775,15.34,19.76,4,0,5,0,11,-1.366,Food,86,0,4.31,162,2485.58
5776,81.31,88.51,1,0,3,0,8,0.0,Electronics,81,0,1.58,154,12521.9
5777,129.08,161.37,1,0,16,0,10,-1.7321,Food,34,0,3.4,46,5937.82
5778,37.76,40.99,2,0,14,0,2,1.7321,Electronics,55,1,4.64,293,11063.2
5779,166.37,119.77,3,0,17,1,11,-1.366,Toys,79,1,3.93,132,21960.93
5780,54.66,70.95,0,0,5,0,9,-1.0,Electronics,76,0,3.35,153,8362.36
5781,133.93,101.71,5,1,23,0,11,-1.366,Toys,16,0,1.83,60,8036.0
5782,86.99,96.52,2,0,19,1,6,-0.0,Toys,80,0,4.77,217,18876.28
5783,123.25,104.97,0,0,21,1,1,1.366,Food,39,0,4.57,176,21691.7
5784,30.42,28.44,2,0,18,1,9,-1.0,Books,6,0,2.28,181,5505.22
5785,13.21,14.37,0,0,11,1,8,0.0,Books,72,1,2.99,274,3620.48
5786,182.82,175.85,2,0,8,0,10,-1.7321,Books,52,0,1.33,0,0.0
5787,61.23,52.07,3,0,7,0,1,1.366,Clothing,25,1,3.53,293,17940.3
5788,165.74,149.28,5,1,14,0,8,0.0,Food,56,0,1.22,15,2486.08
5789,199.88,180.87,6,1,0,0,7,0.366,Electronics,83,0,4.62,133,26583.58
5790,50.17,64.0,6,1,1,0,5,-0.366,Books,19,0,4.52,185,9281.81
5791,60.38,71.2,0,0,2,0,6,-0.0,Food,76,0,2.13,139,8393.16
5792,135.94,132.56,4,0,18,1,4,0.0,Clothing,73,0,3.97,148,20119.62
5793,193.44,158.6,3,0,9,1,9,-1.0,Food,93,0,2.76,0,0.0
5794,184.0,218.34,5,1,13,0,9,-1.0,Electronics,27,0,4.38,89,16376.42
5795,105.55,83.84,2,0,18,1,10,-1.7321,Books,5,0,1.25,107,11293.46
5796,161.07,133.09,0,0,10,1,1,1.366,Electronics,26,0,3.02,183,29475.98
5797,35.79,32.91,5,1,20,1,12,-0.0,Clothing,30,0,2.59,194,6943.59
5798,195.71,240.38,1,0,5,0,9,-1.0,Electronics,78,0,2.04,111,21724.17
5799,193.23,150.54,3,0,18,1,3,1.0,Clothing,97,0,1.84,95,18356.58
5800,41.11,31.79,0,0,13,0,12,-0.0,Electronics,35,0,3.71,185,7605.07
5801,66.89,66.65,3,0,7,0,2,1.7321,Clothing,75,1,1.81,235,15719.24
5802,29.03,25.14,0,0,1,0,4,0.0,Food,53,0,3.53,153,4441.51
5803,61.63,64.17,6,1,21,1,4,0.0,Food,68,1,2.56,228,14050.81
5804,165.03,160.24,1,0,17,1,9,-1.0,Food,33,0,1.97,39,6436.23
5805,81.88,78.68,4,0,21,1,4,0.0,Food,70,1,4.13,215,17604.19
5806,26.8,20.56,1,0,3,0,5,-0.366,Electronics,28,1,2.46,234,6270.13
5807,75.02,58.87,2,0,2,0,6,-0.0,Toys,74,0,1.06,135,10128.08
5808,196.46,234.31,3,0,1,0,4,0.0,Clothing,36,0,4.4,113,22200.3
5809,129.64,159.66,4,0,23,0,1,1.366,Clothing,49,0,2.26,141,18279.22
5810,89.07,74.89,3,0,3,0,2,1.7321,Toys,90,0,4.29,210,18704.82
5811,41.64,31.98,5,1,17,1,3,1.0,Clothing,94,1,3.19,318,13242.26
5812,197.37,144.49,0,0,10,1,4,0.0,Clothing,86,0,4.53,96,18947.86
5813,165.96,176.75,2,0,8,0,5,-0.366,Food,53,0,2.67,42,6970.38
5814,63.48,71.68,2,0,7,0,10,-1.7321,Clothing,69,0,1.68,94,5967.18
5815,23.31,21.53,3,0,20,1,10,-1.7321,Clothing,2,0,1.07,172,4009.84
5816,20.76,23.0,6,1,7,0,3,1.0,Books,97,1,4.11,263,5459.58
5817,32.87,37.07,2,0,4,0,11,-1.366,Clothing,80,0,4.12,139,4569.19
5818,120.35,151.78,3,0,12,1,1,1.366,Toys,71,0,1.78,195,23467.48
5819,186.47,137.78,0,0,6,0,11,-1.366,Clothing,64,0,4.82,12,2237.58
5820,104.38,85.11,0,0,20,1,11,-1.366,Toys,21,1,4.8,190,19832.44
5821,170.16,126.11,3,0,4,0,8,0.0,Clothing,35,0,2.46,73,12421.65
5822,94.72,115.63,1,0,12,1,8,0.0,Toys,46,0,1.59,193,18280.66
5823,144.63,170.02,1,0,19,1,4,0.0,Clothing,86,1,2.14,174,25165.77
5824,149.06,155.73,0,0,15,0,7,0.366,Clothing,48,0,4.72,111,16545.2
5825,43.05,32.3,4,0,13,0,4,0.0,Books,22,0,3.44,157,6759.34
5826,78.63,67.94,1,0,4,0,3,1.0,Books,6,0,4.66,172,13524.54
5827,131.09,115.18,3,0,22,0,7,0.366,Clothing,33,1,1.09,157,20580.72
5828,23.43,24.29,0,0,18,1,6,-0.0,Books,39,0,4.96,266,6233.01
5829,78.69,67.27,2,0,3,0,1,1.366,Electronics,43,0,3.51,185,14558.14
5830,111.61,83.01,2,0,23,0,9,-1.0,Electronics,25,0,1.74,94,10491.52
5831,199.28,226.87,6,1,21,1,12,-0.0,Food,18,0,3.03,59,11757.68
5832,100.16,88.09,1,0,23,0,2,1.7321,Food,41,0,4.28,132,13221.3
5833,165.05,160.33,4,0,10,1,3,1.0,Electronics,35,1,1.56,214,35320.87
5834,92.09,71.52,5,1,1,0,5,-0.366,Food,24,0,3.43,93,8564.63
5835,161.31,190.6,1,0,12,1,3,1.0,Clothing,55,0,3.77,159,25648.96
5836,123.13,127.97,4,0,15,0,3,1.0,Clothing,40,0,2.65,133,16376.13
5837,178.45,221.45,1,0,8,0,8,0.0,Food,87,1,3.17,112,19986.75
5838,88.08,87.84,2,0,15,0,4,0.0,Electronics,97,0,4.35,173,15237.68
5839,124.82,157.88,4,0,6,0,10,-1.7321,Toys,29,0,4.81,116,14478.87
5840,129.7,160.2,2,0,15,0,2,1.7321,Clothing,10,0,3.22,161,20882.27
5841,89.3,93.4,6,1,12,1,5,-0.366,Books,79,0,3.81,148,13216.81
5842,37.42,47.16,3,0,4,0,2,1.7321,Toys,10,0,2.29,235,8793.53
5843,27.78,24.83,3,0,14,0,10,-1.7321,Books,90,0,2.34,129,3583.14
5844,13.17,12.11,0,0,6,0,11,-1.366,Clothing,64,0,4.55,132,1738.12
5845,175.97,127.98,2,0,17,1,12,-0.0,Food,29,0,1.39,24,4223.32
5846,54.93,57.87,2,0,19,1,8,0.0,Books,98,1,1.82,255,14007.21
5847,50.19,56.87,6,1,22,0,3,1.0,Electronics,18,0,2.08,201,10087.44
5848,149.85,174.44,0,0,1,0,2,1.7321,Books,2,0,1.38,120,17981.61
5849,70.8,55.93,3,0,7,0,3,1.0,Electronics,25,0,3.67,172,12178.13
5850,106.15,102.59,3,0,9,1,3,1.0,Toys,85,0,4.63,224,23777.26
5851,40.88,32.95,4,0,9,1,1,1.366,Toys,51,0,1.11,237,9687.87
5852,192.35,211.06,4,0,10,1,3,1.0,Food,95,0,2.01,111,21351.04
5853,171.8,136.54,5,1,20,1,3,1.0,Electronics,22,0,4.68,166,28518.88
5854,174.12,216.34,6,1,20,1,4,0.0,Food,9,0,2.86,81,14103.72
5855,87.29,73.18,3,0,7,0,8,0.0,Books,91,1,4.54,202,17631.98
5856,154.85,135.47,5,1,15,0,9,-1.0,Food,89,0,4.78,19,2942.12
5857,37.34,45.2,1,0,15,0,1,1.366,Books,89,0,4.96,207,7728.65
5858,11.64,11.35,2,0,16,0,1,1.366,Toys,91,0,2.58,229,2665.01
5859,13.79,9.86,4,0,5,0,6,-0.0,Food,74,0,2.37,165,2276.15
5860,121.45,121.06,1,0,17,1,1,1.366,Toys,94,0,3.99,226,27448.68
5861,96.53,72.46,4,0,16,0,12,-0.0,Books,4,0,3.38,111,10714.28
5862,108.42,140.0,0,0,11,1,5,-0.366,Electronics,21,0,3.64,207,22443.54
5863,11.42,12.02,2,0,14,0,12,-0.0,Clothing,30,0,3.13,206,2352.11
5864,90.31,77.12,5,1,6,0,1,1.366,Books,33,0,3.06,166,14991.54
5865,146.43,152.03,5,1,13,0,8,0.0,Books,43,0,2.26,123,18011.25
5866,94.11,70.22,4,0,3,0,12,-0.0,Clothing,90,0,3.38,128,12046.31
5867,149.12,175.95,3,0,16,0,5,-0.366,Clothing,2,0,2.07,121,18043.72
5868,54.27,68.12,6,1,10,1,6,-0.0,Toys,87,0,2.42,192,10420.53
5869,164.5,201.45,5,1,5,0,4,0.0,Books,31,1,3.52,143,23523.07
5870,121.8,110.24,0,0,9,1,8,0.0,Books,4,1,3.55,214,26065.61
5871,50.04,44.81,0,0,14,0,12,-0.0,Food,47,0,3.31,151,7556.79
5872,54.98,39.64,3,0,5,0,9,-1.0,Clothing,84,0,3.7,136,7476.86
5873,129.33,141.07,0,0,15,0,9,-1.0,Electronics,89,0,2.65,129,16683.03
5874,167.69,171.2,6,1,11,1,1,1.366,Books,45,0,3.38,157,26327.1
5875,88.97,86.8,2,0,18,1,7,0.366,Food,65,0,1.38,126,11210.13
5876,59.08,73.53,4,0,15,0,4,0.0,Electronics,66,0,2.93,180,10633.87
5877,174.73,139.91,0,0,13,0,10,-1.7321,Toys,6,0,3.34,36,6290.36
5878,137.16,96.81,2,0,5,0,11,-1.366,Food,7,0,2.69,11,1508.77
5879,95.14,70.78,3,0,8,0,8,0.0,Electronics,51,1,1.07,165,15697.48
5880,102.7,85.66,4,0,21,1,7,0.366,Books,68,0,3.8,152,15610.56
5881,48.81,35.14,3,0,0,0,1,1.366,Food,18,0,2.82,176,8590.34
5882,129.09,129.31,4,0,21,1,1,1.366,Clothing,41,0,1.62,185,23882.11
5883,78.16,69.44,6,1,7,0,1,1.366,Electronics,69,0,4.89,220,17195.44
5884,199.17,160.99,0,0,6,0,2,1.7321,Books,25,0,4.77,92,18323.88
5885,101.23,116.43,0,0,13,0,10,-1.7321,Food,56,0,1.63,50,5061.74
5886,102.32,84.17,4,0,7,0,2,1.7321,Electronics,1,0,3.83,219,22407.7
5887,117.51,130.74,2,0,10,1,9,-1.0,Toys,98,0,3.07,157,18449.36
5888,184.18,167.53,2,0,23,0,5,-0.366,Toys,55,0,2.16,38,6998.98
5889,162.16,163.31,2,0,8,0,1,1.366,Clothing,3,0,3.74,149,24161.16
5890,95.71,120.63,1,0,18,1,7,0.366,Food,54,0,2.79,188,17994.37
5891,146.55,105.87,5,1,6,0,10,-1.7321,Food,81,1,4.59,84,12310.44
5892,121.38,121.4,5,1,5,0,2,1.7321,Clothing,32,1,3.81,230,27918.49
5893,103.55,125.57,5,1,17,1,3,1.0,Food,88,0,3.03,161,16671.51
5894,46.54,49.0,2,0,4,0,4,0.0,Toys,2,1,2.81,273,12705.42
5895,98.15,85.01,0,0,18,1,3,1.0,Toys,65,0,1.13,208,20414.76
5896,56.71,53.22,6,1,10,1,3,1.0,Clothing,98,0,1.64,241,13666.03
5897,183.82,203.7,1,0,4,0,9,-1.0,Books,8,0,1.18,10,1838.2
5898,73.73,91.02,2,0,23,0,12,-0.0,Clothing,58,0,1.25,141,10395.55
5899,190.93,138.36,0,0,8,0,4,0.0,Toys,53,0,1.27,34,6491.63
5900,111.28,82.67,1,0,23,0,8,0.0,Clothing,44,0,1.06,81,9013.72
5901,129.99,116.35,0,0,7,0,1,1.366,Toys,73,0,4.17,149,19369.02
5902,113.16,95.02,4,0,10,1,6,-0.0,Books,28,0,2.91,154,17426.44
5903,34.58,29.7,0,0,21,1,1,1.366,Toys,19,0,4.0,288,9959.71
5904,81.41,67.79,1,0,5,0,5,-0.366,Food,56,0,1.67,109,8873.26
5905,28.84,23.57,2,0,14,0,7,0.366,Electronics,20,0,4.36,199,5738.71
5906,128.36,99.91,5,1,5,0,12,-0.0,Books,71,0,1.38,57,7316.59
5907,94.91,119.62,1,0,21,1,1,1.366,Electronics,56,0,2.29,253,24011.24
5908,157.82,124.13,2,0,10,1,9,-1.0,Books,35,1,2.48,127,20042.78
5909,51.89,42.69,2,0,14,0,12,-0.0,Books,19,0,1.94,150,7783.41
5910,41.27,34.98,6,1,11,1,11,-1.366,Books,81,0,1.55,141,5818.72
5911,87.2,109.86,3,0,8,0,9,-1.0,Books,63,0,3.51,135,11772.42
5912,186.05,214.6,6,1,9,1,6,-0.0,Toys,82,0,1.03,136,25302.97
5913,144.98,170.18,4,0,14,0,2,1.7321,Food,7,1,4.17,201,29141.01
5914,89.6,68.35,3,0,16,0,2,1.7321,Toys,27,0,1.17,158,14156.09
5915,108.28,130.13,5,1,15,0,9,-1.0,Toys,39,0,4.86,120,12993.81
5916,26.0,24.57,1,0,21,1,4,0.0,Food,30,0,4.47,250,6500.12
5917,197.07,169.03,3,0,7,0,6,-0.0,Books,23,0,2.66,20,3941.39
5918,136.62,142.83,5,1,16,0,10,-1.7321,Food,84,0,1.57,1,136.62
5919,64.23,76.64,2,0,10,1,2,1.7321,Electronics,23,0,4.48,289,18561.54
5920,121.3,141.58,1,0,10,1,4,0.0,Food,90,0,3.58,133,16133.38
5921,30.8,38.01,3,0,5,0,2,1.7321,Toys,47,0,3.02,250,7700.41
5922,193.51,243.22,0,0,21,1,3,1.0,Books,78,0,2.28,134,25930.2
5923,43.21,36.42,5,1,1,0,2,1.7321,Toys,48,1,3.25,266,11493.63
5924,133.13,127.04,5,1,0,0,8,0.0,Electronics,95,0,2.66,132,17572.6
5925,56.64,40.14,4,0,19,1,5,-0.366,Books,91,1,2.86,212,12006.91
5926,146.34,179.64,0,0,5,0,5,-0.366,Clothing,63,0,4.38,106,15511.69
5927,157.6,124.93,1,0,4,0,8,0.0,Toys,9,0,4.81,96,15129.22
5928,137.95,167.87,3,0,22,0,11,-1.366,Toys,23,0,4.85,120,16553.97
5929,126.75,113.78,2,0,21,1,8,0.0,Food,63,1,4.63,188,23829.92
5930,179.57,165.36,3,0,21,1,7,0.366,Books,74,0,4.21,94,16879.5
5931,24.94,18.04,6,1,8,0,5,-0.366,Toys,47,0,2.81,164,4090.01
5932,72.87,65.3,1,0,4,0,7,0.366,Electronics,87,0,1.35,140,10202.33
5933,57.17,70.5,1,0,17,1,1,1.366,Books,74,0,3.52,237,13550.39
5934,197.72,141.44,1,0,23,0,3,1.0,Books,66,0,2.61,34,6722.57
5935,83.98,79.26,1,0,18,1,3,1.0,Food,37,0,3.75,201,16880.8
5936,149.2,107.25,6,1,14,0,2,1.7321,Toys,38,0,1.88,130,19395.53
5937,140.1,129.25,5,1,14,0,6,-0.0,Toys,1,0,4.06,116,16251.34
5938,50.3,40.42,3,0,8,0,3,1.0,Clothing,48,1,1.68,207,10411.16
5939,55.41,47.17,0,0,13,0,4,0.0,Clothing,82,1,4.23,212,11746.83
5940,63.44,77.82,2,0,4,0,3,1.0,Books,35,0,4.65,208,13196.37
5941,88.11,84.73,2,0,16,0,7,0.366,Toys,71,0,4.6,169,14891.3
5942,54.52,47.12,4,0,14,0,4,0.0,Food,86,0,2.39,109,5942.87
5943,13.73,14.47,5,1,19,1,5,-0.366,Toys,53,1,2.56,275,3776.79
5944,177.08,139.06,1,0,16,0,7,0.366,Food,25,0,4.35,12,2125.02
5945,193.47,165.54,1,0,23,0,4,0.0,Clothing,42,1,3.77,113,21861.64
5946,74.9,76.98,1,0,23,0,6,-0.0,Electronics,23,0,3.11,179,13406.81
5947,74.32,62.61,5,1,8,0,9,-1.0,Toys,9,0,4.84,167,12410.82
5948,11.35,12.57,0,0,12,1,6,-0.0,Clothing,27,1,3.07,292,3313.45
5949,139.25,138.54,1,0,21,1,5,-0.366,Electronics,75,1,1.98,234,32583.95
5950,166.83,194.06,4,0,12,1,12,-0.0,Electronics,51,0,3.72,211,35201.89
5951,37.86,48.04,4,0,4,0,1,1.366,Clothing,91,0,3.05,219,8290.37
5952,40.34,31.04,0,0,13,0,8,0.0,Clothing,92,0,1.82,152,6131.16
5953,160.12,144.23,5,1,6,0,5,-0.366,Clothing,57,0,1.61,83,13289.61
5954,127.1,113.33,1,0,4,0,5,-0.366,Food,82,0,2.42,74,9405.05
5955,18.52,14.65,6,1,11,1,3,1.0,Books,36,1,4.88,351,6501.75
5956,128.28,152.17,3,0,2,0,10,-1.7321,Books,34,0,1.58,44,5644.49
5957,68.69,79.41,3,0,8,0,12,-0.0,Books,13,0,2.89,136,9342.43
5958,80.06,79.31,2,0,9,1,2,1.7321,Food,55,0,2.31,202,16171.67
5959,156.25,159.79,0,0,0,0,1,1.366,Clothing,46,0,4.77,149,23281.1
5960,164.08,120.72,3,0,13,0,9,-1.0,Books,52,0,2.51,5,820.39
5961,86.07,88.93,2,0,0,0,5,-0.366,Food,94,0,1.91,73,6282.95
5962,189.96,223.16,4,0,9,1,10,-1.7321,Food,28,0,2.91,21,3989.14
5963,87.23,91.09,2,0,10,1,12,-0.0,Clothing,86,0,1.61,171,14915.97
5964,156.65,134.59,1,0,19,1,4,0.0,Electronics,88,1,2.52,177,27726.85
5965,101.94,112.18,1,0,1,0,7,0.366,Food,30,0,3.93,135,13761.45
5966,180.53,165.53,4,0,22,0,4,0.0,Toys,45,0,3.4,76,13720.37
5967,182.47,187.39,0,0,1,0,11,-1.366,Food,38,0,1.04,0,0.0
5968,26.61,26.41,5,1,22,0,2,1.7321,Electronics,20,1,2.99,316,8408.51
5969,187.93,174.53,1,0,23,0,9,-1.0,Electronics,70,0,4.25,68,12779.49
5970,166.85,188.76,1,0,10,1,8,0.0,Toys,97,0,3.25,119,19855.34
5971,160.35,197.28,2,0,7,0,12,-0.0,Books,47,1,2.88,144,23090.26
5972,48.17,33.87,2,0,2,0,4,0.0,Food,59,0,2.66,138,6647.9
5973,162.97,205.37,2,0,8,0,8,0.0,Clothing,79,0,3.15,113,18415.91
5974,171.53,172.71,3,0,15,0,12,-0.0,Clothing,79,0,1.3,50,8576.26
5975,64.94,72.76,6,1,15,0,9,-1.0,Toys,96,1,4.2,206,13377.34
5976,190.93,231.67,4,0,9,1,2,1.7321,Electronics,14,0,4.43,224,42768.19
5977,19.47,19.09,0,0,5,0,4,0.0,Books,42,0,3.37,187,3641.53
5978,38.48,46.22,2,0,19,1,11,-1.366,Food,61,1,4.92,242,9312.83
5979,112.14,90.45,0,0,23,0,6,-0.0,Food,59,0,3.22,83,9307.65
5980,119.4,94.98,6,1,19,1,7,0.366,Food,8,0,1.11,123,14686.27
5981,132.58,145.1,2,0,19,1,5,-0.366,Clothing,100,0,2.86,157,20814.83
5982,13.22,16.16,1,0,10,1,10,-1.7321,Books,57,0,2.6,186,2459.69
5983,192.47,237.79,6,1,7,0,12,-0.0,Toys,22,0,1.78,98,18862.03
5984,18.47,20.06,0,0,19,1,10,-1.7321,Clothing,84,0,3.14,178,3287.97
5985,37.18,37.75,3,0,0,0,7,0.366,Electronics,88,1,2.82,225,8365.9
5986,12.66,11.38,2,0,5,0,11,-1.366,Books,21,1,1.68,204,2583.2
5987,117.7,151.6,5,1,7,0,4,0.0,Electronics,28,0,3.02,128,15066.0
5988,187.13,166.89,4,0,13,0,8,0.0,Food,49,0,4.34,0,0.0
5989,136.53,156.53,1,0,2,0,3,1.0,Clothing,23,0,3.04,143,19523.78
5990,166.3,169.5,6,1,1,0,3,1.0,Books,88,0,1.87,78,12971.78
5991,12.52,13.34,6,1,21,1,5,-0.366,Clothing,54,0,3.74,228,2855.34
5992,112.98,105.76,2,0,0,0,6,-0.0,Books,23,0,4.48,110,12428.12
5993,97.32,124.46,6,1,10,1,3,1.0,Food,68,0,2.38,192,18684.86
5994,104.8,109.31,0,0,20,1,10,-1.7321,Books,46,0,1.28,82,8593.92
5995,23.72,29.95,2,0,5,0,2,1.7321,Food,68,0,4.66,246,5835.24
5996,140.04,98.67,1,0,7,0,5,-0.366,Clothing,94,0,3.73,69,9662.95
5997,105.61,110.22,4,0,6,0,10,-1.7321,Clothing,28,0,4.97,120,12673.43
5998,155.38,175.63,4,0,5,0,6,-0.0,Clothing,95,0,3.78,83,12896.4
5999,102.21,117.23,4,0,17,1,3,1.0,Food,97,0,1.5,186,19010.17
6000,38.38,47.71,5,1,11,1,7,0.366,Electronics,50,0,2.73,219,8405.77
6001,133.17,93.57,1,0,7,0,3,1.0,Electronics,83,0,1.17,108,14382.23
6002,42.75,29.94,5,1,23,0,12,-0.0,Books,63,0,2.37,143,6113.74
6003,175.75,172.83,5,1,20,1,2,1.7321,Clothing,10,1,4.14,220,38666.09
6004,126.49,90.77,6,1,18,1,10,-1.7321,Electronics,89,0,3.22,119,15052.56
6005,39.87,51.22,2,0,23,0,4,0.0,Toys,37,0,2.84,161,6418.87
6006,192.84,160.69,1,0,4,0,3,1.0,Clothing,13,0,4.39,79,15234.69
6007,108.49,106.71,1,0,18,1,7,0.366,Toys,70,0,1.71,186,20179.04
6008,23.85,17.57,6,1,8,0,8,0.0,Electronics,30,1,3.15,235,5604.92
6009,129.1,130.81,2,0,11,1,3,1.0,Food,87,0,3.59,136,17557.36
6010,58.11,53.92,3,0,14,0,6,-0.0,Toys,100,0,4.7,198,11505.34
6011,162.7,118.25,5,1,22,0,1,1.366,Toys,80,0,1.65,92,14968.56
6012,165.39,149.03,4,0,12,1,5,-0.366,Clothing,72,1,3.83,142,23484.84
6013,196.0,183.23,0,0,23,0,2,1.7321,Books,80,0,1.18,49,9604.0
6014,105.36,136.32,5,1,12,1,1,1.366,Food,11,0,3.27,201,21176.4
6015,96.44,79.54,0,0,20,1,7,0.366,Clothing,1,0,3.58,211,20349.22
6016,153.16,157.28,2,0,20,1,10,-1.7321,Clothing,86,0,4.36,73,11180.71
6017,35.17,45.45,0,0,4,0,4,0.0,Electronics,18,0,2.3,177,6224.99
6018,113.91,133.87,3,0,1,0,5,-0.366,Books,100,1,3.79,191,21757.56
6019,113.79,147.47,1,0,18,1,2,1.7321,Books,11,1,1.37,249,28332.97
6020,27.0,34.59,4,0,7,0,8,0.0,Food,84,0,1.89,173,4670.98
6021,89.42,88.86,0,0,13,0,11,-1.366,Food,10,1,4.09,134,11981.87
6022,172.12,192.4,0,0,5,0,10,-1.7321,Books,48,0,4.57,55,9466.83
6023,172.67,132.31,2,0,6,0,3,1.0,Toys,61,0,1.06,91,15712.9
6024,28.86,27.84,2,0,13,0,7,0.366,Toys,10,1,1.67,238,6867.53
6025,27.24,32.29,6,1,5,0,11,-1.366,Clothing,60,0,1.84,118,3213.96
6026,59.91,60.1,1,0,15,0,1,1.366,Books,22,0,3.08,234,14019.44
6027,176.21,197.64,4,0,3,0,10,-1.7321,Clothing,75,0,1.62,0,0.0
6028,34.49,39.58,6,1,6,0,1,1.366,Toys,99,0,4.9,245,8450.42
6029,146.8,125.09,6,1,15,0,7,0.366,Food,9,1,2.55,111,16294.73
6030,29.22,35.81,0,0,3,0,1,1.366,Books,15,0,1.57,209,6107.29
6031,128.4,125.3,1,0,6,0,12,-0.0,Electronics,83,0,4.1,167,21442.16
6032,77.65,64.15,4,0,20,1,9,-1.0,Clothing,37,0,3.25,138,10716.08
6033,159.89,194.95,1,0,1,0,9,-1.0,Books,70,1,4.66,130,20786.17
6034,54.4,51.72,0,0,22,0,8,0.0,Electronics,100,0,4.74,181,9846.61
6035,131.45,151.19,2,0,7,0,8,0.0,Clothing,44,0,4.42,138,18139.87
6036,54.78,56.36,2,0,9,1,4,0.0,Toys,69,1,3.26,254,13914.04
6037,145.6,135.28,2,0,1,0,4,0.0,Clothing,3,1,1.89,128,18636.22
6038,176.0,208.72,3,0,5,0,5,-0.366,Food,10,0,2.71,26,4575.97
6039,34.09,35.82,1,0,3,0,9,-1.0,Clothing,77,0,2.93,114,3886.53
6040,174.65,163.18,0,0,20,1,3,1.0,Clothing,4,0,4.9,161,28119.16
6041,122.78,94.02,1,0,0,0,4,0.0,Books,56,1,2.01,112,13751.28
6042,34.15,42.25,2,0,5,0,10,-1.7321,Books,40,1,2.74,144,4917.74
6043,91.23,65.8,5,1,11,1,5,-0.366,Toys,33,1,3.25,213,19432.62
6044,40.56,49.4,5,1,13,0,7,0.366,Food,98,0,2.56,151,6125.08
6045,143.07,131.05,1,0,14,0,5,-0.366,Food,100,1,1.48,105,15021.94
6046,154.18,167.08,4,0,23,0,9,-1.0,Toys,33,0,4.56,78,12026.43
6047,30.1,37.73,5,1,17,1,6,-0.0,Electronics,60,1,4.2,306,9211.01
6048,106.17,83.98,5,1,16,0,3,1.0,Clothing,21,0,2.03,155,16455.82
6049,164.78,171.4,1,0,8,0,6,-0.0,Books,69,1,2.79,128,21091.68
6050,187.87,217.68,6,1,14,0,6,-0.0,Toys,45,0,3.94,84,15781.16
6051,107.57,124.19,3,0,17,1,12,-0.0,Toys,57,0,4.89,228,24525.59
6052,190.55,193.48,3,0,23,0,10,-1.7321,Books,77,0,1.67,0,0.0
6053,111.78,120.15,2,0,20,1,1,1.366,Books,40,0,3.55,213,23809.33
6054,84.9,98.01,0,0,17,1,7,0.366,Electronics,81,0,4.27,217,18422.47
6055,171.16,206.18,6,1,4,0,3,1.0,Food,64,0,1.1,59,10098.36
6056,103.67,119.95,4,0,15,0,1,1.366,Books,10,0,4.24,158,16379.34
6057,99.66,90.93,6,1,8,0,1,1.366,Toys,74,0,4.16,164,16344.48
6058,103.16,133.9,0,0,21,1,5,-0.366,Clothing,66,0,4.69,208,21457.15
6059,170.89,164.17,0,0,2,0,10,-1.7321,Electronics,85,0,1.34,57,9740.68
6060,168.07,120.12,4,0,11,1,10,-1.7321,Clothing,65,0,1.5,18,3025.24
6061,86.67,79.52,3,0,23,0,2,1.7321,Clothing,30,0,3.07,185,16033.73
6062,73.33,56.95,6,1,13,0,2,1.7321,Food,82,0,4.49,208,15252.01
6063,103.47,79.97,5,1,0,0,12,-0.0,Clothing,35,1,4.5,195,20175.93
6064,118.83,103.25,2,0,8,0,4,0.0,Toys,53,0,3.8,109,12952.12
6065,55.28,40.47,1,0,8,0,10,-1.7321,Toys,39,0,2.79,93,5141.42
6066,160.85,179.04,3,0,19,1,11,-1.366,Books,22,0,1.92,71,11420.45
6067,102.43,76.25,2,0,12,1,12,-0.0,Food,67,1,2.9,190,19462.03
6068,73.47,60.39,5,1,7,0,12,-0.0,Books,70,0,1.87,107,7861.15
6069,30.3,22.9,3,0,10,1,7,0.366,Clothing,100,1,4.09,267,8089.03
6070,55.38,40.87,6,1,13,0,8,0.0,Toys,80,0,2.69,145,8030.18
6071,190.36,163.84,4,0,15,0,11,-1.366,Books,67,0,3.16,0,0.0
6072,67.97,70.9,0,0,10,1,10,-1.7321,Toys,100,1,3.72,205,13933.63
6073,42.08,53.82,4,0,18,1,7,0.366,Books,75,0,3.11,200,8416.65
6074,97.53,119.5,5,1,21,1,9,-1.0,Electronics,17,0,4.02,211,20578.37
6075,68.35,83.76,1,0,9,1,7,0.366,Food,19,1,4.14,237,16198.16
6076,16.68,13.44,4,0,7,0,4,0.0,Books,60,1,1.97,202,3369.41
6077,71.4,61.33,5,1,10,1,9,-1.0,Clothing,72,0,2.19,163,11637.81
6078,113.38,84.56,0,0,7,0,9,-1.0,Toys,78,1,1.24,119,13492.3
6079,114.83,134.01,3,0,19,1,3,1.0,Toys,90,0,1.36,178,20438.91
6080,77.75,57.68,2,0,9,1,10,-1.7321,Food,89,0,4.32,121,9407.29
6081,94.99,98.22,5,1,16,0,8,0.0,Food,51,0,1.86,121,11493.49
6082,193.45,164.18,5,1,22,0,1,1.366,Electronics,48,0,4.34,152,29404.16
6083,81.7,69.12,6,1,10,1,2,1.7321,Books,57,0,4.94,255,20832.53
6084,59.06,76.45,1,0,11,1,8,0.0,Electronics,10,0,1.97,190,11221.99
6085,56.26,64.93,3,0,9,1,8,0.0,Books,32,1,2.84,255,14345.98
6086,96.98,116.58,5,1,19,1,6,-0.0,Books,79,1,3.15,220,21334.56
6087,154.31,160.97,5,1,16,0,8,0.0,Food,68,0,4.77,77,11881.78
6088,49.14,60.08,2,0,2,0,8,0.0,Food,28,0,1.71,143,7026.7
6089,144.77,157.4,0,0,6,0,2,1.7321,Books,4,0,4.34,141,20412.04
6090,14.02,17.77,4,0,2,0,3,1.0,Food,61,1,4.83,290,4065.36
6091,89.6,77.84,6,1,16,0,7,0.366,Books,77,0,3.22,149,13349.99
6092,157.41,166.42,3,0,22,0,3,1.0,Food,12,0,1.61,63,9917.1
6093,74.36,82.84,2,0,7,0,11,-1.366,Clothing,15,1,2.34,172,12789.79
6094,117.11,109.59,2,0,20,1,2,1.7321,Books,29,0,4.84,210,24593.11
6095,48.95,60.1,4,0,21,1,6,-0.0,Toys,87,0,1.67,223,10914.97
6096,150.98,194.44,3,0,18,1,2,1.7321,Clothing,13,0,2.95,206,31101.7
6097,19.93,19.86,3,0,13,0,2,1.7321,Electronics,38,0,1.76,238,4744.06
6098,171.98,160.7,6,1,4,0,11,-1.366,Food,58,1,4.62,49,8427.17
6099,47.66,46.85,0,0,18,1,2,1.7321,Electronics,35,1,3.36,325,15488.63
6100,176.14,213.41,3,0,12,1,4,0.0,Toys,40,0,4.69,162,28533.97
6101,76.98,83.7,6,1,17,1,7,0.366,Food,76,0,4.78,181,13933.48
6102,147.31,107.07,5,1,22,0,6,-0.0,Electronics,94,0,2.96,116,17087.95
6103,70.65,72.44,4,0,10,1,5,-0.366,Clothing,5,0,4.75,203,14342.52
6104,182.12,129.38,3,0,22,0,4,0.0,Electronics,2,0,1.0,99,18030.2
6105,34.06,39.75,0,0,11,1,2,1.7321,Food,30,1,1.77,289,9843.64
6106,43.92,39.39,2,0,7,0,11,-1.366,Clothing,99,0,3.94,97,4260.12
6107,103.68,101.93,5,1,11,1,8,0.0,Toys,10,0,3.11,199,20631.47
6108,25.57,30.15,3,0,0,0,12,-0.0,Electronics,73,1,4.96,248,6340.94
6109,47.24,34.38,4,0,17,1,2,1.7321,Books,81,1,4.14,310,14643.23
6110,189.32,150.53,3,0,1,0,11,-1.366,Food,38,1,3.66,0,0.0
6111,195.53,183.56,6,1,11,1,8,0.0,Books,59,1,4.65,135,26396.96
6112,81.49,68.28,1,0,18,1,10,-1.7321,Books,94,0,2.35,116,9452.76
6113,185.42,167.39,0,0,22,0,4,0.0,Electronics,35,0,1.67,75,13906.83
6114,113.52,147.45,2,0,6,0,12,-0.0,Books,71,0,3.19,117,13281.45
6115,61.25,73.21,1,0,6,0,5,-0.366,Clothing,12,0,1.95,113,6921.37
6116,143.46,176.5,4,0,0,0,11,-1.366,Toys,42,0,1.93,96,13771.75
6117,135.19,170.64,3,0,17,1,1,1.366,Toys,98,1,2.23,237,32040.35
6118,197.93,179.04,0,0,7,0,2,1.7321,Books,49,1,3.7,120,23752.06
6119,60.36,53.01,5,1,9,1,11,-1.366,Food,67,0,1.09,81,4889.08
6120,137.69,115.72,6,1,22,0,8,0.0,Books,33,0,4.4,79,10877.61
6121,19.88,23.82,6,1,0,0,1,1.366,Food,13,1,3.45,295,5865.93
6122,31.59,35.0,3,0,14,0,3,1.0,Toys,75,0,2.22,220,6950.4
6123,10.74,9.04,3,0,14,0,2,1.7321,Clothing,20,0,1.45,222,2385.28
6124,199.9,185.14,3,0,3,0,10,-1.7321,Food,95,0,4.16,0,0.0
6125,162.43,163.09,5,1,9,1,5,-0.366,Toys,33,1,2.75,167,27126.14
6126,159.48,162.17,3,0,7,0,12,-0.0,Electronics,34,1,2.74,168,26792.2
6127,106.85,131.77,0,0,13,0,4,0.0,Books,50,0,2.88,134,14317.63
6128,67.01,62.21,5,1,12,1,4,0.0,Food,50,0,2.66,171,11459.18
6129,38.74,48.24,5,1,20,1,4,0.0,Clothing,9,0,3.05,241,9336.39
6130,64.09,61.83,1,0,16,0,11,-1.366,Books,7,0,3.52,98,6280.64
6131,81.43,93.47,4,0,6,0,4,0.0,Toys,9,0,2.72,133,10830.79
6132,153.7,193.38,5,1,5,0,4,0.0,Toys,26,0,4.89,138,21210.45
6133,112.54,140.06,1,0,8,0,6,-0.0,Toys,2,0,2.59,146,16430.22
6134,24.72,18.15,0,0,19,1,2,1.7321,Food,5,0,1.86,269,6650.19
6135,13.43,11.05,4,0,19,1,4,0.0,Electronics,66,0,4.92,251,3369.8
6136,29.44,29.04,5,1,7,0,7,0.366,Electronics,10,0,2.18,187,5505.86
6137,87.99,84.38,2,0,13,0,7,0.366,Toys,31,1,3.48,228,20062.8
6138,187.31,203.14,1,0,19,1,1,1.366,Books,33,0,4.31,129,24162.56
6139,131.11,166.09,0,0,2,0,10,-1.7321,Clothing,6,0,1.02,88,11537.37
6140,162.35,124.59,0,0,22,0,12,-0.0,Books,14,1,2.13,98,15910.0
6141,98.61,95.76,0,0,12,1,9,-1.0,Food,78,1,3.13,136,13411.12
6142,78.72,64.19,6,1,20,1,7,0.366,Electronics,15,0,2.82,201,15822.03
6143,30.6,37.83,4,0,8,0,11,-1.366,Clothing,97,0,1.29,89,2723.05
6144,176.43,225.61,3,0,20,1,6,-0.0,Toys,95,0,2.79,137,24170.54
6145,158.8,156.77,2,0,8,0,2,1.7321,Toys,81,0,1.42,124,19691.25
6146,41.94,31.98,4,0,21,1,6,-0.0,Food,43,1,2.0,270,11324.46
6147,107.33,125.7,4,0,21,1,5,-0.366,Food,79,0,4.0,142,15240.79
6148,102.6,114.74,5,1,10,1,9,-1.0,Food,20,0,1.71,104,10670.53
6149,128.77,117.54,6,1,5,0,12,-0.0,Food,21,0,3.66,61,7854.81
6150,189.78,233.89,1,0,22,0,1,1.366,Toys,64,1,4.89,242,45925.67
6151,120.16,154.46,2,0,11,1,5,-0.366,Toys,29,0,1.99,166,19945.99
6152,112.64,116.55,0,0,3,0,3,1.0,Food,59,0,2.04,101,11376.77
6153,19.56,20.33,4,0,3,0,9,-1.0,Toys,73,0,4.81,164,3208.06
6154,21.95,19.29,2,0,22,0,12,-0.0,Food,64,0,3.66,166,3644.1
6155,45.6,47.91,1,0,21,1,1,1.366,Clothing,93,0,4.08,261,11900.53
6156,16.17,15.58,3,0,16,0,6,-0.0,Food,44,1,4.17,234,3783.65
6157,151.24,133.29,2,0,6,0,3,1.0,Food,34,0,3.92,77,11645.25
6158,147.43,109.15,6,1,5,0,1,1.366,Clothing,47,1,4.91,202,29781.42
6159,35.85,30.53,6,1,19,1,11,-1.366,Electronics,9,1,2.1,209,7492.79
6160,168.85,138.24,0,0,7,0,3,1.0,Books,60,0,3.07,81,13677.25
6161,39.41,40.4,6,1,6,0,2,1.7321,Food,30,0,3.66,212,8354.78
6162,67.22,71.32,4,0,7,0,10,-1.7321,Clothing,17,0,3.83,111,7461.79
6163,57.31,61.04,3,0,8,0,12,-0.0,Clothing,52,0,1.77,146,8366.62
6164,80.74,75.32,1,0,0,0,12,-0.0,Toys,59,1,4.5,205,16551.36
6165,58.39,55.63,0,0,2,0,12,-0.0,Food,4,0,4.26,177,10334.34
6166,102.9,123.54,3,0,17,1,8,0.0,Clothing,40,0,2.06,182,18727.92
6167,87.41,86.16,5,1,18,1,3,1.0,Electronics,96,0,3.18,203,17743.72
6168,197.45,255.23,5,1,10,1,11,-1.366,Electronics,96,1,2.18,135,26655.51
6169,20.63,19.88,1,0,15,0,7,0.366,Books,7,1,2.46,259,5342.14
6170,37.01,40.34,0,0,17,1,10,-1.7321,Toys,38,0,3.13,165,6107.39
6171,20.04,14.63,6,1,5,0,6,-0.0,Toys,32,1,3.16,237,4748.75
6172,128.91,140.77,4,0,1,0,7,0.366,Toys,69,1,3.13,206,26555.42
6173,20.36,24.65,1,0,3,0,11,-1.366,Food,67,0,3.18,130,2646.38
6174,168.92,213.77,6,1,4,0,7,0.366,Electronics,56,0,3.54,159,26858.84
6175,107.27,139.28,3,0,20,1,10,-1.7321,Food,20,0,1.06,82,8796.0
6176,110.13,95.74,0,0,13,0,1,1.366,Clothing,64,0,1.56,157,17290.64
6177,116.7,121.98,5,1,0,0,4,0.0,Books,17,0,2.88,109,12720.62
6178,42.45,41.2,5,1,21,1,4,0.0,Books,16,1,3.83,259,10995.74
6179,47.56,49.38,2,0,13,0,5,-0.366,Food,11,0,3.04,137,6515.88
6180,70.58,56.07,0,0,20,1,10,-1.7321,Books,13,0,3.52,137,9668.81
6181,122.76,149.0,3,0,12,1,5,-0.366,Food,18,0,4.88,137,16818.71
6182,49.92,62.19,3,0,21,1,8,0.0,Toys,14,0,3.92,198,9884.63
6183,32.1,31.13,2,0,15,0,4,0.0,Clothing,34,0,4.76,195,6260.09
6184,194.32,168.72,6,1,3,0,1,1.366,Toys,76,0,1.08,44,8550.18
6185,14.18,11.12,3,0,5,0,5,-0.366,Books,86,0,2.79,191,2707.72
6186,162.51,180.43,6,1,8,0,1,1.366,Clothing,85,0,2.42,111,18038.89
6187,159.73,141.73,6,1,0,0,12,-0.0,Electronics,26,0,3.82,129,20604.74
6188,66.47,82.8,0,0,21,1,3,1.0,Food,42,0,4.72,244,16218.85
6189,35.77,39.44,6,1,16,0,8,0.0,Clothing,61,1,1.16,220,7869.19
6190,37.67,40.96,5,1,22,0,10,-1.7321,Food,39,0,1.23,123,4633.34
6191,142.51,147.59,1,0,3,0,5,-0.366,Clothing,2,0,3.69,99,14108.69
6192,132.13,96.12,5,1,5,0,7,0.366,Books,57,1,2.38,138,18234.39
6193,158.72,199.85,6,1,15,0,1,1.366,Toys,50,0,1.81,148,23490.81
6194,188.12,202.56,5,1,6,0,6,-0.0,Books,16,0,4.82,76,14297.23
6195,141.47,183.4,0,0,4,0,12,-0.0,Electronics,62,1,1.06,186,26312.71
6196,39.61,40.5,6,1,8,0,8,0.0,Books,98,1,2.1,196,7763.91
6197,56.25,63.35,3,0,23,0,6,-0.0,Clothing,11,0,2.33,167,9394.43
6198,170.02,124.75,2,0,18,1,4,0.0,Electronics,83,0,4.13,141,23972.37
6199,49.77,53.7,2,0,0,0,11,-1.366,Clothing,63,1,3.25,195,9704.79
6200,23.78,27.56,4,0,7,0,8,0.0,Toys,30,0,2.31,180,4280.26
6201,143.62,167.62,2,0,19,1,8,0.0,Food,54,0,1.68,104,14936.81
6202,86.48,100.5,2,0,22,0,6,-0.0,Toys,71,0,1.87,149,12885.52
6203,184.81,154.46,3,0,3,0,8,0.0,Toys,27,0,1.15,42,7761.92
6204,133.55,171.64,1,0,22,0,12,-0.0,Toys,86,0,4.35,121,16159.36
6205,27.18,35.25,1,0,16,0,6,-0.0,Clothing,64,0,1.47,191,5191.3
6206,190.09,141.69,3,0,0,0,4,0.0,Food,81,0,4.29,25,4752.32
6207,59.13,74.61,2,0,1,0,11,-1.366,Clothing,79,0,1.56,107,6326.47
6208,74.07,64.71,0,0,20,1,12,-0.0,Electronics,9,0,4.62,209,15480.71
6209,86.43,96.25,5,1,13,0,6,-0.0,Clothing,76,0,3.71,119,10285.11
6210,19.73,17.82,6,1,21,1,9,-1.0,Toys,72,0,2.41,196,3867.59
6211,104.34,133.62,5,1,1,0,8,0.0,Books,2,0,2.57,118,12311.88
6212,33.43,25.44,1,0,0,0,7,0.366,Books,49,0,2.14,176,5883.77
6213,86.18,86.07,3,0,12,1,5,-0.366,Clothing,48,0,1.85,154,13272.39
6214,76.63,73.33,0,0,22,0,7,0.366,Toys,55,1,4.64,223,17089.57
6215,156.84,140.47,2,0,7,0,1,1.366,Toys,80,1,1.74,166,26035.38
6216,162.6,176.8,3,0,21,1,8,0.0,Books,67,0,1.7,104,16910.65
6217,39.15,30.48,1,0,8,0,5,-0.366,Food,31,0,2.44,118,4619.52
6218,79.64,90.0,6,1,23,0,7,0.366,Food,26,0,4.94,178,14176.76
6219,80.94,104.28,0,0,19,1,7,0.366,Toys,66,0,2.86,201,16268.36
6220,38.77,45.85,0,0,20,1,8,0.0,Electronics,30,0,2.42,215,8335.12
6221,161.71,196.64,1,0,1,0,7,0.366,Electronics,77,1,4.99,204,32988.06
6222,144.37,132.21,0,0,16,0,6,-0.0,Electronics,78,0,3.96,140,20212.27
6223,46.17,41.32,5,1,5,0,12,-0.0,Electronics,1,0,4.78,215,9927.1
6224,79.68,80.49,6,1,2,0,6,-0.0,Electronics,96,0,2.0,120,9561.26
6225,30.1,21.9,1,0,19,1,5,-0.366,Books,70,0,4.02,221,6652.75
6226,129.36,163.93,5,1,16,0,5,-0.366,Toys,22,0,4.56,163,21085.56
6227,33.06,25.99,3,0,5,0,4,0.0,Clothing,75,1,3.12,221,7306.41
6228,197.33,245.04,4,0,7,0,7,0.366,Books,87,0,2.7,48,9471.72
6229,158.33,118.77,6,1,13,0,12,-0.0,Books,54,0,2.18,36,5699.87
6230,84.15,100.43,2,0,9,1,11,-1.366,Toys,14,0,3.27,139,11696.2
6231,119.93,94.88,3,0,19,1,3,1.0,Food,14,0,1.77,139,16669.87
6232,183.15,132.4,5,1,9,1,5,-0.366,Books,84,0,2.73,50,9157.75
6233,115.28,130.46,2,0,14,0,3,1.0,Books,71,0,3.73,155,17868.22
6234,43.15,37.47,2,0,7,0,8,0.0,Clothing,19,0,3.61,195,8415.17
6235,81.95,92.5,5,1,10,1,5,-0.366,Electronics,26,0,3.8,208,17046.36
6236,170.2,175.82,5,1,15,0,11,-1.366,Books,59,0,3.35,11,1872.17
6237,132.4,101.32,6,1,2,0,10,-1.7321,Electronics,22,0,1.01,44,5825.62
6238,133.64,168.29,1,0,14,0,6,-0.0,Toys,6,0,1.11,114,15234.69
6239,174.7,169.7,4,0,12,1,1,1.366,Books,63,1,3.32,175,30571.81
6240,179.85,205.15,6,1,10,1,11,-1.366,Clothing,77,0,4.86,113,20323.6
6241,184.76,184.87,5,1,13,0,4,0.0,Clothing,74,1,1.78,115,21247.47
6242,28.02,29.78,2,0,6,0,9,-1.0,Toys,54,0,3.87,144,4035.07
6243,113.38,99.97,2,0,18,1,5,-0.366,Electronics,19,0,2.73,160,18141.43
6244,150.7,123.6,3,0,14,0,1,1.366,Food,95,0,1.56,78,11754.35
6245,153.82,157.74,4,0,5,0,4,0.0,Toys,10,0,1.13,92,14151.08
6246,125.28,120.78,4,0,19,1,12,-0.0,Food,37,0,3.85,130,16285.89
6247,41.69,38.94,2,0,21,1,6,-0.0,Clothing,77,1,1.58,230,9588.61
6248,161.51,178.23,4,0,6,0,7,0.366,Clothing,17,0,2.19,85,13728.34
6249,146.82,163.6,3,0,23,0,7,0.366,Books,55,0,2.61,79,11598.87
6250,26.37,19.18,1,0,13,0,8,0.0,Clothing,5,0,3.82,180,4745.84
6251,98.12,88.63,2,0,21,1,5,-0.366,Electronics,21,0,2.55,159,15601.69
6252,43.06,40.78,0,0,3,0,6,-0.0,Clothing,39,1,2.55,252,10850.04
6253,74.12,56.19,2,0,8,0,11,-1.366,Books,20,0,4.18,121,8968.6
6254,13.44,11.31,2,0,6,0,11,-1.366,Toys,71,1,1.03,193,2593.03
6255,86.06,62.91,1,0,14,0,2,1.7321,Books,15,0,4.02,202,17384.66
6256,114.48,148.56,5,1,2,0,12,-0.0,Toys,79,1,3.09,213,24383.52
6257,127.72,145.85,5,1,4,0,10,-1.7321,Books,53,1,3.17,94,12005.75
6258,136.06,102.38,0,0,16,0,12,-0.0,Clothing,87,1,2.38,139,18912.78
6259,168.9,120.28,0,0,23,0,2,1.7321,Food,33,0,1.37,47,7938.08
6260,50.94,57.64,0,0,0,0,3,1.0,Electronics,44,1,1.36,225,11461.04
6261,32.89,31.69,5,1,0,0,4,0.0,Food,66,0,2.36,169,5558.67
6262,171.79,201.35,6,1,15,0,6,-0.0,Electronics,50,0,3.88,146,25081.64
6263,39.76,49.86,1,0,22,0,6,-0.0,Clothing,32,0,4.57,185,7354.94
6264,195.2,206.83,4,0,13,0,3,1.0,Books,79,0,4.25,96,18739.62
6265,170.08,138.15,0,0,10,1,1,1.366,Books,71,0,4.19,141,23981.6
6266,105.17,122.97,4,0,13,0,3,1.0,Toys,73,1,1.02,202,21243.64
6267,196.47,250.2,3,0,7,0,4,0.0,Food,55,0,1.77,47,9234.09
6268,28.5,29.87,1,0,18,1,9,-1.0,Electronics,28,0,4.78,230,6555.36
6269,67.58,74.96,4,0,1,0,10,-1.7321,Books,86,0,4.48,75,5068.69
6270,131.26,118.46,5,1,22,0,8,0.0,Clothing,3,0,1.51,71,9319.65
6271,76.5,71.06,6,1,9,1,4,0.0,Books,53,0,3.54,178,13617.23
6272,186.39,212.63,5,1,4,0,7,0.366,Toys,42,0,2.73,123,22926.07
6273,22.47,28.24,0,0,14,0,9,-1.0,Books,2,0,1.03,108,2426.65
6274,114.39,123.24,6,1,0,0,2,1.7321,Clothing,22,1,4.2,236,26995.63
6275,122.26,143.53,0,0,1,0,3,1.0,Books,25,0,4.77,167,20418.19
6276,134.02,107.61,6,1,18,1,1,1.366,Electronics,89,0,4.68,215,28813.94
6277,58.58,48.45,4,0,21,1,8,0.0,Electronics,32,0,2.54,192,11246.7
6278,79.27,80.79,5,1,16,0,2,1.7321,Books,7,0,4.15,188,14902.31
6279,170.3,137.25,4,0,14,0,7,0.366,Clothing,62,1,2.99,96,16348.73
6280,47.04,50.85,3,0,23,0,7,0.366,Clothing,31,1,4.92,262,12324.25
6281,167.1,146.22,1,0,17,1,11,-1.366,Books,63,0,4.85,73,12198.66
6282,116.9,137.35,5,1,20,1,3,1.0,Clothing,37,0,4.09,228,26654.23
6283,154.82,183.44,2,0,7,0,2,1.7321,Electronics,68,0,2.89,200,30963.13
6284,145.59,142.42,5,1,20,1,3,1.0,Electronics,97,0,4.61,201,29262.67
6285,49.43,39.96,3,0,13,0,12,-0.0,Electronics,79,0,1.9,142,7018.66
6286,118.07,128.47,5,1,7,0,8,0.0,Toys,9,0,1.86,142,16766.57
6287,174.87,226.57,3,0,21,1,12,-0.0,Food,70,0,3.23,127,22208.16
6288,92.1,98.88,5,1,22,0,9,-1.0,Electronics,46,1,4.28,205,18880.93
6289,193.65,139.71,3,0,7,0,11,-1.366,Books,95,1,1.25,7,1355.57
6290,95.92,68.14,6,1,18,1,8,0.0,Toys,34,0,4.14,166,15922.86
6291,37.13,33.13,0,0,12,1,11,-1.366,Books,60,0,4.8,212,7871.41
6292,83.99,68.66,4,0,4,0,2,1.7321,Clothing,13,1,3.18,240,20158.22
6293,190.82,226.67,5,1,9,1,12,-0.0,Food,36,0,1.85,46,8777.88
6294,70.75,85.38,1,0,6,0,9,-1.0,Toys,96,1,3.53,181,12805.2
6295,174.94,149.6,0,0,8,0,6,-0.0,Clothing,86,0,1.79,26,4548.4
6296,177.44,158.88,3,0,13,0,12,-0.0,Clothing,48,0,2.56,57,10113.94
6297,76.54,64.42,1,0,5,0,2,1.7321,Electronics,93,0,3.8,225,17220.47
6298,25.82,32.15,0,0,9,1,9,-1.0,Books,75,1,2.53,245,6325.64
6299,147.67,147.9,2,0,0,0,5,-0.366,Clothing,6,1,2.94,123,18162.92
6300,69.19,75.67,5,1,10,1,6,-0.0,Clothing,5,0,3.18,204,14114.22
6301,158.76,150.7,5,1,7,0,1,1.366,Clothing,65,0,2.36,126,20003.19
6302,94.1,101.5,3,0,5,0,12,-0.0,Food,50,0,1.31,91,8563.5
6303,102.2,95.2,0,0,16,0,2,1.7321,Toys,74,0,3.04,189,19315.93
6304,157.8,142.62,0,0,3,0,1,1.366,Electronics,74,1,2.95,197,31087.15
6305,82.65,89.32,3,0,5,0,4,0.0,Toys,24,0,2.71,131,10827.02
6306,94.19,99.34,2,0,14,0,2,1.7321,Clothing,7,1,1.74,240,22606.61
6307,81.48,71.38,5,1,9,1,1,1.366,Food,86,1,1.21,218,17761.81
6308,79.79,63.01,4,0,16,0,3,1.0,Clothing,58,0,4.31,197,15719.56
6309,109.93,101.26,2,0,9,1,4,0.0,Books,21,1,3.13,201,22095.9
6310,163.67,155.34,3,0,4,0,4,0.0,Toys,86,0,4.92,109,17840.24
6311,78.74,84.82,4,0,18,1,3,1.0,Electronics,33,0,4.91,265,20865.03
6312,109.61,136.87,0,0,6,0,2,1.7321,Food,44,0,3.32,160,17537.34
6313,137.44,99.19,6,1,23,0,12,-0.0,Toys,25,0,2.96,91,12506.88
6314,61.19,51.78,6,1,18,1,8,0.0,Clothing,95,0,1.75,186,11381.99
6315,62.73,51.2,2,0,9,1,10,-1.7321,Electronics,80,1,2.52,186,11667.66
6316,187.35,187.61,6,1,18,1,11,-1.366,Food,15,1,4.14,105,19671.59
6317,147.47,141.25,2,0,10,1,2,1.7321,Clothing,29,0,4.85,219,32296.27
6318,119.67,136.11,6,1,2,0,5,-0.366,Clothing,83,0,3.4,125,14958.18
6319,133.07,112.5,5,1,10,1,7,0.366,Toys,52,0,3.47,139,18496.29
6320,15.57,16.45,6,1,5,0,9,-1.0,Clothing,17,0,4.77,191,2973.28
6321,127.44,156.79,5,1,5,0,12,-0.0,Clothing,90,0,1.51,120,15292.75
6322,106.81,133.12,4,0,14,0,3,1.0,Food,100,0,3.45,139,14846.13
6323,113.69,144.99,0,0,2,0,1,1.366,Clothing,36,1,3.34,242,27513.57
6324,78.29,91.13,2,0,21,1,9,-1.0,Books,35,0,1.82,144,11273.84
6325,25.48,31.69,4,0,10,1,1,1.366,Books,40,0,4.1,251,6395.49
6326,46.73,39.29,2,0,7,0,8,0.0,Electronics,23,0,1.48,151,7056.9
6327,190.64,156.05,6,1,22,0,2,1.7321,Books,73,1,1.25,128,24402.11
6328,87.65,61.7,5,1,22,0,7,0.366,Books,34,0,2.94,131,11482.53
6329,98.67,110.92,0,0,7,0,12,-0.0,Toys,58,0,2.2,108,10656.34
6330,20.01,25.27,6,1,22,0,3,1.0,Books,82,0,2.74,214,4283.18
6331,17.14,13.92,0,0,15,0,6,-0.0,Clothing,80,0,1.45,166,2844.84
6332,146.26,158.28,1,0,2,0,6,-0.0,Toys,61,0,2.81,88,12871.27
6333,112.24,128.84,4,0,7,0,4,0.0,Books,96,0,2.76,109,12233.94
6334,106.65,134.02,5,1,7,0,8,0.0,Clothing,28,0,4.87,167,17811.24
6335,56.19,61.15,5,1,12,1,12,-0.0,Electronics,60,0,3.89,205,11519.7
6336,151.5,194.25,5,1,0,0,12,-0.0,Toys,32,0,4.68,144,21816.38
6337,41.96,38.05,6,1,9,1,5,-0.366,Clothing,58,1,4.12,254,10659.1
6338,46.09,41.94,3,0,4,0,7,0.366,Toys,82,0,4.15,216,9954.92
6339,97.54,100.05,2,0,4,0,5,-0.366,Electronics,44,0,4.46,170,16581.0
6340,64.39,59.89,0,0,16,0,12,-0.0,Electronics,34,0,2.02,145,9337.01
6341,57.02,39.96,2,0,21,1,4,0.0,Toys,93,0,2.71,223,12715.01
6342,132.6,151.03,2,0,13,0,6,-0.0,Clothing,21,0,4.5,110,14585.47
6343,133.68,153.88,3,0,5,0,3,1.0,Food,1,0,1.27,124,16576.89
6344,166.66,191.35,0,0,13,0,6,-0.0,Toys,55,0,1.22,82,13665.98
6345,89.36,81.05,1,0,11,1,6,-0.0,Food,80,0,3.59,173,15460.08
6346,23.89,24.21,5,1,19,1,11,-1.366,Clothing,49,0,4.64,189,4514.49
6347,62.0,56.79,4,0,21,1,11,-1.366,Books,97,0,4.18,154,9547.48
6348,196.2,139.23,2,0,21,1,6,-0.0,Toys,21,0,4.2,112,21974.52
6349,123.29,127.91,3,0,0,0,11,-1.366,Electronics,99,0,2.44,87,10726.15
6350,144.85,112.15,3,0,4,0,3,1.0,Books,55,1,3.37,150,21727.51
6351,11.4,8.53,4,0,17,1,8,0.0,Clothing,27,0,4.09,252,2872.29
6352,108.46,125.09,4,0,13,0,4,0.0,Electronics,20,0,4.17,162,17570.37
6353,17.13,12.09,6,1,6,0,11,-1.366,Toys,95,0,3.32,121,2072.78
6354,118.15,150.69,0,0,14,0,2,1.7321,Clothing,16,0,4.2,188,22212.9
6355,184.95,186.64,2,0,8,0,7,0.366,Toys,78,0,1.11,68,12576.36
6356,194.0,250.22,2,0,14,0,11,-1.366,Books,48,0,4.77,38,7371.99
6357,112.71,82.82,4,0,15,0,8,0.0,Toys,32,1,4.48,187,21075.84
6358,97.06,101.92,5,1,8,0,11,-1.366,Electronics,32,1,1.21,131,12714.72
6359,189.55,172.42,6,1,6,0,4,0.0,Toys,53,0,2.68,77,14595.6
6360,137.99,166.42,1,0,6,0,6,-0.0,Books,53,0,4.68,130,17938.16
6361,22.33,20.47,2,0,16,0,8,0.0,Books,2,0,3.05,190,4242.86
6362,98.49,84.33,3,0,10,1,5,-0.366,Electronics,57,0,1.37,183,18023.28
6363,55.65,67.58,5,1,5,0,9,-1.0,Food,22,0,4.87,129,7178.41
6364,99.26,91.8,4,0,13,0,6,-0.0,Food,52,0,2.43,92,9132.18
6365,96.54,68.55,2,0,14,0,6,-0.0,Toys,81,0,3.06,105,10136.54
6366,120.61,112.67,0,0,20,1,12,-0.0,Books,96,1,3.53,228,27498.51
6367,77.79,85.0,4,0,7,0,2,1.7321,Clothing,81,0,4.33,224,17424.15
6368,41.21,35.14,3,0,23,0,7,0.366,Clothing,58,0,4.49,184,7582.89
6369,105.71,101.39,0,0,3,0,9,-1.0,Books,34,0,3.61,98,10359.26
6370,167.74,123.12,6,1,0,0,5,-0.366,Clothing,71,0,4.79,89,14928.73
6371,136.16,143.36,4,0,5,0,5,-0.366,Electronics,93,1,1.88,170,23147.59
6372,74.29,85.71,4,0,0,0,12,-0.0,Toys,17,0,4.62,155,11514.93
6373,187.75,177.98,2,0,20,1,11,-1.366,Books,88,0,1.76,41,7697.72
6374,183.32,174.55,0,0,4,0,5,-0.366,Toys,72,0,4.58,70,12832.36
6375,49.78,37.48,6,1,18,1,1,1.366,Electronics,23,0,1.86,248,12344.5
6376,17.49,14.36,4,0,4,0,5,-0.366,Clothing,33,0,3.88,173,3025.66
6377,150.85,119.59,5,1,21,1,10,-1.7321,Books,29,0,4.27,71,10710.25
6378,167.25,165.41,3,0,4,0,8,0.0,Electronics,19,0,2.56,116,19400.53
6379,193.89,197.3,0,0,16,0,3,1.0,Electronics,69,1,1.45,149,28890.25
6380,179.07,227.3,5,1,11,1,9,-1.0,Toys,37,0,2.45,111,19876.65
6381,124.1,92.32,2,0,6,0,9,-1.0,Books,87,0,1.25,41,5088.17
6382,110.71,117.34,1,0,14,0,6,-0.0,Toys,26,0,3.64,157,17381.46
6383,15.29,15.53,6,1,18,1,4,0.0,Toys,24,1,3.79,274,4189.41
6384,56.86,57.42,4,0,22,0,4,0.0,Electronics,54,1,2.07,215,12225.92
6385,97.33,119.12,1,0,20,1,11,-1.366,Toys,21,0,3.61,156,15182.98
6386,129.42,106.55,4,0,12,1,1,1.366,Clothing,97,1,1.23,186,24071.33
6387,115.88,83.95,5,1,11,1,10,-1.7321,Clothing,90,0,1.13,108,12514.81
6388,151.1,166.72,2,0,18,1,5,-0.366,Electronics,10,1,2.63,197,29766.87
6389,63.16,57.29,2,0,12,1,5,-0.366,Toys,42,0,2.94,179,11304.87
6390,117.34,83.38,2,0,5,0,5,-0.366,Clothing,29,0,1.07,78,9152.6
6391,26.75,22.76,2,0,0,0,12,-0.0,Food,57,0,3.36,184,4921.45
6392,88.6,78.46,0,0,5,0,1,1.366,Food,35,0,4.33,193,17099.11
6393,152.53,163.22,0,0,12,1,1,1.366,Toys,28,0,2.64,177,26997.91
6394,141.75,113.9,4,0,12,1,10,-1.7321,Electronics,12,0,3.99,129,18285.25
6395,198.22,187.88,0,0,12,1,12,-0.0,Clothing,58,0,1.6,72,14271.99
6396,62.8,62.14,4,0,19,1,2,1.7321,Books,44,1,3.12,302,18965.39
6397,104.66,102.1,6,1,3,0,1,1.366,Books,7,0,4.16,174,18210.14
6398,72.61,93.26,0,0,4,0,8,0.0,Clothing,16,0,3.73,143,10383.34
6399,93.71,68.16,0,0,12,1,12,-0.0,Toys,84,1,4.12,220,20617.21
6400,172.82,219.58,0,0,8,0,12,-0.0,Food,93,0,3.88,54,9332.31
6401,140.0,146.88,6,1,16,0,4,0.0,Food,35,0,1.48,60,8399.98
6402,177.66,209.19,3,0,2,0,6,-0.0,Clothing,92,0,1.41,72,12791.8
6403,48.67,46.63,6,1,19,1,8,0.0,Food,7,0,4.9,226,10998.77
6404,175.94,171.07,2,0,17,1,5,-0.366,Clothing,86,0,2.93,121,21288.57
6405,21.35,26.22,6,1,14,0,6,-0.0,Electronics,14,1,3.93,235,5018.39
6406,178.83,221.32,3,0,22,0,4,0.0,Food,59,1,3.73,92,16452.72
6407,72.52,61.15,0,0,0,0,6,-0.0,Toys,100,0,1.18,123,8920.45
6408,69.77,57.18,0,0,8,0,6,-0.0,Food,62,0,2.99,139,9698.26
6409,107.3,107.05,3,0,5,0,3,1.0,Clothing,74,0,3.09,131,14055.88
6410,188.73,234.06,5,1,17,1,4,0.0,Books,66,0,4.23,152,28687.13
6411,19.08,17.04,4,0,0,0,6,-0.0,Food,22,0,4.85,215,4101.87
6412,76.92,83.94,2,0,21,1,8,0.0,Clothing,16,0,2.16,182,14000.15
6413,172.75,194.32,6,1,6,0,7,0.366,Food,99,0,1.24,57,9846.67
6414,85.25,99.5,4,0,9,1,4,0.0,Food,75,1,2.9,211,17987.82
6415,47.84,49.67,5,1,5,0,3,1.0,Food,43,0,1.12,141,6745.41
6416,90.71,85.4,2,0,6,0,11,-1.366,Books,97,0,2.54,98,8889.67
6417,83.25,106.58,1,0,5,0,8,0.0,Clothing,98,0,2.09,155,12904.52
6418,183.93,196.22,2,0,7,0,6,-0.0,Electronics,97,1,1.97,166,30532.23
6419,154.77,175.99,6,1,1,0,12,-0.0,Toys,83,0,1.01,99,15321.99
6420,105.97,96.12,4,0,8,0,8,0.0,Books,20,0,2.0,91,9643.45
6421,197.79,217.96,2,0,8,0,9,-1.0,Toys,10,0,2.28,22,4351.39
6422,98.4,84.1,1,0,6,0,9,-1.0,Toys,19,0,4.64,82,8069.02
6423,21.07,17.84,1,0,8,0,10,-1.7321,Electronics,12,0,1.35,92,1938.0
6424,59.83,67.54,0,0,16,0,11,-1.366,Food,10,0,4.07,117,7000.36
6425,92.85,94.05,6,1,2,0,9,-1.0,Electronics,71,0,3.9,114,10585.29
6426,39.81,44.19,1,0,15,0,10,-1.7321,Toys,56,0,2.31,94,3742.28
6427,190.04,163.75,3,0,15,0,1,1.366,Books,11,0,4.63,76,14442.84
6428,155.7,164.92,4,0,1,0,12,-0.0,Toys,80,0,3.62,112,17438.54
6429,60.97,58.92,3,0,10,1,3,1.0,Toys,97,1,1.39,277,16889.96
6430,122.25,129.37,5,1,15,0,9,-1.0,Electronics,61,0,1.82,138,16870.89
6431,147.08,128.62,3,0,14,0,4,0.0,Clothing,38,0,2.6,109,16031.21
6432,188.84,213.25,4,0,0,0,10,-1.7321,Toys,17,0,4.87,53,10008.68
6433,177.51,210.09,5,1,20,1,12,-0.0,Clothing,54,0,2.06,101,17928.58
6434,107.89,92.35,3,0,16,0,2,1.7321,Food,45,0,2.71,148,15967.21
6435,157.18,138.38,3,0,2,0,1,1.366,Toys,25,0,3.24,131,20591.1
6436,116.81,128.1,6,1,21,1,5,-0.366,Electronics,31,0,2.42,172,20090.89
6437,115.01,128.51,5,1,21,1,4,0.0,Food,65,0,3.8,140,16101.92
6438,31.8,35.7,3,0,18,1,5,-0.366,Books,39,1,3.64,253,8045.65
6439,33.97,37.69,1,0,19,1,11,-1.366,Toys,20,0,1.24,173,5876.14
6440,110.61,103.5,4,0,6,0,5,-0.366,Electronics,73,0,2.71,143,15817.43
6441,61.08,57.23,4,0,21,1,8,0.0,Toys,43,0,4.12,209,12766.49
6442,14.0,11.94,4,0,10,1,6,-0.0,Electronics,66,0,3.56,243,3401.27
6443,147.34,117.0,3,0,17,1,3,1.0,Electronics,1,0,2.84,191,28141.83
6444,16.17,18.04,1,0,13,0,9,-1.0,Clothing,55,0,3.92,164,2652.28
6445,123.1,93.05,4,0,15,0,8,0.0,Toys,51,0,3.68,105,12925.77
6446,112.45,141.98,2,0,5,0,9,-1.0,Electronics,5,0,4.35,155,17429.26
6447,194.07,232.12,4,0,1,0,4,0.0,Electronics,12,1,1.2,157,30469.74
6448,102.0,123.88,0,0,22,0,8,0.0,Food,14,1,3.14,169,17238.08
6449,22.08,27.47,2,0,10,1,11,-1.366,Toys,60,0,3.64,183,4041.42
6450,114.82,108.52,4,0,10,1,3,1.0,Food,96,0,3.7,194,22275.22
6451,169.81,205.13,3,0,9,1,5,-0.366,Clothing,40,0,4.69,138,23433.54
6452,199.4,158.49,4,0,3,0,7,0.366,Clothing,9,0,2.65,23,4586.23
6453,91.77,65.43,1,0,16,0,1,1.366,Electronics,42,0,4.18,212,19454.22
6454,70.86,82.97,1,0,9,1,1,1.366,Electronics,42,0,4.14,242,17147.34
6455,182.26,135.76,4,0,8,0,3,1.0,Electronics,33,1,2.08,148,26975.09
6456,46.34,59.92,6,1,12,1,4,0.0,Toys,25,0,2.07,210,9730.56
6457,126.93,140.24,3,0,10,1,1,1.366,Toys,78,0,4.77,216,27417.2
6458,87.09,100.33,3,0,9,1,8,0.0,Books,9,0,2.3,168,14630.4
6459,17.81,15.09,3,0,23,0,2,1.7321,Electronics,91,0,2.66,233,4148.72
6460,75.98,83.91,4,0,4,0,11,-1.366,Food,44,0,3.42,89,6762.65
6461,60.39,43.84,4,0,2,0,5,-0.366,Books,83,1,2.27,147,8877.83
6462,140.36,168.81,0,0,3,0,6,-0.0,Toys,58,1,3.65,192,26948.61
6463,190.27,152.55,1,0,2,0,11,-1.366,Toys,25,0,2.16,14,2663.78
6464,60.93,68.14,6,1,9,1,6,-0.0,Electronics,32,0,3.11,218,13282.51
6465,164.18,137.04,2,0,23,0,6,-0.0,Food,22,0,3.24,29,4761.18
6466,20.52,15.21,2,0,12,1,11,-1.366,Food,93,0,4.2,180,3693.31
6467,112.24,111.0,1,0,4,0,1,1.366,Clothing,55,0,4.44,180,20203.74
6468,23.4,18.76,5,1,12,1,3,1.0,Electronics,92,0,3.73,281,6576.67
6469,187.47,213.27,0,0,23,0,3,1.0,Toys,61,0,2.08,123,23058.35
6470,155.61,131.1,1,0,0,0,8,0.0,Electronics,57,0,2.86,139,21629.34
6471,135.01,122.25,0,0,10,1,6,-0.0,Electronics,77,0,3.25,165,22276.73
6472,166.54,173.28,5,1,2,0,2,1.7321,Clothing,61,0,2.19,123,20484.46
6473,133.03,115.87,0,0,16,0,1,1.366,Clothing,92,0,4.76,172,22880.95
6474,194.1,179.89,3,0,18,1,4,0.0,Books,67,0,1.43,50,9704.97
6475,145.65,173.23,1,0,12,1,1,1.366,Electronics,94,0,4.33,243,35393.44
6476,185.69,149.95,2,0,15,0,5,-0.366,Toys,75,0,2.71,62,11512.48
6477,108.26,81.12,4,0,17,1,12,-0.0,Clothing,2,1,4.78,246,26630.74
6478,32.24,28.92,5,1,22,0,11,-1.366,Books,57,0,3.13,120,3869.07
6479,110.35,105.35,5,1,19,1,8,0.0,Books,73,0,3.92,158,17435.9
6480,34.11,34.98,4,0,22,0,10,-1.7321,Books,33,0,3.94,131,4467.86
6481,122.57,113.19,1,0,18,1,2,1.7321,Toys,90,0,3.79,188,23043.87
6482,101.67,119.36,6,1,5,0,8,0.0,Clothing,63,0,1.2,106,10777.41
6483,128.29,92.83,4,0,22,0,8,0.0,Food,16,0,3.49,72,9236.83
6484,11.91,11.42,0,0,6,0,6,-0.0,Toys,89,1,4.58,279,3322.59
6485,47.02,43.7,4,0,14,0,8,0.0,Electronics,1,1,4.37,260,12225.12
6486,103.35,112.5,0,0,4,0,2,1.7321,Food,85,0,4.66,160,16536.45
6487,190.6,243.92,0,0,15,0,7,0.366,Toys,64,0,2.78,103,19631.35
6488,82.89,83.4,2,0,5,0,12,-0.0,Clothing,84,0,2.82,114,9448.97
6489,90.63,117.11,4,0,2,0,8,0.0,Books,69,0,4.23,173,15679.11
6490,145.79,128.49,6,1,11,1,4,0.0,Toys,17,1,2.21,198,28866.87
6491,124.72,89.61,2,0,3,0,9,-1.0,Electronics,40,1,4.06,133,16587.84
6492,66.8,53.4,6,1,21,1,11,-1.366,Electronics,1,0,3.02,203,13559.58
6493,88.06,82.51,4,0,2,0,6,-0.0,Electronics,13,0,2.06,159,14000.76
6494,51.36,45.7,6,1,15,0,12,-0.0,Food,18,0,3.57,154,7909.9
6495,193.54,146.75,0,0,15,0,3,1.0,Books,68,0,2.18,26,5032.15
6496,34.82,33.41,6,1,22,0,4,0.0,Toys,14,0,3.69,177,6163.23
6497,80.65,72.82,4,0,18,1,12,-0.0,Food,5,0,3.28,170,13710.33
6498,14.91,11.53,5,1,14,0,4,0.0,Toys,62,1,3.89,234,3488.8
6499,52.14,45.76,5,1,8,0,1,1.366,Clothing,33,1,3.4,243,12669.56
6500,158.29,194.99,2,0,19,1,10,-1.7321,Clothing,26,0,4.03,86,13612.9
6501,48.22,42.5,3,0,1,0,1,1.366,Toys,61,0,4.98,225,10850.24
6502,25.21,28.45,5,1,5,0,1,1.366,Food,68,0,2.87,204,5143.26
6503,100.15,106.88,6,1,13,0,4,0.0,Electronics,30,1,3.39,208,20830.39
6504,11.89,11.37,2,0,8,0,1,1.366,Food,62,1,1.41,272,3235.21
6505,26.11,22.02,6,1,9,1,6,-0.0,Food,62,0,4.8,237,6187.02
6506,163.45,150.6,3,0,17,1,2,1.7321,Toys,81,0,3.39,208,33997.37
6507,156.58,165.23,1,0,14,0,1,1.366,Food,92,0,1.41,85,13309.29
6508,183.88,167.41,2,0,3,0,7,0.366,Clothing,70,0,2.6,64,11768.09
6509,172.36,142.87,5,1,4,0,6,-0.0,Toys,57,0,1.33,81,13960.99
6510,139.8,107.63,5,1,22,0,1,1.366,Toys,91,0,2.99,137,19153.06
6511,19.94,24.49,4,0,20,1,12,-0.0,Toys,36,0,2.11,216,4307.74
6512,158.74,153.06,3,0,5,0,10,-1.7321,Food,7,0,2.36,0,0.0
6513,170.65,183.47,5,1,14,0,12,-0.0,Books,65,0,1.28,75,12798.53
6514,161.83,160.89,4,0,19,1,9,-1.0,Electronics,74,1,4.05,188,30423.21
6515,106.61,130.44,3,0,1,0,6,-0.0,Electronics,77,0,4.36,173,18443.71
6516,54.25,55.78,2,0,15,0,2,1.7321,Clothing,41,0,1.56,208,11284.28
6517,170.61,168.65,2,0,4,0,7,0.366,Toys,32,0,4.0,104,17743.72
6518,148.16,185.91,4,0,22,0,3,1.0,Electronics,14,1,1.51,214,31706.44
6519,196.34,222.23,2,0,3,0,7,0.366,Food,33,1,1.34,61,11977.02
6520,39.58,30.36,4,0,0,0,9,-1.0,Food,30,1,1.46,162,6412.22
6521,52.88,42.65,0,0,7,0,5,-0.366,Food,73,0,1.13,115,6080.77
6522,50.24,58.9,6,1,20,1,1,1.366,Clothing,6,0,2.5,243,12208.72
6523,160.58,192.94,3,0,9,1,5,-0.366,Toys,10,0,4.81,176,28262.53
6524,45.51,46.75,4,0,14,0,8,0.0,Electronics,75,0,4.6,207,9421.06
6525,22.67,23.41,3,0,1,0,8,0.0,Toys,20,0,2.33,209,4737.06
6526,199.73,215.54,0,0,18,1,3,1.0,Toys,89,0,4.18,136,27162.81
6527,14.72,14.18,3,0,11,1,4,0.0,Food,12,0,4.3,229,3369.8
6528,168.7,186.94,4,0,9,1,12,-0.0,Electronics,22,0,1.61,157,26485.33
6529,79.42,60.76,6,1,11,1,8,0.0,Clothing,76,0,1.92,167,13263.09
6530,169.91,216.93,6,1,20,1,8,0.0,Toys,14,1,3.76,234,39758.22
6531,115.38,132.7,2,0,19,1,7,0.366,Books,48,0,2.06,132,15229.88
6532,181.31,195.58,6,1,8,0,6,-0.0,Food,54,0,4.75,66,11966.46
6533,185.98,165.48,6,1,7,0,4,0.0,Books,36,1,1.92,70,13018.37
6534,11.73,9.34,3,0,1,0,10,-1.7321,Clothing,61,0,4.2,135,1583.37
6535,24.33,23.0,3,0,20,1,9,-1.0,Clothing,55,0,4.03,205,4987.3
6536,57.57,63.15,5,1,23,0,2,1.7321,Clothing,14,0,3.02,213,12262.02
6537,137.17,148.17,5,1,23,0,2,1.7321,Clothing,2,0,2.05,199,27296.82
6538,178.77,166.18,0,0,6,0,1,1.366,Electronics,2,0,1.14,150,26815.76
6539,97.39,104.01,1,0,3,0,11,-1.366,Books,61,1,4.31,159,15484.85
6540,125.32,148.92,6,1,18,1,12,-0.0,Food,6,0,2.51,126,15790.94
6541,45.81,32.79,2,0,7,0,3,1.0,Books,25,1,2.36,228,10445.81
6542,162.94,158.12,6,1,23,0,3,1.0,Electronics,67,0,1.18,111,18086.75
6543,193.79,223.86,4,0,12,1,4,0.0,Toys,23,1,1.61,174,33719.87
6544,61.03,62.72,0,0,20,1,3,1.0,Clothing,73,0,2.47,200,12206.76
6545,104.02,113.47,4,0,2,0,10,-1.7321,Toys,95,0,3.76,77,8009.3
6546,26.36,26.63,4,0,4,0,6,-0.0,Clothing,28,0,1.83,172,4534.27
6547,116.24,150.54,3,0,19,1,9,-1.0,Food,25,0,1.65,94,10926.18
6548,105.53,77.33,0,0,7,0,8,0.0,Clothing,99,0,2.05,88,9286.54
6549,37.44,37.24,0,0,1,0,6,-0.0,Clothing,65,0,2.13,156,5841.1
6550,93.99,70.95,5,1,23,0,8,0.0,Toys,66,0,2.64,133,12501.01
6551,73.48,58.48,2,0,9,1,8,0.0,Toys,79,0,2.44,189,13887.7
6552,109.15,101.49,1,0,21,1,10,-1.7321,Toys,43,0,1.3,80,8731.83
6553,121.27,96.21,4,0,15,0,6,-0.0,Electronics,40,1,3.47,192,23284.67
6554,11.61,14.85,6,1,3,0,2,1.7321,Clothing,80,1,1.52,293,3402.95
6555,154.59,196.03,2,0,13,0,5,-0.366,Toys,23,0,4.47,157,24270.81
6556,145.47,131.17,6,1,2,0,4,0.0,Electronics,49,0,4.44,145,21093.54
6557,79.59,86.27,5,1,9,1,12,-0.0,Food,99,0,1.29,118,9392.14
6558,20.06,20.46,2,0,12,1,6,-0.0,Food,8,1,2.65,280,5616.19
6559,153.44,182.49,4,0,4,0,2,1.7321,Clothing,7,0,2.91,174,26698.07
6560,191.48,206.13,3,0,21,1,4,0.0,Toys,21,0,4.98,162,31020.29
6561,55.63,38.95,3,0,16,0,8,0.0,Clothing,35,1,2.01,213,11848.94
6562,71.47,82.76,4,0,16,0,1,1.366,Clothing,97,1,3.54,271,19368.28
6563,44.92,51.58,5,1,10,1,3,1.0,Clothing,99,1,2.83,289,12983.17
6564,119.62,120.32,5,1,18,1,4,0.0,Electronics,82,0,4.07,196,23445.1
6565,39.42,48.95,0,0,17,1,2,1.7321,Clothing,61,0,1.99,247,9736.71
6566,77.68,96.71,1,0,16,0,12,-0.0,Food,83,0,3.72,126,9787.28
6567,142.43,144.48,6,1,10,1,2,1.7321,Toys,74,1,1.52,224,31904.87
6568,116.42,123.97,3,0,14,0,6,-0.0,Books,68,0,1.06,105,12224.31
6569,83.43,108.28,1,0,7,0,6,-0.0,Books,30,1,1.07,164,13682.17
6570,89.85,79.0,2,0,11,1,3,1.0,Books,97,1,2.97,246,22102.47
6571,116.8,104.51,6,1,16,0,8,0.0,Toys,68,0,4.08,138,16118.55
6572,11.11,9.0,6,1,23,0,12,-0.0,Clothing,9,0,3.31,205,2278.43
6573,24.92,30.84,6,1,4,0,3,1.0,Toys,17,0,1.15,221,5506.63
6574,177.44,203.47,2,0,3,0,2,1.7321,Toys,43,0,3.21,161,28567.68
6575,24.8,18.93,4,0,23,0,5,-0.366,Electronics,88,0,1.45,161,3992.32
6576,144.29,186.0,4,0,23,0,7,0.366,Toys,57,0,4.86,182,26261.27
6577,184.81,210.42,4,0,10,1,1,1.366,Electronics,13,0,2.41,187,34558.96
6578,61.43,74.35,6,1,7,0,2,1.7321,Food,57,0,3.01,200,12285.98
6579,80.39,58.6,5,1,15,0,2,1.7321,Electronics,26,0,2.35,193,15515.92
6580,118.1,118.45,3,0,15,0,8,0.0,Books,61,0,2.87,111,13108.55
6581,177.52,198.68,1,0,2,0,10,-1.7321,Electronics,62,0,4.83,98,17397.42
6582,188.96,193.83,2,0,11,1,6,-0.0,Food,19,0,2.04,32,6046.79
6583,150.52,165.57,1,0,23,0,4,0.0,Toys,81,1,3.87,148,22276.52
6584,26.46,31.5,3,0,12,1,4,0.0,Books,30,0,4.02,218,5767.79
6585,137.14,126.8,6,1,0,0,5,-0.366,Electronics,90,0,1.76,106,14536.76
6586,87.96,106.36,1,0,3,0,3,1.0,Clothing,13,0,3.92,168,14776.89
6587,99.43,79.32,6,1,20,1,12,-0.0,Toys,49,0,3.59,149,14815.55
6588,19.34,16.68,1,0,5,0,4,0.0,Books,82,0,2.16,161,3113.45
6589,46.3,33.62,5,1,4,0,12,-0.0,Books,85,0,3.09,151,6991.57
6590,160.2,147.17,4,0,4,0,4,0.0,Electronics,98,0,3.36,108,17301.34
6591,96.25,89.32,5,1,20,1,7,0.366,Toys,51,0,4.35,207,19924.2
6592,67.32,79.65,5,1,9,1,7,0.366,Toys,9,0,1.5,209,14069.01
6593,82.96,90.59,6,1,18,1,1,1.366,Clothing,94,1,4.89,317,26299.47
6594,172.34,165.79,1,0,17,1,12,-0.0,Clothing,29,0,4.08,130,22403.67
6595,152.31,166.21,1,0,1,0,3,1.0,Books,93,0,3.14,103,15687.91
6596,61.74,45.17,5,1,15,0,9,-1.0,Books,83,0,4.1,127,7840.97
6597,32.33,26.12,1,0,14,0,6,-0.0,Food,8,1,3.93,227,7337.85
6598,57.88,62.29,5,1,23,0,6,-0.0,Books,81,0,2.84,166,9608.02
6599,184.94,200.63,0,0,4,0,4,0.0,Clothing,76,1,2.34,126,23302.91
6600,120.5,140.32,5,1,20,1,10,-1.7321,Electronics,15,1,4.95,216,26028.41
6601,111.36,104.88,2,0,21,1,9,-1.0,Food,69,0,4.54,134,14922.41
6602,123.31,139.78,2,0,8,0,12,-0.0,Books,34,0,4.8,149,18373.9
6603,79.55,88.33,1,0,22,0,3,1.0,Clothing,52,0,1.19,147,11693.17
6604,163.35,208.77,5,1,4,0,8,0.0,Food,50,0,4.26,62,10127.72
6605,109.42,90.72,5,1,4,0,6,-0.0,Electronics,67,0,4.56,132,14444.02
6606,32.18,33.18,4,0,8,0,12,-0.0,Electronics,5,0,2.91,197,6339.87
6607,34.52,36.63,6,1,8,0,2,1.7321,Clothing,98,0,4.56,228,7871.1
6608,112.0,145.51,4,0,1,0,3,1.0,Toys,9,0,1.4,154,17248.5
6609,187.95,154.25,4,0,6,0,1,1.366,Clothing,88,0,1.24,81,15223.82
6610,68.59,69.54,5,1,0,0,3,1.0,Clothing,5,1,2.17,246,16872.38
6611,175.21,159.04,5,1,19,1,4,0.0,Clothing,27,0,1.1,81,14192.24
6612,155.18,157.59,2,0,1,0,6,-0.0,Toys,84,0,3.74,135,20949.05
6613,57.08,47.91,3,0,11,1,10,-1.7321,Books,47,0,4.71,151,8619.74
6614,16.9,12.32,1,0,5,0,7,0.366,Books,62,0,2.18,212,3583.81
6615,29.35,30.63,2,0,19,1,3,1.0,Electronics,45,0,3.64,247,7249.69
6616,148.41,133.8,4,0,18,1,11,-1.366,Books,66,0,2.87,73,10834.21
6617,47.94,38.79,2,0,15,0,7,0.366,Clothing,23,0,2.02,158,7574.09
6618,80.54,72.03,2,0,3,0,4,0.0,Books,98,0,4.67,160,12886.64
6619,105.32,76.84,2,0,17,1,1,1.366,Toys,61,0,4.83,210,22117.8
6620,147.84,187.79,4,0,4,0,1,1.366,Books,93,0,1.54,139,20549.61
6621,31.51,33.05,3,0,21,1,8,0.0,Clothing,43,0,4.07,237,7468.8
6622,87.21,103.68,0,0,17,1,10,-1.7321,Books,35,0,1.76,138,12034.93
6623,102.16,97.45,1,0,5,0,7,0.366,Electronics,30,0,2.95,141,14405.1
6624,112.76,140.04,1,0,13,0,4,0.0,Books,67,0,2.44,126,14207.4
6625,165.49,163.83,6,1,19,1,1,1.366,Electronics,10,0,1.98,217,35911.01
6626,42.62,44.51,2,0,16,0,6,-0.0,Food,56,0,3.7,178,7586.16
6627,163.49,162.68,3,0,17,1,11,-1.366,Toys,34,1,4.42,178,29100.86
6628,141.65,161.47,4,0,20,1,12,-0.0,Electronics,65,0,4.12,177,25071.5
6629,115.62,120.24,0,0,9,1,11,-1.366,Food,6,1,3.89,130,15030.01
6630,142.91,123.33,0,0,22,0,10,-1.7321,Food,70,0,1.27,0,0.0
6631,88.28,69.51,2,0,23,0,7,0.366,Clothing,43,0,1.39,133,11741.69
6632,36.3,38.61,2,0,18,1,6,-0.0,Food,16,1,2.86,237,8602.04
6633,136.5,135.61,4,0,17,1,12,-0.0,Toys,63,0,3.22,151,20610.8
6634,109.69,83.1,6,1,3,0,6,-0.0,Toys,65,0,3.89,120,13162.53
6635,131.48,123.25,4,0,19,1,8,0.0,Toys,5,1,2.42,200,26296.24
6636,74.22,74.88,5,1,14,0,6,-0.0,Toys,25,0,1.09,130,9648.57
6637,182.3,218.06,4,0,5,0,2,1.7321,Clothing,27,0,1.14,121,22058.86
6638,121.6,90.67,2,0,5,0,7,0.366,Books,42,0,4.42,135,16416.04
6639,26.23,23.84,3,0,2,0,10,-1.7321,Electronics,55,0,1.51,131,3435.67
6640,95.46,113.94,2,0,8,0,4,0.0,Clothing,26,0,4.75,151,14414.88
6641,153.71,167.4,6,1,10,1,11,-1.366,Clothing,16,0,2.33,119,18291.21
6642,160.89,140.61,2,0,4,0,11,-1.366,Electronics,90,0,3.33,72,11583.76
6643,103.97,125.52,0,0,13,0,3,1.0,Electronics,28,0,1.67,179,18611.25
6644,180.0,179.28,4,0,1,0,8,0.0,Books,92,0,2.82,54,9720.11
6645,60.86,60.8,1,0,21,1,10,-1.7321,Books,30,0,4.5,151,9189.41
6646,88.01,113.18,4,0,18,1,12,-0.0,Toys,77,0,4.94,214,18834.94
6647,180.73,229.22,5,1,7,0,12,-0.0,Books,89,0,4.07,64,11566.94
6648,180.29,164.99,3,0,12,1,5,-0.366,Books,45,0,4.06,80,14423.1
6649,140.29,110.03,3,0,18,1,4,0.0,Electronics,19,0,4.54,210,29459.94
6650,173.21,155.09,4,0,4,0,11,-1.366,Food,13,1,1.98,29,5022.98
6651,26.87,19.3,4,0,14,0,4,0.0,Toys,75,1,3.95,236,6340.59
6652,174.35,124.22,2,0,3,0,5,-0.366,Toys,23,1,3.23,120,20921.89
6653,70.92,66.47,1,0,3,0,12,-0.0,Clothing,14,1,2.05,181,12836.12
6654,43.88,55.49,6,1,17,1,4,0.0,Books,74,0,1.22,203,8908.25
6655,55.48,67.84,2,0,23,0,3,1.0,Books,98,0,1.8,202,11207.01
6656,89.41,90.03,0,0,18,1,4,0.0,Electronics,23,0,3.6,208,18598.12
6657,57.73,59.99,0,0,19,1,10,-1.7321,Books,40,1,3.28,170,9813.5
6658,70.91,49.89,3,0,21,1,5,-0.366,Clothing,64,0,1.28,143,10139.82
6659,35.65,29.56,3,0,8,0,12,-0.0,Electronics,85,0,3.25,190,6772.72
6660,66.27,47.38,1,0,14,0,2,1.7321,Toys,59,0,2.56,203,13453.54
6661,118.73,136.87,3,0,11,1,7,0.366,Books,20,0,1.06,157,18641.23
6662,93.95,73.98,5,1,3,0,5,-0.366,Books,32,0,4.64,97,9113.36
6663,75.88,92.68,0,0,2,0,9,-1.0,Clothing,78,0,2.03,120,9105.19
6664,151.83,164.88,1,0,4,0,6,-0.0,Clothing,24,0,3.21,96,14575.29
6665,179.77,150.58,0,0,16,0,11,-1.366,Electronics,46,1,3.36,109,19594.59
6666,153.79,122.21,4,0,4,0,1,1.366,Toys,18,0,3.0,117,17993.42
6667,73.08,78.68,4,0,3,0,9,-1.0,Clothing,94,0,1.96,123,8988.86
6668,151.44,187.87,1,0,20,1,5,-0.366,Clothing,92,1,2.63,190,28774.36
6669,38.88,43.97,2,0,6,0,9,-1.0,Toys,48,1,2.16,199,7736.37
6670,34.76,31.6,5,1,6,0,1,1.366,Food,14,0,2.73,220,7647.29
6671,75.67,79.64,6,1,6,0,2,1.7321,Electronics,54,0,1.33,188,14225.8
6672,163.46,144.9,5,1,16,0,3,1.0,Food,21,1,1.66,115,18798.3
6673,56.81,73.82,6,1,14,0,12,-0.0,Toys,98,0,1.55,172,9770.66
6674,22.02,25.31,3,0,6,0,5,-0.366,Books,5,0,3.38,177,3897.21
6675,35.02,37.43,6,1,14,0,6,-0.0,Electronics,31,1,3.62,256,8966.35
6676,173.16,165.19,1,0,19,1,5,-0.366,Toys,67,1,4.66,179,30995.92
6677,130.42,139.66,5,1,3,0,1,1.366,Toys,87,0,2.05,127,16563.19
6678,58.11,52.59,6,1,1,0,4,0.0,Electronics,59,0,2.57,170,9878.4
6679,115.51,82.85,3,0,21,1,6,-0.0,Food,44,0,3.49,104,12012.65
6680,110.24,103.3,0,0,12,1,4,0.0,Books,64,1,4.89,217,23922.11
6681,134.53,169.28,6,1,11,1,4,0.0,Food,94,0,2.57,146,19641.79
6682,54.31,58.42,2,0,9,1,5,-0.366,Clothing,42,0,2.16,182,9883.63
6683,174.24,130.74,3,0,18,1,8,0.0,Food,94,0,2.55,69,12022.32
6684,68.78,84.67,4,0,14,0,5,-0.366,Clothing,100,1,2.24,183,12586.74
6685,141.89,122.21,6,1,16,0,7,0.366,Electronics,38,0,1.34,124,17593.74
6686,13.06,11.06,4,0,20,1,8,0.0,Clothing,7,1,2.38,280,3657.83
6687,80.8,70.97,0,0,5,0,6,-0.0,Toys,59,1,3.34,194,15676.14
6688,76.82,80.38,1,0,4,0,6,-0.0,Clothing,69,0,1.73,131,10064.06
6689,113.26,116.3,3,0,20,1,2,1.7321,Toys,70,0,4.33,219,24804.39
6690,23.82,23.7,6,1,12,1,10,-1.7321,Toys,49,0,3.94,190,4525.78
6691,160.12,181.02,6,1,13,0,5,-0.366,Food,78,0,3.23,64,10248.0
6692,51.38,45.72,0,0,23,0,1,1.366,Books,11,0,3.95,173,8888.45
6693,138.64,162.1,6,1,13,0,9,-1.0,Food,2,0,2.27,64,8872.78
6694,162.61,130.93,4,0,14,0,7,0.366,Food,95,0,1.8,10,1626.1
6695,116.76,136.56,6,1,15,0,2,1.7321,Toys,27,1,4.37,266,31057.26
6696,150.77,165.59,6,1,9,1,6,-0.0,Books,16,0,4.28,125,18845.98
6697,135.75,150.68,4,0,0,0,10,-1.7321,Toys,64,0,3.94,81,10996.03
6698,77.55,76.69,4,0,23,0,9,-1.0,Books,66,0,2.03,71,5506.1
6699,163.68,180.08,2,0,10,1,12,-0.0,Clothing,49,0,2.37,113,18496.19
6700,65.99,49.35,2,0,6,0,5,-0.366,Toys,90,0,2.52,152,10030.98
6701,118.53,143.53,4,0,16,0,3,1.0,Food,16,0,1.74,126,14934.84
6702,151.63,111.19,5,1,3,0,11,-1.366,Toys,73,1,4.04,110,16678.81
6703,82.0,64.72,1,0,6,0,10,-1.7321,Electronics,52,0,1.74,87,7134.14
6704,67.53,70.64,2,0,2,0,11,-1.366,Electronics,73,1,1.89,170,11479.39
6705,97.28,111.25,3,0,23,0,4,0.0,Electronics,5,1,1.19,218,21206.11
6706,165.41,123.36,2,0,19,1,3,1.0,Food,36,0,3.65,95,15714.24
6707,186.69,233.82,3,0,13,0,1,1.366,Food,7,0,4.72,105,19601.94
6708,113.57,145.84,2,0,17,1,10,-1.7321,Electronics,61,0,2.94,165,18738.36
6709,135.68,144.3,4,0,17,1,11,-1.366,Food,96,1,4.59,138,18723.64
6710,181.62,179.58,6,1,23,0,7,0.366,Food,29,1,4.36,93,16890.84
6711,28.72,32.88,3,0,23,0,8,0.0,Food,67,0,4.18,182,5227.75
6712,54.09,48.52,6,1,0,0,2,1.7321,Electronics,30,0,1.67,207,11197.65
6713,144.69,144.11,6,1,5,0,8,0.0,Clothing,40,1,2.51,124,17941.68
6714,166.51,208.09,1,0,8,0,12,-0.0,Clothing,31,0,3.66,83,13820.45
6715,172.84,220.09,2,0,1,0,9,-1.0,Books,48,0,2.38,49,8468.94
6716,88.87,111.64,2,0,7,0,7,0.366,Toys,91,0,3.84,179,15907.8
6717,26.97,23.13,4,0,23,0,11,-1.366,Clothing,6,1,2.15,195,5260.04
6718,93.18,78.22,3,0,19,1,1,1.366,Books,62,0,2.57,179,16678.95
6719,53.84,47.3,5,1,3,0,4,0.0,Clothing,29,0,3.93,190,10229.52
6720,65.33,63.03,4,0,20,1,7,0.366,Electronics,9,0,1.47,178,11628.26
6721,156.73,139.26,6,1,9,1,6,-0.0,Books,54,0,4.15,129,20218.28
6722,24.35,22.51,3,0,22,0,11,-1.366,Electronics,84,0,3.85,155,3774.27
6723,167.24,179.35,2,0,0,0,8,0.0,Electronics,11,0,2.8,123,20570.57
6724,91.26,105.63,2,0,10,1,6,-0.0,Books,19,0,2.75,156,14236.11
6725,123.25,140.67,2,0,8,0,10,-1.7321,Books,74,1,4.63,122,15036.76
6726,27.03,32.13,2,0,18,1,6,-0.0,Clothing,5,0,3.87,231,6244.84
6727,74.1,53.3,0,0,10,1,10,-1.7321,Clothing,87,0,3.48,145,10744.24
6728,27.04,19.7,2,0,3,0,6,-0.0,Toys,70,0,4.46,183,4948.9
6729,192.69,226.15,2,0,22,0,7,0.366,Clothing,95,0,2.33,73,14066.61
6730,163.38,166.62,5,1,4,0,5,-0.366,Books,18,0,2.15,58,9476.02
6731,97.33,101.89,5,1,20,1,12,-0.0,Clothing,21,0,1.84,156,15183.51
6732,52.48,38.4,3,0,16,0,11,-1.366,Books,15,0,3.08,97,5090.99
6733,187.36,159.85,6,1,17,1,9,-1.0,Toys,59,0,4.95,68,12740.24
6734,75.47,81.74,2,0,4,0,7,0.366,Books,95,0,4.71,197,14868.25
6735,40.59,49.33,2,0,17,1,1,1.366,Toys,74,0,2.82,260,10552.63
6736,117.0,146.27,3,0,16,0,11,-1.366,Toys,6,0,1.45,109,12753.13
6737,189.32,189.36,6,1,2,0,12,-0.0,Toys,24,0,4.5,98,18553.07
6738,10.73,11.02,2,0,10,1,12,-0.0,Electronics,97,0,4.69,266,2853.58
6739,55.24,66.28,2,0,16,0,9,-1.0,Food,60,0,1.69,135,7457.9
6740,188.31,192.56,4,0,7,0,11,-1.366,Books,28,0,4.53,41,7720.51
6741,42.51,42.94,0,0,23,0,6,-0.0,Clothing,92,0,2.79,191,8118.71
6742,31.52,39.18,3,0,7,0,11,-1.366,Food,74,0,1.05,135,4254.69
6743,118.34,138.92,4,0,22,0,8,0.0,Food,23,0,4.77,102,12070.23
6744,173.75,216.4,5,1,22,0,9,-1.0,Electronics,79,0,1.17,88,15290.03
6745,100.65,83.64,6,1,1,0,11,-1.366,Books,46,0,1.14,71,7146.21
6746,198.97,201.88,1,0,6,0,11,-1.366,Books,37,0,4.85,10,1989.67
6747,139.04,167.61,1,0,20,1,2,1.7321,Clothing,14,0,1.86,196,27252.35
6748,24.07,18.46,5,1,19,1,2,1.7321,Electronics,48,0,3.22,279,6716.71
6749,198.64,233.76,0,0,23,0,5,-0.366,Food,78,1,4.77,83,16486.96
6750,87.5,70.86,6,1,20,1,5,-0.366,Books,71,0,4.76,173,15137.48
6751,64.61,76.55,6,1,5,0,12,-0.0,Electronics,36,1,1.7,212,13696.57
6752,116.0,123.79,1,0,19,1,10,-1.7321,Toys,82,0,3.05,109,12643.68
6753,67.82,55.34,0,0,17,1,10,-1.7321,Books,60,0,1.03,114,7731.3
6754,26.43,26.0,1,0,6,0,2,1.7321,Food,54,0,1.36,208,5496.8
6755,10.27,11.39,1,0,17,1,10,-1.7321,Toys,79,0,4.79,218,2239.16
6756,95.42,103.08,6,1,11,1,4,0.0,Toys,63,0,2.66,177,16889.49
6757,169.0,161.63,4,0,6,0,9,-1.0,Toys,97,1,1.6,103,17407.42
6758,118.74,147.19,6,1,6,0,4,0.0,Food,48,0,3.53,102,12111.47
6759,199.85,202.16,1,0,0,0,1,1.366,Electronics,22,0,1.69,105,20984.19
6760,64.5,64.73,6,1,9,1,5,-0.366,Books,43,0,4.92,206,13287.18
6761,63.29,46.66,5,1,9,1,2,1.7321,Electronics,41,0,3.68,286,18099.93
6762,40.35,50.57,0,0,11,1,6,-0.0,Food,17,0,2.47,204,8231.89
6763,41.17,33.2,2,0,2,0,1,1.366,Clothing,63,0,2.52,212,8728.48
6764,64.19,65.28,6,1,2,0,7,0.366,Books,90,0,4.67,179,11489.2
6765,160.64,189.9,6,1,12,1,7,0.366,Books,79,0,4.58,153,24577.86
6766,182.09,151.01,2,0,12,1,4,0.0,Clothing,18,0,4.8,135,24582.66
6767,195.27,198.47,2,0,5,0,9,-1.0,Toys,72,1,2.81,106,20698.26
6768,54.14,45.71,0,0,2,0,3,1.0,Books,3,1,4.4,249,13479.62
6769,177.45,205.1,0,0,14,0,5,-0.366,Books,54,1,2.94,98,17389.76
6770,72.37,75.16,2,0,8,0,5,-0.366,Books,14,1,3.53,217,15703.96
6771,31.44,38.15,5,1,20,1,8,0.0,Food,34,0,3.03,216,6790.98
6772,175.3,216.81,1,0,5,0,10,-1.7321,Clothing,97,1,3.43,110,19283.52
6773,130.86,142.54,2,0,5,0,10,-1.7321,Books,1,0,3.04,52,6804.72
6774,41.3,46.88,3,0,7,0,4,0.0,Clothing,48,0,1.62,126,5203.66
6775,91.67,94.38,6,1,10,1,1,1.366,Toys,99,0,1.43,194,17783.58
6776,64.58,60.1,0,0,18,1,11,-1.366,Books,10,0,4.76,174,11236.74
6777,149.99,163.32,3,0,15,0,5,-0.366,Electronics,83,1,3.04,165,24748.51
6778,96.15,119.7,3,0,8,0,1,1.366,Electronics,11,0,4.77,209,20095.16
6779,197.96,188.07,0,0,22,0,3,1.0,Electronics,99,0,3.74,137,27120.96
6780,20.4,18.13,6,1,10,1,6,-0.0,Electronics,66,1,1.36,262,5345.21
6781,77.45,72.27,2,0,15,0,1,1.366,Food,3,0,1.81,173,13399.35
6782,101.56,97.62,5,1,5,0,10,-1.7321,Toys,15,0,4.07,91,9242.05
6783,105.6,78.58,4,0,16,0,3,1.0,Books,59,0,1.71,139,14677.76
6784,70.03,69.96,3,0,15,0,7,0.366,Toys,64,0,1.03,161,11274.48
6785,148.56,148.05,2,0,19,1,2,1.7321,Electronics,47,0,1.45,192,28522.68
6786,176.2,185.55,4,0,20,1,6,-0.0,Toys,92,0,2.91,157,27663.71
6787,188.36,172.85,6,1,17,1,7,0.366,Toys,2,0,1.65,142,26746.65
6788,162.97,174.03,3,0,0,0,12,-0.0,Food,30,0,1.18,30,4889.03
6789,171.61,210.55,2,0,17,1,12,-0.0,Electronics,38,0,3.97,203,34836.88
6790,114.6,145.92,3,0,7,0,2,1.7321,Clothing,5,1,4.89,287,32891.24
6791,166.92,175.29,2,0,21,1,11,-1.366,Toys,6,0,4.91,129,21532.52
6792,67.67,49.1,6,1,9,1,11,-1.366,Toys,5,1,4.6,217,14683.47
6793,85.71,109.84,5,1,1,0,5,-0.366,Electronics,12,0,1.08,143,12256.67
6794,70.21,78.89,6,1,8,0,10,-1.7321,Food,4,0,1.96,63,4423.45
6795,98.8,89.08,1,0,23,0,12,-0.0,Books,24,0,1.55,118,11658.82
6796,64.26,50.66,1,0,3,0,10,-1.7321,Electronics,25,0,3.56,127,8161.04
6797,192.71,151.48,6,1,10,1,1,1.366,Books,26,0,4.4,115,22161.21
6798,69.44,55.6,0,0,9,1,3,1.0,Clothing,55,1,3.29,247,17151.8
6799,28.63,20.82,4,0,13,0,1,1.366,Books,46,0,2.39,187,5353.52
6800,110.1,136.66,6,1,6,0,12,-0.0,Toys,46,0,4.65,149,16404.19
6801,20.85,21.36,6,1,18,1,3,1.0,Food,43,0,3.02,251,5233.06
6802,31.0,34.72,3,0,5,0,4,0.0,Clothing,60,0,1.7,177,5487.57
6803,51.68,61.86,3,0,15,0,12,-0.0,Food,33,1,3.13,225,11628.9
6804,98.23,115.41,2,0,18,1,12,-0.0,Food,21,0,1.07,147,14439.3
6805,92.32,113.51,4,0,18,1,5,-0.366,Books,87,0,1.15,166,15324.73
6806,161.94,207.34,3,0,12,1,4,0.0,Food,37,0,3.51,115,18623.27
6807,150.5,145.0,4,0,11,1,4,0.0,Clothing,12,0,3.89,138,20769.03
6808,91.0,115.59,6,1,21,1,9,-1.0,Food,21,0,1.55,123,11193.06
6809,73.4,83.24,4,0,14,0,9,-1.0,Clothing,13,0,3.13,104,7634.0
6810,70.13,52.06,1,0,7,0,9,-1.0,Toys,33,0,4.09,143,10028.46
6811,157.06,174.19,3,0,3,0,11,-1.366,Toys,70,0,4.53,73,11465.31
6812,19.89,22.12,3,0,19,1,5,-0.366,Books,76,0,2.9,206,4098.11
6813,12.44,15.46,0,0,7,0,11,-1.366,Electronics,61,1,1.49,185,2300.68
6814,161.15,148.87,4,0,22,0,5,-0.366,Toys,30,1,1.28,139,22400.33
6815,100.66,105.79,2,0,20,1,2,1.7321,Electronics,37,0,4.43,248,24963.14
6816,34.87,24.66,1,0,15,0,6,-0.0,Clothing,82,1,1.31,204,7112.95
6817,54.76,49.24,6,1,15,0,2,1.7321,Electronics,16,0,4.27,236,12922.78
6818,187.18,138.01,0,0,1,0,10,-1.7321,Food,45,0,2.75,0,0.0
6819,173.31,175.58,1,0,21,1,5,-0.366,Clothing,71,0,2.75,113,19583.53
6820,144.86,172.45,2,0,16,0,11,-1.366,Food,1,0,3.07,33,4780.35
6821,101.62,83.72,0,0,22,0,12,-0.0,Electronics,53,1,1.54,197,20019.69
6822,108.86,110.65,1,0,4,0,12,-0.0,Food,28,0,3.97,107,11648.18
6823,195.3,160.61,2,0,4,0,5,-0.366,Clothing,53,0,2.2,25,4882.41
6824,193.5,149.46,5,1,11,1,4,0.0,Food,44,0,3.39,55,10642.3
6825,50.9,51.24,0,0,6,0,5,-0.366,Electronics,67,0,1.02,161,8195.08
6826,164.11,122.67,2,0,4,0,7,0.366,Food,39,0,2.13,16,2625.76
6827,47.48,49.96,0,0,3,0,10,-1.7321,Food,10,0,1.16,58,2753.61
6828,50.57,36.35,3,0,16,0,2,1.7321,Books,51,0,2.25,197,9962.71
6829,138.46,105.79,3,0,5,0,1,1.366,Clothing,14,0,1.5,109,15091.89
6830,86.95,89.56,1,0,13,0,4,0.0,Books,79,1,1.28,156,13564.23
6831,186.99,197.25,4,0,8,0,7,0.366,Electronics,6,0,4.39,148,27675.03
6832,26.91,19.31,5,1,3,0,1,1.366,Toys,39,0,2.46,222,5974.43
6833,107.19,111.91,6,1,10,1,4,0.0,Electronics,80,0,4.3,200,21437.97
6834,184.52,222.0,4,0,19,1,6,-0.0,Electronics,82,0,4.57,190,35058.63
6835,181.78,206.03,6,1,20,1,6,-0.0,Electronics,99,0,3.02,182,33084.25
6836,39.74,30.95,6,1,15,0,1,1.366,Electronics,48,0,3.27,245,9736.43
6837,79.66,84.08,6,1,15,0,7,0.366,Books,25,0,3.59,145,11550.87
6838,127.63,140.82,2,0,15,0,5,-0.366,Electronics,97,0,3.58,156,19910.76
6839,40.29,29.1,0,0,5,0,6,-0.0,Food,33,1,3.12,202,8137.58
6840,193.92,235.27,3,0,14,0,1,1.366,Electronics,83,1,3.38,209,40530.16
6841,183.8,228.61,4,0,2,0,7,0.366,Toys,75,0,2.76,123,22607.69
6842,41.72,50.49,6,1,8,0,4,0.0,Clothing,67,0,4.66,178,7426.26
6843,33.02,39.45,3,0,0,0,3,1.0,Books,65,1,3.89,242,7990.73
6844,26.23,30.08,6,1,10,1,12,-0.0,Books,40,1,2.26,260,6819.18
6845,182.79,197.43,5,1,21,1,11,-1.366,Books,25,0,2.34,46,8408.54
6846,46.79,51.8,2,0,5,0,4,0.0,Books,57,0,2.82,166,7766.89
6847,89.09,105.47,5,1,23,0,9,-1.0,Electronics,32,1,1.13,169,15056.91
6848,95.28,104.57,5,1,4,0,5,-0.366,Toys,46,0,4.97,164,15626.21
6849,123.81,111.01,2,0,17,1,12,-0.0,Electronics,100,0,2.87,148,18324.19
6850,23.63,21.87,0,0,20,1,5,-0.366,Clothing,4,0,4.1,223,5269.43
6851,53.08,65.73,5,1,11,1,8,0.0,Clothing,23,0,1.63,168,8918.14
6852,186.98,132.81,4,0,6,0,7,0.366,Electronics,80,0,3.44,104,19446.25
6853,182.6,204.38,6,1,1,0,3,1.0,Electronics,75,0,2.53,162,29580.86
6854,158.45,201.68,2,0,6,0,1,1.366,Electronics,22,0,4.56,199,31530.6
6855,13.69,15.38,2,0,8,0,12,-0.0,Toys,33,0,4.73,201,2750.93
6856,72.13,93.51,6,1,23,0,11,-1.366,Books,41,0,3.5,100,7213.13
6857,129.31,143.86,3,0,19,1,2,1.7321,Clothing,62,0,1.24,208,26896.93
6858,62.29,44.88,1,0,7,0,3,1.0,Clothing,38,0,2.87,188,11709.79
6859,182.82,218.69,5,1,8,0,11,-1.366,Books,56,1,1.07,73,13345.97
6860,130.44,113.58,4,0,9,1,1,1.366,Books,63,0,3.07,180,23479.02
6861,23.66,22.9,0,0,11,1,1,1.366,Clothing,77,1,3.01,317,7500.94
6862,182.71,162.11,5,1,1,0,8,0.0,Clothing,85,0,2.67,86,15713.15
6863,191.98,165.32,6,1,9,1,8,0.0,Toys,76,1,2.35,159,30524.13
6864,24.77,23.75,0,0,2,0,2,1.7321,Clothing,55,1,3.32,279,6909.54
6865,111.15,103.06,3,0,0,0,8,0.0,Electronics,51,1,1.71,155,17228.01
6866,67.64,73.05,5,1,16,0,11,-1.366,Electronics,90,0,1.11,72,4870.02
6867,84.64,100.54,0,0,21,1,2,1.7321,Books,65,0,4.15,239,20228.82
6868,44.13,38.76,5,1,0,0,11,-1.366,Books,57,0,4.14,141,6222.86
6869,119.83,99.25,2,0,4,0,5,-0.366,Electronics,86,1,3.32,188,22528.74
6870,192.02,211.24,5,1,13,0,1,1.366,Books,27,0,4.32,108,20737.74
6871,105.58,116.37,4,0,5,0,9,-1.0,Electronics,57,1,3.05,159,16787.82
6872,25.75,31.95,5,1,8,0,4,0.0,Toys,55,0,1.03,146,3760.05
6873,127.8,90.68,0,0,21,1,10,-1.7321,Books,96,0,1.59,53,6773.41
6874,74.64,90.45,4,0,13,0,11,-1.366,Food,72,0,2.84,96,7165.67
6875,172.63,174.8,0,0,3,0,2,1.7321,Clothing,98,0,4.45,107,18470.96
6876,92.59,99.33,6,1,0,0,1,1.366,Electronics,82,0,1.9,189,17499.29
6877,46.64,35.2,6,1,5,0,6,-0.0,Clothing,4,0,1.14,160,7462.32
6878,46.31,44.44,1,0,6,0,11,-1.366,Clothing,65,0,2.65,123,5696.14
6879,156.07,130.53,1,0,20,1,8,0.0,Books,56,1,1.27,135,21068.8
6880,60.46,51.55,4,0,5,0,4,0.0,Clothing,53,0,3.2,158,9552.94
6881,155.77,156.16,6,1,23,0,1,1.366,Food,44,0,1.22,81,12617.72
6882,49.12,58.33,1,0,0,0,1,1.366,Books,16,0,1.07,178,8743.11
6883,71.12,81.52,1,0,7,0,6,-0.0,Electronics,94,1,4.77,261,18562.43
6884,98.44,103.82,2,0,11,1,2,1.7321,Clothing,23,0,3.66,239,23527.76
6885,189.21,193.68,0,0,10,1,5,-0.366,Clothing,31,0,1.48,81,15325.78
6886,187.03,178.87,1,0,1,0,2,1.7321,Toys,28,0,3.22,132,24687.82
6887,49.31,63.29,4,0,1,0,9,-1.0,Electronics,50,0,2.03,138,6804.18
6888,78.06,80.88,2,0,23,0,2,1.7321,Toys,16,0,4.04,236,18422.54
6889,38.39,32.72,6,1,1,0,5,-0.366,Electronics,41,1,4.26,250,9596.47
6890,106.9,89.59,1,0,7,0,4,0.0,Clothing,9,0,3.03,117,12506.97
6891,97.51,104.03,5,1,20,1,11,-1.366,Clothing,2,0,2.64,146,14236.56
6892,181.14,183.63,6,1,23,0,1,1.366,Food,43,0,2.27,93,16846.43
6893,186.7,131.55,4,0,6,0,10,-1.7321,Books,66,1,1.13,10,1867.01
6894,82.88,99.29,0,0,15,0,9,-1.0,Food,96,0,3.24,80,6630.22
6895,103.43,116.1,6,1,23,0,3,1.0,Electronics,80,0,3.04,197,20375.75
6896,180.28,197.79,5,1,21,1,10,-1.7321,Electronics,77,0,1.85,74,13341.08
6897,163.27,121.03,6,1,8,0,8,0.0,Electronics,49,0,3.13,88,14368.15
6898,10.69,9.81,1,0,15,0,4,0.0,Electronics,91,0,2.87,192,2053.38
6899,70.81,89.31,4,0,1,0,11,-1.366,Books,95,1,2.04,155,10975.75
6900,90.14,109.75,5,1,2,0,9,-1.0,Clothing,97,0,3.97,141,12709.33
6901,53.65,46.74,4,0,1,0,5,-0.366,Food,21,0,1.98,155,8315.14
6902,47.92,38.06,3,0,21,1,2,1.7321,Clothing,19,1,2.8,304,14567.26
6903,17.18,16.65,6,1,18,1,8,0.0,Toys,57,0,3.13,235,4037.08
6904,132.24,120.8,5,1,16,0,4,0.0,Food,77,0,4.25,90,11901.62
6905,59.88,66.42,4,0,19,1,2,1.7321,Electronics,60,0,2.68,251,15029.12
6906,19.95,25.53,5,1,20,1,6,-0.0,Electronics,19,0,1.83,209,4168.71
6907,53.89,49.46,3,0,11,1,1,1.366,Toys,99,0,1.06,217,11693.28
6908,162.36,119.72,0,0,10,1,8,0.0,Food,64,1,2.01,101,16398.73
6909,171.78,212.76,0,0,19,1,9,-1.0,Books,35,1,4.0,138,23706.05
6910,101.78,73.57,6,1,21,1,7,0.366,Books,33,0,4.28,163,16590.56
6911,89.05,113.25,2,0,18,1,9,-1.0,Electronics,67,1,3.4,241,21461.88
6912,195.79,215.13,5,1,5,0,2,1.7321,Electronics,85,0,4.79,194,37983.69
6913,48.11,60.86,3,0,9,1,11,-1.366,Electronics,87,0,3.09,175,8418.77
6914,50.92,41.74,4,0,13,0,1,1.366,Toys,48,0,2.92,190,9674.47
6915,65.45,47.42,2,0,0,0,7,0.366,Toys,60,0,4.33,150,9818.21
6916,42.82,42.52,5,1,14,0,4,0.0,Clothing,45,0,1.67,162,6937.47
6917,82.08,79.65,2,0,5,0,10,-1.7321,Toys,75,0,1.06,79,6484.28
6918,183.06,164.55,5,1,12,1,8,0.0,Food,68,0,4.53,61,11166.57
6919,126.92,161.77,6,1,23,0,3,1.0,Toys,68,0,3.14,142,18022.08
6920,88.27,105.35,6,1,13,0,7,0.366,Food,15,0,3.98,153,13505.29
6921,187.54,205.72,0,0,12,1,7,0.366,Books,92,1,3.52,171,32069.01
6922,19.21,15.32,4,0,23,0,11,-1.366,Clothing,100,1,3.66,188,3611.14
6923,49.95,56.98,3,0,15,0,10,-1.7321,Toys,72,0,3.35,106,5294.96
6924,117.52,133.53,6,1,0,0,9,-1.0,Books,88,0,3.9,119,13984.74
6925,126.95,121.25,0,0,13,0,11,-1.366,Food,98,0,1.45,17,2158.23
6926,17.52,21.98,2,0,12,1,4,0.0,Clothing,15,0,2.0,207,3625.8
6927,86.58,69.28,1,0,22,0,10,-1.7321,Books,23,0,2.92,78,6753.03
6928,133.34,114.73,6,1,9,1,1,1.366,Food,60,0,3.87,133,17734.12
6929,142.63,105.25,2,0,9,1,7,0.366,Clothing,91,1,2.23,172,24532.95
6930,131.25,154.51,1,0,3,0,10,-1.7321,Electronics,14,0,4.23,116,15224.6
6931,70.91,76.09,5,1,13,0,12,-0.0,Toys,2,1,1.26,202,14323.22
6932,27.77,24.69,0,0,11,1,6,-0.0,Electronics,99,0,4.16,236,6553.44
6933,91.15,72.77,5,1,21,1,11,-1.366,Electronics,43,0,3.8,148,13490.4
6934,34.46,24.95,3,0,5,0,1,1.366,Electronics,71,1,1.26,245,8443.52
6935,190.05,152.05,4,0,14,0,9,-1.0,Books,16,0,1.13,2,380.1
6936,100.28,97.47,6,1,4,0,10,-1.7321,Electronics,86,1,4.36,152,15242.93
6937,70.28,59.62,1,0,9,1,8,0.0,Electronics,28,0,1.58,183,12861.1
6938,155.6,133.1,6,1,8,0,10,-1.7321,Books,32,1,2.01,24,3734.35
6939,104.61,128.18,4,0,9,1,4,0.0,Toys,71,0,4.59,228,23851.13
6940,68.91,69.53,5,1,23,0,5,-0.366,Clothing,86,0,2.37,131,9026.75
6941,164.27,186.87,0,0,11,1,8,0.0,Clothing,2,0,3.12,149,24476.81
6942,174.76,126.08,0,0,21,1,2,1.7321,Toys,72,0,1.12,162,28310.94
6943,137.87,126.72,5,1,3,0,6,-0.0,Books,7,0,3.28,80,11029.72
6944,18.92,18.69,5,1,3,0,10,-1.7321,Electronics,38,0,3.85,132,2497.87
6945,117.6,95.47,0,0,12,1,2,1.7321,Clothing,48,0,3.26,206,24225.88
6946,155.03,119.7,3,0,13,0,12,-0.0,Toys,85,0,4.23,99,15347.58
6947,35.94,43.92,1,0,11,1,11,-1.366,Toys,86,0,4.11,218,7833.95
6948,53.45,67.54,4,0,12,1,8,0.0,Electronics,99,1,2.92,274,14644.6
6949,177.67,132.77,2,0,19,1,5,-0.366,Toys,82,0,3.58,109,19366.47
6950,13.82,12.57,6,1,12,1,12,-0.0,Books,73,0,2.11,222,3068.73
6951,153.02,195.09,5,1,22,0,10,-1.7321,Books,2,0,2.43,38,5814.69
6952,100.02,75.0,5,1,21,1,3,1.0,Clothing,42,0,3.49,169,16902.86
6953,94.89,103.06,6,1,1,0,2,1.7321,Food,42,0,3.64,183,17364.27
6954,11.35,14.56,0,0,20,1,4,0.0,Toys,81,0,1.34,203,2303.71
6955,165.69,213.23,4,0,18,1,8,0.0,Books,20,0,4.28,153,25349.91
6956,78.37,77.01,4,0,8,0,1,1.366,Electronics,6,0,3.55,212,16613.75
6957,112.75,89.93,3,0,9,1,10,-1.7321,Electronics,11,0,2.31,116,13078.47
6958,138.69,113.9,1,0,16,0,3,1.0,Food,69,0,1.91,68,9430.72
6959,143.5,177.04,3,0,9,1,1,1.366,Food,74,1,3.41,203,29130.42
6960,191.64,238.97,3,0,19,1,2,1.7321,Food,87,0,3.78,145,27787.25
6961,110.95,118.14,4,0,12,1,10,-1.7321,Electronics,97,0,4.71,150,16643.19
6962,85.95,99.67,1,0,19,1,11,-1.366,Toys,40,0,1.74,138,11860.65
6963,191.2,218.73,1,0,0,0,7,0.366,Books,36,0,3.01,93,17781.94
6964,132.0,144.82,1,0,1,0,1,1.366,Electronics,51,0,4.82,210,27720.2
6965,66.65,79.74,6,1,16,0,9,-1.0,Books,47,0,4.64,136,9064.21
6966,34.03,37.81,0,0,12,1,8,0.0,Food,98,0,2.91,203,6907.73
6967,170.09,173.56,1,0,16,0,1,1.366,Clothing,17,1,3.21,164,27894.0
6968,78.81,66.38,4,0,12,1,10,-1.7321,Toys,26,0,4.67,136,10718.77
6969,135.49,155.32,6,1,16,0,1,1.366,Food,53,0,1.13,108,14632.84
6970,99.46,97.87,0,0,18,1,2,1.7321,Food,48,0,4.9,190,18896.47
6971,47.8,41.91,2,0,13,0,2,1.7321,Books,27,0,4.91,236,11280.01
6972,124.32,146.84,5,1,19,1,6,-0.0,Electronics,46,0,4.78,236,29339.63
6973,21.53,24.07,3,0,9,1,1,1.366,Clothing,67,0,4.86,301,6480.46
6974,88.54,111.77,1,0,1,0,4,0.0,Toys,19,0,2.22,131,11598.09
6975,113.86,91.0,2,0,13,0,7,0.366,Clothing,72,0,1.15,130,14801.39
6976,92.85,101.16,1,0,16,0,12,-0.0,Food,81,1,2.14,168,15598.62
6977,152.25,128.88,3,0,4,0,9,-1.0,Clothing,65,1,2.38,76,11570.83
6978,167.31,207.82,4,0,21,1,10,-1.7321,Toys,71,1,2.41,123,20578.61
6979,156.54,118.92,4,0,17,1,3,1.0,Food,36,0,3.72,99,15497.08
6980,17.37,19.0,3,0,2,0,4,0.0,Toys,67,0,4.45,205,3561.76
6981,46.88,55.07,2,0,15,0,5,-0.366,Clothing,83,0,1.89,156,7313.98
6982,111.96,102.21,0,0,18,1,5,-0.366,Food,42,0,2.79,107,11979.23
6983,187.62,238.74,5,1,17,1,2,1.7321,Food,91,0,2.51,126,23639.64
6984,168.64,204.13,5,1,19,1,5,-0.366,Toys,67,1,4.06,204,34402.92
6985,170.08,149.12,5,1,4,0,10,-1.7321,Electronics,98,0,2.27,38,6463.1
6986,67.61,47.63,0,0,7,0,1,1.366,Food,69,0,1.22,150,10141.43
6987,91.6,80.42,1,0,5,0,7,0.366,Toys,49,0,2.34,152,13922.46
6988,99.43,86.39,3,0,14,0,5,-0.366,Toys,37,0,2.42,112,11136.62
6989,39.9,49.24,3,0,2,0,6,-0.0,Toys,46,0,4.29,213,8498.83
6990,15.9,20.36,0,0,8,0,9,-1.0,Electronics,80,1,3.19,215,3419.13
6991,189.91,140.96,2,0,10,1,3,1.0,Books,56,0,3.09,80,15192.92
6992,55.74,54.78,5,1,19,1,1,1.366,Food,63,0,3.4,260,14491.2
6993,55.59,57.2,6,1,23,0,8,0.0,Clothing,78,0,3.25,174,9672.71
6994,25.84,19.53,3,0,22,0,2,1.7321,Toys,30,0,3.73,241,6227.93
6995,186.42,172.71,4,0,13,0,2,1.7321,Clothing,96,1,4.62,178,33182.13
6996,120.15,106.96,4,0,22,0,10,-1.7321,Toys,63,0,4.51,67,8050.05
6997,136.74,139.7,6,1,8,0,4,0.0,Toys,76,0,2.98,115,15724.76
6998,183.2,200.92,3,0,9,1,5,-0.366,Food,91,0,4.39,66,12091.17
6999,75.67,84.91,5,1,14,0,1,1.366,Electronics,26,1,4.45,293,22170.67
7000,128.09,100.17,5,1,17,1,11,-1.366,Electronics,93,0,4.16,141,18060.18
7001,17.37,20.63,5,1,20,1,3,1.0,Clothing,23,0,1.17,244,4238.74
7002,45.49,50.36,2,0,18,1,11,-1.366,Books,86,1,3.65,214,9734.17
7003,167.94,207.14,4,0,6,0,8,0.0,Electronics,20,1,2.25,184,30900.35
7004,155.69,150.95,2,0,18,1,6,-0.0,Electronics,46,0,4.49,158,24598.39
7005,76.62,94.73,0,0,4,0,3,1.0,Books,80,1,2.14,228,17469.84
7006,81.59,99.5,1,0,20,1,12,-0.0,Electronics,31,0,4.67,219,17869.09
7007,111.38,107.26,5,1,17,1,7,0.366,Food,67,0,3.46,137,15258.42
7008,10.05,9.33,0,0,0,0,11,-1.366,Food,21,0,3.58,183,1838.38
7009,55.84,70.34,1,0,11,1,6,-0.0,Clothing,51,0,4.55,233,13009.89
7010,49.56,55.96,6,1,5,0,5,-0.366,Clothing,39,0,4.94,159,7880.68
7011,57.59,72.39,4,0,12,1,8,0.0,Clothing,63,0,2.24,214,12324.64
7012,163.12,192.19,1,0,16,0,8,0.0,Food,69,0,1.36,15,2446.83
7013,63.14,67.28,1,0,8,0,3,1.0,Clothing,20,1,3.89,233,14711.16
7014,46.39,35.7,3,0,20,1,8,0.0,Clothing,23,0,1.28,190,8813.92
7015,105.81,92.57,1,0,0,0,10,-1.7321,Food,96,0,3.14,41,4338.21
7016,174.47,223.55,3,0,11,1,9,-1.0,Books,42,0,2.38,79,13783.33
7017,55.86,49.8,1,0,23,0,12,-0.0,Clothing,73,0,2.56,156,8713.61
7018,24.92,18.84,3,0,0,0,10,-1.7321,Electronics,3,1,1.94,171,4261.64
7019,77.72,87.4,4,0,3,0,3,1.0,Food,27,0,3.8,171,13289.59
7020,152.05,173.4,4,0,6,0,11,-1.366,Books,91,0,3.29,58,8819.12
7021,114.63,99.88,1,0,19,1,8,0.0,Electronics,74,0,4.81,217,24874.97
7022,165.19,145.14,6,1,4,0,8,0.0,Electronics,80,0,2.42,113,18666.55
7023,192.32,188.73,6,1,22,0,12,-0.0,Toys,24,1,2.58,119,22886.38
7024,160.61,114.52,2,0,19,1,7,0.366,Books,87,0,1.66,92,14775.74
7025,124.72,146.37,6,1,4,0,8,0.0,Toys,9,0,3.45,111,13844.21
7026,103.73,92.35,4,0,6,0,1,1.366,Food,2,0,1.38,152,15767.71
7027,17.61,21.35,0,0,16,0,3,1.0,Books,6,0,4.87,244,4297.6
7028,197.02,232.8,6,1,11,1,6,-0.0,Toys,99,0,4.64,196,38616.15
7029,82.86,90.89,0,0,14,0,12,-0.0,Food,71,1,3.8,187,15495.08
7030,38.92,34.83,3,0,2,0,7,0.366,Clothing,79,1,2.27,228,8874.53
7031,136.67,138.01,2,0,16,0,7,0.366,Electronics,21,0,2.42,118,16127.61
7032,64.01,61.9,5,1,13,0,11,-1.366,Food,100,0,1.35,69,4417.02
7033,121.3,109.57,3,0,14,0,6,-0.0,Books,87,0,1.99,87,10552.91
7034,121.49,146.86,1,0,14,0,12,-0.0,Electronics,29,1,2.41,193,23446.78
7035,94.69,93.75,6,1,14,0,12,-0.0,Electronics,13,1,2.79,230,21778.39
7036,168.86,202.57,4,0,18,1,12,-0.0,Food,69,0,2.86,97,16379.67
7037,60.34,46.05,2,0,10,1,11,-1.366,Clothing,42,0,4.54,161,9715.34
7038,95.24,74.73,3,0,17,1,4,0.0,Food,1,1,2.8,215,20476.64
7039,112.16,144.28,3,0,20,1,5,-0.366,Toys,20,0,4.83,187,20974.2
7040,136.09,143.26,0,0,9,1,9,-1.0,Toys,43,0,1.34,118,16058.47
7041,158.95,159.89,1,0,20,1,1,1.366,Toys,1,0,1.84,169,26863.34
7042,85.01,86.19,3,0,8,0,2,1.7321,Books,99,0,2.55,202,17172.7
7043,132.75,110.07,0,0,23,0,5,-0.366,Food,40,0,4.55,72,9557.92
7044,38.62,43.68,2,0,2,0,5,-0.366,Electronics,7,0,1.49,167,6448.89
7045,187.2,140.56,3,0,0,0,12,-0.0,Books,35,0,2.42,13,2433.64
7046,82.78,86.42,5,1,20,1,7,0.366,Toys,52,0,1.45,199,16473.45
7047,148.61,154.92,5,1,10,1,8,0.0,Books,34,1,4.1,166,24669.11
7048,13.86,17.31,0,0,15,0,10,-1.7321,Electronics,50,0,2.13,127,1760.83
7049,48.99,49.76,5,1,2,0,6,-0.0,Books,69,0,2.74,164,8033.63
7050,102.55,80.22,1,0,20,1,6,-0.0,Clothing,29,0,4.27,167,17125.13
7051,176.87,184.59,4,0,8,0,5,-0.366,Toys,91,0,1.67,51,9020.27
7052,110.18,83.16,5,1,10,1,5,-0.366,Food,71,1,4.79,174,19171.06
7053,186.68,153.5,2,0,16,0,11,-1.366,Toys,1,1,2.58,81,15120.71
7054,101.92,73.25,3,0,0,0,8,0.0,Toys,73,0,2.32,103,10497.91
7055,103.19,104.01,0,0,8,0,5,-0.366,Food,58,0,1.76,101,10421.72
7056,32.75,24.59,3,0,2,0,6,-0.0,Food,65,0,2.87,153,5011.04
7057,162.5,159.52,4,0,9,1,3,1.0,Electronics,91,1,4.92,243,39488.64
7058,56.92,71.71,3,0,4,0,5,-0.366,Electronics,17,0,2.96,154,8766.21
7059,180.93,204.78,3,0,10,1,9,-1.0,Clothing,62,0,2.81,83,15016.89
7060,183.06,136.64,0,0,4,0,3,1.0,Books,96,0,1.03,42,7688.38
7061,189.23,157.92,4,0,11,1,8,0.0,Books,94,1,2.15,120,22707.47
7062,108.84,120.19,2,0,13,0,11,-1.366,Books,79,0,1.91,93,10122.47
7063,138.65,171.48,0,0,11,1,7,0.366,Toys,42,0,1.16,130,18024.22
7064,157.92,113.66,6,1,18,1,4,0.0,Toys,28,0,2.78,96,15160.13
7065,34.89,41.43,4,0,8,0,5,-0.366,Food,3,0,1.54,140,4884.99
7066,124.18,128.79,4,0,6,0,8,0.0,Clothing,92,0,3.01,101,12542.37
7067,16.52,16.97,3,0,15,0,10,-1.7321,Clothing,5,0,2.82,117,1932.44
7068,104.54,133.25,1,0,6,0,7,0.366,Books,66,1,1.89,180,18816.76
7069,39.42,45.28,1,0,13,0,10,-1.7321,Food,54,0,4.19,154,6070.7
7070,44.76,54.16,2,0,7,0,10,-1.7321,Books,38,0,4.71,147,6579.04
7071,79.36,72.41,3,0,20,1,2,1.7321,Toys,80,0,1.54,208,16506.68
7072,92.16,95.17,1,0,17,1,8,0.0,Food,44,1,1.39,185,17050.17
7073,128.4,137.29,0,0,2,0,8,0.0,Books,81,0,2.38,93,11941.46
7074,24.14,21.56,2,0,1,0,9,-1.0,Clothing,76,0,3.44,162,3910.91
7075,105.7,110.16,3,0,4,0,2,1.7321,Electronics,90,0,3.53,207,21880.2
7076,44.7,37.64,5,1,7,0,4,0.0,Toys,57,0,3.5,166,7420.0
7077,119.06,93.58,0,0,18,1,2,1.7321,Books,71,0,3.3,214,25477.83
7078,131.11,121.19,1,0,21,1,4,0.0,Food,24,0,2.54,100,13110.69
7079,115.77,132.4,1,0,8,0,3,1.0,Food,80,0,4.13,130,15050.72
7080,150.28,187.8,1,0,1,0,7,0.366,Books,82,0,4.81,151,22691.7
7081,73.77,71.89,1,0,14,0,5,-0.366,Clothing,59,0,3.36,141,10400.97
7082,155.37,168.68,4,0,7,0,7,0.366,Books,8,0,1.88,89,13827.95
7083,92.23,70.26,5,1,9,1,2,1.7321,Toys,91,1,3.25,298,27483.27
7084,102.0,126.75,2,0,6,0,4,0.0,Food,90,0,4.02,127,12953.37
7085,133.14,138.62,2,0,18,1,6,-0.0,Toys,95,0,4.32,160,21302.3
7086,13.49,15.76,1,0,0,0,12,-0.0,Electronics,82,0,3.87,211,2845.99
7087,134.26,157.98,2,0,21,1,5,-0.366,Clothing,2,0,4.56,138,18527.73
7088,127.53,108.9,5,1,1,0,11,-1.366,Books,41,0,4.81,101,12880.65
7089,68.87,70.08,0,0,2,0,2,1.7321,Books,87,1,2.97,228,15702.58
7090,26.3,33.57,0,0,13,0,12,-0.0,Clothing,56,1,3.16,236,6207.02
7091,27.28,20.56,6,1,14,0,7,0.366,Food,48,0,2.35,181,4937.27
7092,185.41,205.78,2,0,20,1,2,1.7321,Books,22,0,3.64,125,23176.56
7093,140.96,180.06,1,0,13,0,9,-1.0,Clothing,97,0,3.38,81,11418.01
7094,34.15,30.06,3,0,7,0,7,0.366,Books,18,0,1.71,196,6693.3
7095,77.78,94.64,5,1,17,1,12,-0.0,Food,79,0,3.78,200,15555.48
7096,122.57,154.46,1,0,21,1,3,1.0,Clothing,41,0,4.22,233,28559.22
7097,168.76,193.78,4,0,16,0,6,-0.0,Food,67,0,1.72,32,5400.28
7098,18.3,15.35,3,0,6,0,5,-0.366,Books,48,0,1.66,178,3256.61
7099,54.96,49.49,5,1,19,1,12,-0.0,Clothing,23,0,3.56,212,11651.58
7100,179.05,129.18,4,0,0,0,9,-1.0,Electronics,2,0,1.46,52,9310.72
7101,11.74,14.08,2,0,8,0,3,1.0,Books,4,0,4.24,248,2911.88
7102,48.27,58.39,4,0,8,0,2,1.7321,Clothing,26,1,3.57,282,13610.96
7103,192.21,207.52,2,0,10,1,2,1.7321,Electronics,19,0,1.13,197,37866.27
7104,126.55,115.35,4,0,18,1,4,0.0,Clothing,49,0,4.08,136,17210.3
7105,59.72,44.55,3,0,5,0,1,1.366,Toys,74,0,3.04,208,12421.25
7106,22.73,26.18,4,0,6,0,9,-1.0,Toys,86,1,2.98,174,3954.73
7107,15.36,17.44,1,0,14,0,3,1.0,Clothing,53,0,2.25,202,3101.98
7108,56.5,70.49,2,0,19,1,5,-0.366,Clothing,6,0,2.13,166,9379.26
7109,177.48,202.03,0,0,5,0,2,1.7321,Toys,62,1,3.0,232,41175.89
7110,89.02,106.58,4,0,8,0,8,0.0,Books,1,1,1.01,245,21810.78
7111,146.86,168.54,2,0,14,0,11,-1.366,Toys,16,1,4.18,168,24673.04
7112,184.47,198.94,0,0,21,1,11,-1.366,Toys,52,0,4.14,118,21767.95
7113,87.53,83.69,2,0,22,0,3,1.0,Toys,7,0,3.94,170,14879.71
7114,46.34,57.52,6,1,5,0,5,-0.366,Food,88,0,3.41,138,6395.29
7115,108.25,118.06,2,0,6,0,7,0.366,Books,35,1,2.18,174,18835.92
7116,182.54,171.4,0,0,16,0,2,1.7321,Food,78,0,3.63,74,13507.66
7117,162.83,122.14,0,0,5,0,3,1.0,Books,68,0,1.52,50,8141.56
7118,22.51,19.68,3,0,8,0,8,0.0,Food,15,0,2.05,168,3781.29
7119,141.59,145.3,5,1,2,0,10,-1.7321,Food,57,0,1.18,0,0.0
7120,118.66,102.69,6,1,13,0,8,0.0,Clothing,23,0,4.44,111,13171.32
7121,182.42,151.91,4,0,5,0,3,1.0,Toys,83,0,4.31,97,17694.55
7122,33.27,33.82,4,0,3,0,10,-1.7321,Clothing,78,0,2.8,131,4358.56
7123,111.47,89.38,6,1,15,0,12,-0.0,Clothing,91,0,2.75,88,9809.08
7124,177.1,209.02,2,0,22,0,7,0.366,Clothing,100,0,4.7,110,19480.77
7125,87.9,87.08,6,1,15,0,11,-1.366,Electronics,86,1,3.7,167,14680.05
7126,101.58,106.08,1,0,22,0,2,1.7321,Books,11,0,3.84,187,18995.28
7127,23.39,18.44,1,0,8,0,9,-1.0,Clothing,4,0,2.44,153,3578.29
7128,62.85,56.23,5,1,3,0,8,0.0,Clothing,58,0,2.17,134,8421.54
7129,71.66,67.79,2,0,7,0,9,-1.0,Electronics,96,0,1.46,126,9028.69
7130,189.57,224.63,3,0,23,0,9,-1.0,Electronics,40,0,1.29,62,11753.54
7131,63.71,74.03,0,0,7,0,7,0.366,Toys,58,0,4.62,180,11467.22
7132,97.57,81.35,2,0,23,0,4,0.0,Clothing,88,0,4.63,134,13073.72
7133,137.55,147.14,4,0,5,0,12,-0.0,Books,98,0,1.91,106,14580.07
7134,40.81,34.53,1,0,7,0,12,-0.0,Clothing,67,0,1.15,168,6856.89
7135,102.42,132.43,1,0,5,0,5,-0.366,Toys,38,0,2.39,101,10344.83
7136,150.32,191.1,1,0,13,0,7,0.366,Clothing,2,1,4.81,209,31417.39
7137,174.7,181.33,3,0,13,0,5,-0.366,Electronics,87,0,2.22,104,18169.06
7138,128.99,144.38,4,0,17,1,12,-0.0,Electronics,40,0,4.46,209,26958.76
7139,137.12,161.92,3,0,12,1,10,-1.7321,Toys,84,1,4.27,161,22076.35
7140,33.99,38.5,0,0,14,0,8,0.0,Toys,56,1,4.78,290,9858.22
7141,189.7,212.44,2,0,2,0,5,-0.366,Electronics,72,0,2.99,100,18969.75
7142,35.19,44.87,2,0,5,0,5,-0.366,Electronics,35,0,4.69,195,6861.87
7143,157.19,166.28,6,1,22,0,5,-0.366,Clothing,49,1,3.97,173,27193.5
7144,60.32,65.25,1,0,19,1,4,0.0,Toys,67,0,4.47,216,13028.06
7145,187.38,226.65,6,1,16,0,11,-1.366,Clothing,96,1,3.93,94,17613.97
7146,146.79,161.76,1,0,19,1,12,-0.0,Electronics,95,0,2.84,189,27743.75
7147,153.22,174.64,0,0,15,0,11,-1.366,Books,44,0,4.68,59,9040.25
7148,51.62,43.39,3,0,5,0,12,-0.0,Toys,31,0,4.2,177,9136.96
7149,94.18,86.9,5,1,7,0,7,0.366,Clothing,65,1,3.56,175,16481.08
7150,127.38,100.43,5,1,12,1,2,1.7321,Toys,76,1,2.93,231,29425.82
7151,156.29,156.84,5,1,12,1,10,-1.7321,Books,18,0,1.38,51,7971.04
7152,29.75,28.96,4,0,19,1,4,0.0,Food,88,0,4.26,216,6426.49
7153,192.85,250.38,0,0,16,0,11,-1.366,Electronics,36,0,2.67,73,14078.01
7154,179.14,191.1,2,0,20,1,3,1.0,Books,62,1,2.44,168,30095.84
7155,61.37,71.91,2,0,22,0,10,-1.7321,Food,29,0,1.92,76,4663.83
7156,166.32,149.76,3,0,21,1,8,0.0,Clothing,89,0,3.17,114,18960.99
7157,108.48,130.06,6,1,2,0,7,0.366,Books,23,1,4.32,200,21696.31
7158,97.74,104.49,0,0,12,1,3,1.0,Food,3,0,2.16,186,18180.24
7159,69.74,77.99,4,0,6,0,4,0.0,Books,30,0,4.68,148,10321.89
7160,120.38,105.54,0,0,19,1,4,0.0,Food,81,0,2.59,99,11918.02
7161,148.68,153.02,0,0,4,0,12,-0.0,Clothing,45,0,4.88,98,14570.54
7162,88.08,95.16,3,0,10,1,10,-1.7321,Clothing,49,0,3.71,125,11009.66
7163,129.55,136.48,4,0,22,0,7,0.366,Clothing,94,0,2.47,106,13732.47
7164,142.87,178.46,5,1,17,1,8,0.0,Clothing,19,0,4.93,154,22001.9
7165,145.11,179.79,2,0,3,0,4,0.0,Clothing,64,0,3.38,143,20751.18
7166,19.87,25.49,1,0,19,1,8,0.0,Food,5,0,4.07,240,4769.65
7167,173.35,190.77,6,1,21,1,1,1.366,Clothing,56,0,2.81,151,26176.16
7168,97.07,124.55,5,1,6,0,9,-1.0,Books,34,0,1.48,85,8250.79
7169,59.86,71.8,4,0,3,0,7,0.366,Books,73,0,4.86,187,11193.64
7170,55.94,48.24,2,0,9,1,4,0.0,Clothing,48,1,2.29,236,13200.72
7171,101.77,97.34,5,1,0,0,8,0.0,Books,26,0,4.67,124,12619.81
7172,178.5,150.48,3,0,16,0,12,-0.0,Clothing,5,0,4.63,93,16600.31
7173,81.89,57.53,6,1,4,0,10,-1.7321,Books,88,0,1.38,55,4503.73
7174,152.45,123.91,4,0,16,0,2,1.7321,Toys,31,0,1.46,124,18903.54
7175,28.4,19.95,4,0,2,0,8,0.0,Electronics,24,0,3.45,210,5963.07
7176,100.45,113.7,2,0,8,0,10,-1.7321,Books,85,0,1.14,90,9040.57
7177,198.42,189.56,2,0,2,0,6,-0.0,Books,22,0,2.68,35,6944.71
7178,156.38,138.8,0,0,2,0,7,0.366,Electronics,22,0,3.11,134,20955.35
7179,50.0,57.85,0,0,8,0,7,0.366,Toys,85,1,1.79,196,9800.08
7180,105.27,126.28,4,0,4,0,2,1.7321,Electronics,57,0,4.08,224,23581.35
7181,54.39,69.9,1,0,23,0,11,-1.366,Books,30,1,2.73,187,10170.69
7182,87.82,95.3,3,0,9,1,2,1.7321,Clothing,47,0,2.69,199,17475.5
7183,158.22,154.56,2,0,14,0,4,0.0,Toys,74,0,1.94,63,9967.61
7184,156.53,138.24,0,0,11,1,6,-0.0,Books,67,0,4.55,155,24262.57
7185,53.34,44.45,3,0,5,0,4,0.0,Clothing,39,0,1.04,125,6667.38
7186,185.22,153.32,6,1,6,0,6,-0.0,Clothing,93,0,1.03,38,7038.45
7187,122.59,115.91,5,1,6,0,5,-0.366,Toys,89,0,4.98,133,16304.2
7188,82.19,106.44,5,1,22,0,6,-0.0,Books,66,0,1.08,136,11177.24
7189,105.37,73.81,4,0,3,0,9,-1.0,Food,77,0,1.62,50,5268.39
7190,124.96,102.26,2,0,12,1,6,-0.0,Clothing,91,0,4.53,166,20743.95
7191,116.38,94.62,5,1,14,0,6,-0.0,Electronics,29,0,3.46,137,15943.95
7192,102.42,115.76,6,1,17,1,11,-1.366,Food,14,1,3.5,158,16181.88
7193,105.94,96.56,2,0,17,1,11,-1.366,Electronics,4,0,2.9,131,13877.78
7194,43.52,42.4,0,0,6,0,8,0.0,Toys,72,0,1.6,145,6310.15
7195,164.42,129.76,5,1,9,1,5,-0.366,Clothing,5,0,2.47,84,13811.22
7196,112.93,106.5,1,0,15,0,5,-0.366,Clothing,44,0,3.87,103,11632.25
7197,34.91,26.59,5,1,22,0,10,-1.7321,Toys,91,0,2.94,125,4363.15
7198,155.57,158.65,2,0,22,0,11,-1.366,Clothing,24,0,3.92,61,9489.76
7199,187.16,142.01,1,0,7,0,1,1.366,Food,98,0,1.03,0,0.0
7200,189.99,223.1,3,0,18,1,6,-0.0,Food,28,0,3.62,67,12729.22
7201,80.11,83.31,5,1,10,1,1,1.366,Toys,24,0,3.37,240,19227.21
7202,35.75,40.55,2,0,20,1,11,-1.366,Books,5,1,4.9,218,7793.11
7203,108.5,103.19,5,1,5,0,8,0.0,Clothing,13,0,4.63,138,14972.44
7204,31.4,29.16,5,1,23,0,10,-1.7321,Food,82,0,3.4,112,3516.32
7205,187.46,142.27,2,0,23,0,9,-1.0,Electronics,55,0,3.3,60,11247.46
7206,44.88,45.52,1,0,9,1,6,-0.0,Clothing,81,0,1.37,204,9155.55
7207,58.03,58.53,0,0,18,1,9,-1.0,Food,30,0,4.76,165,9574.21
7208,87.26,85.59,6,1,13,0,2,1.7321,Food,83,1,3.83,224,19546.45
7209,82.8,94.75,5,1,19,1,9,-1.0,Food,86,0,3.01,120,9936.15
7210,160.99,193.1,4,0,5,0,4,0.0,Books,49,1,4.43,154,24791.84
7211,96.7,111.25,3,0,3,0,3,1.0,Toys,82,0,3.92,156,15085.23
7212,42.45,33.38,2,0,19,1,1,1.366,Books,90,0,3.25,239,10144.59
7213,60.77,65.22,5,1,14,0,1,1.366,Electronics,15,1,3.16,261,15860.94
7214,106.73,79.86,6,1,4,0,8,0.0,Electronics,92,0,4.71,156,16650.12
7215,38.02,42.46,0,0,15,0,2,1.7321,Toys,30,0,4.2,259,9846.21
7216,126.21,117.27,2,0,6,0,1,1.366,Toys,28,0,2.61,136,17165.18
7217,117.49,91.58,5,1,1,0,2,1.7321,Food,84,0,3.52,133,15626.43
7218,145.79,177.46,3,0,12,1,3,1.0,Electronics,4,0,1.79,228,33240.9
7219,188.16,201.04,4,0,1,0,4,0.0,Food,68,1,4.73,89,16746.59
7220,183.33,167.35,2,0,8,0,11,-1.366,Toys,15,1,3.78,104,19066.15
7221,189.75,136.33,5,1,19,1,9,-1.0,Electronics,34,1,4.84,155,29411.93
7222,56.5,57.76,1,0,4,0,7,0.366,Food,75,0,2.17,148,8361.4
7223,35.0,43.88,0,0,2,0,12,-0.0,Clothing,87,0,2.26,157,5494.59
7224,67.43,71.33,4,0,1,0,5,-0.366,Clothing,99,0,4.33,168,11328.67
7225,180.07,231.02,2,0,13,0,5,-0.366,Food,43,0,2.05,36,6482.38
7226,194.69,152.22,5,1,7,0,6,-0.0,Books,99,0,2.43,0,0.0
7227,173.27,180.37,4,0,19,1,1,1.366,Food,75,0,4.54,142,24604.59
7228,30.9,36.43,1,0,11,1,6,-0.0,Electronics,61,0,3.07,231,7138.68
7229,190.01,192.92,2,0,16,0,11,-1.366,Toys,63,0,2.2,31,5890.35
7230,90.44,68.25,4,0,15,0,6,-0.0,Food,2,0,2.64,70,6330.66
7231,11.77,12.35,2,0,5,0,11,-1.366,Electronics,52,1,3.85,207,2436.17
7232,94.05,100.36,2,0,5,0,5,-0.366,Electronics,52,0,1.63,105,9875.76
7233,18.75,21.33,4,0,17,1,10,-1.7321,Clothing,15,0,4.85,208,3900.65
7234,113.34,131.1,2,0,1,0,9,-1.0,Food,40,0,2.97,90,10200.31
7235,74.33,86.4,1,0,7,0,10,-1.7321,Books,28,0,4.06,106,7878.48
7236,99.95,109.75,4,0,22,0,10,-1.7321,Books,95,0,3.81,106,10594.98
7237,126.5,104.93,5,1,13,0,5,-0.366,Toys,96,0,3.72,93,11764.72
7238,175.07,165.01,6,1,1,0,9,-1.0,Toys,98,1,2.68,116,20308.38
7239,135.76,158.25,4,0,16,0,10,-1.7321,Clothing,55,0,1.17,44,5973.5
7240,92.47,117.63,1,0,23,0,7,0.366,Food,50,0,3.97,136,12575.82
7241,165.69,123.83,1,0,15,0,3,1.0,Toys,22,0,4.82,148,24522.31
7242,182.06,185.94,1,0,17,1,11,-1.366,Food,29,1,3.02,96,17477.82
7243,32.75,29.07,5,1,20,1,9,-1.0,Books,72,0,4.82,202,6616.39
7244,111.07,92.77,5,1,5,0,10,-1.7321,Electronics,86,0,3.14,77,8552.18
7245,64.06,64.28,6,1,16,0,7,0.366,Books,12,0,1.67,142,9096.13
7246,18.94,20.15,6,1,17,1,4,0.0,Clothing,87,0,1.96,198,3750.44
7247,137.02,96.72,2,0,13,0,12,-0.0,Food,38,0,4.46,46,6303.1
7248,173.93,203.17,2,0,9,1,9,-1.0,Electronics,2,0,3.49,144,25045.41
7249,40.95,48.81,3,0,3,0,6,-0.0,Electronics,12,0,2.66,205,8395.06
7250,164.36,210.27,6,1,17,1,9,-1.0,Clothing,55,1,4.2,172,28269.68
7251,172.15,139.16,6,1,10,1,4,0.0,Electronics,85,0,3.57,147,25305.34
7252,183.72,194.15,2,0,21,1,10,-1.7321,Food,12,1,4.49,59,10839.76
7253,60.4,57.74,1,0,15,0,2,1.7321,Books,95,0,4.88,241,14557.4
7254,181.75,163.74,3,0,3,0,9,-1.0,Food,9,0,3.6,0,0.0
7255,70.93,73.72,6,1,18,1,10,-1.7321,Toys,79,0,4.88,192,13617.78
7256,114.94,134.42,1,0,5,0,12,-0.0,Electronics,32,1,2.88,216,24827.95
7257,19.6,13.99,0,0,7,0,4,0.0,Electronics,73,0,4.36,201,3938.88
7258,18.34,23.5,6,1,17,1,11,-1.366,Food,88,0,4.63,206,3777.51
7259,146.87,174.18,5,1,18,1,2,1.7321,Clothing,8,0,1.18,181,26583.63
7260,94.45,108.68,4,0,17,1,7,0.366,Food,28,0,4.46,176,16623.41
7261,58.7,67.87,0,0,15,0,7,0.366,Books,56,0,2.63,176,10330.42
7262,46.18,43.1,5,1,6,0,5,-0.366,Clothing,82,1,2.59,207,9558.96
7263,137.29,158.02,5,1,16,0,5,-0.366,Electronics,36,1,4.13,187,25673.45
7264,10.08,9.39,1,0,2,0,8,0.0,Electronics,37,0,1.99,222,2236.94
7265,163.12,202.14,2,0,21,1,6,-0.0,Clothing,32,0,1.13,117,19084.96
7266,25.06,20.2,4,0,14,0,1,1.366,Clothing,85,0,2.08,209,5237.0
7267,46.38,40.6,2,0,3,0,11,-1.366,Clothing,39,0,3.59,99,4591.92
7268,83.38,85.95,2,0,15,0,12,-0.0,Electronics,49,0,4.81,178,14842.51
7269,102.12,91.05,6,1,13,0,4,0.0,Electronics,93,0,2.58,173,17667.31
7270,77.45,73.93,4,0,16,0,1,1.366,Electronics,18,0,4.19,223,17271.14
7271,70.94,70.61,4,0,8,0,5,-0.366,Electronics,23,0,1.8,156,11065.91
7272,193.14,234.44,0,0,6,0,5,-0.366,Electronics,33,0,4.41,131,25301.87
7273,131.9,133.74,1,0,13,0,4,0.0,Food,73,1,4.06,139,18334.12
7274,14.45,13.26,2,0,22,0,9,-1.0,Food,51,0,2.79,175,2529.15
7275,91.73,77.85,1,0,11,1,8,0.0,Food,43,1,4.58,229,21006.95
7276,176.25,166.59,1,0,16,0,10,-1.7321,Clothing,4,0,1.15,0,0.0
7277,67.28,67.91,6,1,8,0,3,1.0,Electronics,80,1,4.14,260,17491.94
7278,27.97,32.1,3,0,11,1,5,-0.366,Food,67,0,1.14,196,5481.28
7279,154.09,119.06,0,0,11,1,6,-0.0,Clothing,72,0,4.46,116,17874.8
7280,125.14,104.24,2,0,7,0,5,-0.366,Books,80,0,1.71,67,8384.56
7281,118.36,109.81,5,1,9,1,8,0.0,Toys,2,0,1.15,145,17162.11
7282,20.18,18.49,4,0,11,1,5,-0.366,Books,45,1,2.24,254,5125.6
7283,36.69,34.31,4,0,4,0,8,0.0,Books,83,0,1.71,163,5981.25
7284,128.28,150.88,1,0,19,1,10,-1.7321,Toys,88,0,3.61,122,15650.7
7285,49.49,44.27,0,0,0,0,10,-1.7321,Clothing,80,0,2.89,120,5938.38
7286,105.77,105.89,0,0,8,0,3,1.0,Toys,40,0,1.52,161,17029.5
7287,113.53,121.97,2,0,14,0,5,-0.366,Clothing,2,0,4.66,145,16461.49
7288,63.87,53.6,2,0,23,0,4,0.0,Books,32,1,2.47,195,12453.94
7289,190.2,215.16,1,0,1,0,11,-1.366,Toys,1,0,2.13,71,13504.26
7290,170.07,174.88,1,0,3,0,6,-0.0,Books,18,0,3.79,91,15476.2
7291,147.25,142.55,1,0,3,0,3,1.0,Toys,64,0,2.57,104,15314.1
7292,24.82,29.43,3,0,22,0,12,-0.0,Toys,32,0,1.58,161,3995.83
7293,30.16,25.52,0,0,2,0,10,-1.7321,Electronics,9,0,3.33,128,3861.08
7294,103.63,127.45,1,0,15,0,4,0.0,Food,55,1,1.12,127,13160.81
7295,40.54,42.02,6,1,7,0,11,-1.366,Food,67,0,3.51,119,4823.73
7296,195.87,208.7,0,0,6,0,4,0.0,Books,24,0,4.47,68,13319.19
7297,40.12,49.15,5,1,11,1,5,-0.366,Books,11,0,2.05,190,7622.58
7298,102.62,122.17,4,0,11,1,11,-1.366,Books,28,1,4.41,187,19189.73
7299,79.18,84.01,4,0,3,0,6,-0.0,Electronics,16,0,1.98,168,13302.74
7300,131.48,151.46,0,0,14,0,2,1.7321,Electronics,93,1,1.81,243,31950.47
7301,34.52,33.14,5,1,5,0,10,-1.7321,Books,12,0,3.86,123,4245.58
7302,91.76,94.37,4,0,2,0,12,-0.0,Electronics,68,0,1.26,132,12112.34
7303,62.19,45.85,4,0,6,0,8,0.0,Toys,90,0,1.16,123,7649.86
7304,178.67,134.7,4,0,21,1,4,0.0,Toys,4,0,2.82,138,24656.84
7305,17.71,21.21,2,0,23,0,7,0.366,Toys,75,0,1.14,167,2957.78
7306,183.61,135.1,5,1,20,1,7,0.366,Food,66,0,2.99,56,10282.06
7307,168.27,134.89,2,0,5,0,12,-0.0,Toys,31,0,3.6,51,8581.71
7308,66.54,78.35,0,0,0,0,10,-1.7321,Food,56,0,1.91,71,4724.23
7309,159.97,112.09,0,0,7,0,11,-1.366,Toys,50,0,4.6,22,3519.23
7310,15.93,13.85,3,0,0,0,11,-1.366,Books,67,0,1.8,125,1991.32
7311,193.7,203.47,2,0,15,0,2,1.7321,Food,89,0,1.95,66,12784.49
7312,110.05,116.36,0,0,2,0,7,0.366,Electronics,98,0,4.65,164,18048.7
7313,67.62,78.87,2,0,1,0,12,-0.0,Food,1,1,3.75,200,13524.68
7314,78.89,79.17,3,0,5,0,1,1.366,Clothing,69,0,3.11,198,15620.38
7315,22.62,22.74,0,0,7,0,12,-0.0,Food,39,0,2.32,179,4048.45
7316,197.98,224.74,0,0,23,0,2,1.7321,Toys,52,0,4.08,151,29894.44
7317,17.47,17.45,0,0,6,0,5,-0.366,Toys,95,0,3.35,152,2654.75
7318,134.43,143.18,0,0,6,0,8,0.0,Toys,36,1,2.37,168,22584.64
7319,94.12,116.58,1,0,23,0,12,-0.0,Electronics,67,0,4.3,192,18071.01
7320,190.29,179.04,5,1,20,1,7,0.366,Books,12,0,4.18,98,18648.82
7321,56.74,52.83,5,1,18,1,3,1.0,Food,61,0,4.76,205,11631.69
7322,111.1,78.0,2,0,17,1,10,-1.7321,Electronics,80,0,4.98,136,15109.12
7323,101.65,108.57,2,0,2,0,9,-1.0,Clothing,72,0,1.05,95,9656.53
7324,143.54,103.05,2,0,10,1,12,-0.0,Food,11,0,2.28,81,11627.11
7325,22.92,22.98,3,0,10,1,5,-0.366,Toys,14,0,1.77,197,4515.62
7326,46.82,55.37,6,1,2,0,3,1.0,Electronics,91,0,1.85,204,9551.27
7327,50.77,52.29,1,0,22,0,7,0.366,Electronics,82,1,4.46,268,13605.64
7328,150.25,129.48,6,1,0,0,4,0.0,Food,54,0,4.9,56,8413.92
7329,45.94,53.82,2,0,22,0,1,1.366,Electronics,8,0,4.76,253,11621.9
7330,118.96,102.53,2,0,21,1,5,-0.366,Electronics,33,0,3.79,168,19985.86
7331,50.9,58.01,0,0,9,1,11,-1.366,Electronics,4,0,3.22,196,9975.68
7332,173.71,185.2,6,1,1,0,8,0.0,Food,30,0,3.55,44,7643.18
7333,189.02,151.59,0,0,16,0,12,-0.0,Toys,84,1,4.42,109,20602.66
7334,108.51,134.89,6,1,8,0,4,0.0,Electronics,94,1,1.03,154,16711.1
7335,76.94,63.12,6,1,17,1,7,0.366,Electronics,91,1,2.71,246,18926.92
7336,54.47,70.47,0,0,19,1,8,0.0,Books,89,0,3.03,205,11166.55
7337,19.46,13.71,2,0,8,0,9,-1.0,Clothing,54,0,4.69,181,3521.97
7338,61.02,52.36,0,0,10,1,11,-1.366,Books,6,0,1.69,115,7016.73
7339,134.3,110.12,2,0,16,0,9,-1.0,Toys,5,0,3.98,73,9804.25
7340,111.39,78.91,6,1,13,0,5,-0.366,Books,78,1,4.7,131,14591.73
7341,189.37,215.77,3,0,17,1,6,-0.0,Food,51,0,4.06,57,10793.97
7342,85.29,95.19,3,0,17,1,7,0.366,Books,14,0,1.04,185,15779.15
7343,141.83,166.71,4,0,11,1,10,-1.7321,Food,34,0,3.64,73,10353.88
7344,102.97,87.94,1,0,17,1,2,1.7321,Books,41,0,1.84,217,22344.78
7345,107.39,103.8,0,0,7,0,9,-1.0,Books,89,0,3.42,75,8054.21
7346,60.88,66.69,5,1,7,0,1,1.366,Clothing,39,0,3.28,213,12966.83
7347,96.44,92.96,0,0,7,0,6,-0.0,Food,18,0,4.83,104,10029.83
7348,99.45,111.22,1,0,19,1,6,-0.0,Toys,20,0,1.76,186,18497.54
7349,144.26,155.86,6,1,14,0,7,0.366,Electronics,8,0,1.2,115,16590.14
7350,188.72,145.09,1,0,7,0,2,1.7321,Toys,26,0,3.45,106,20004.49
7351,72.57,84.81,6,1,13,0,6,-0.0,Books,85,0,2.38,140,10159.95
7352,18.02,20.4,4,0,12,1,6,-0.0,Toys,27,0,4.0,248,4468.49
7353,104.3,114.05,1,0,22,0,9,-1.0,Books,32,0,4.97,122,12724.12
7354,113.45,89.97,2,0,7,0,8,0.0,Books,42,0,2.61,103,11685.11
7355,42.0,36.16,0,0,16,0,5,-0.366,Electronics,50,0,1.61,160,6720.59
7356,154.49,144.59,1,0,18,1,7,0.366,Clothing,81,0,3.22,146,22555.29
7357,197.14,171.11,2,0,5,0,7,0.366,Clothing,49,0,2.38,47,9265.42
7358,189.7,158.72,1,0,16,0,5,-0.366,Electronics,65,0,4.18,103,19538.81
7359,47.45,56.14,5,1,3,0,7,0.366,Toys,63,0,3.14,179,8493.58
7360,176.32,190.94,2,0,6,0,3,1.0,Food,27,1,4.63,130,22921.47
7361,143.85,149.5,3,0,16,0,7,0.366,Electronics,100,0,4.35,154,22153.48
7362,96.23,80.41,2,0,21,1,6,-0.0,Books,75,1,4.66,209,20112.25
7363,112.72,140.99,4,0,21,1,12,-0.0,Clothing,35,1,2.2,224,25248.4
7364,171.42,139.66,6,1,17,1,6,-0.0,Clothing,38,0,4.61,128,21942.28
7365,101.23,119.14,2,0,5,0,2,1.7321,Toys,38,0,4.47,213,21561.06
7366,80.91,103.56,1,0,9,1,2,1.7321,Food,42,0,3.51,210,16990.97
7367,103.72,117.85,3,0,17,1,7,0.366,Electronics,42,0,4.64,241,24995.8
7368,120.03,155.53,3,0,23,0,1,1.366,Books,49,1,1.22,188,22566.52
7369,45.92,50.09,2,0,6,0,9,-1.0,Books,57,1,4.14,205,9414.57
7370,181.17,150.46,1,0,13,0,3,1.0,Food,100,1,1.58,84,15218.49
7371,138.1,113.55,3,0,21,1,6,-0.0,Toys,54,0,2.36,154,21266.71
7372,130.32,116.6,5,1,13,0,3,1.0,Food,10,0,3.92,110,14335.32
7373,28.9,20.36,2,0,9,1,12,-0.0,Toys,60,1,1.84,258,7457.31
7374,124.79,138.4,2,0,21,1,9,-1.0,Toys,40,0,1.92,152,18968.54
7375,32.98,28.4,6,1,8,0,10,-1.7321,Electronics,1,0,1.85,129,4254.75
7376,24.95,29.67,2,0,9,1,12,-0.0,Electronics,86,1,2.82,298,7435.86
7377,110.19,100.88,3,0,1,0,7,0.366,Books,64,0,1.32,110,12120.8
7378,86.53,85.49,0,0,2,0,1,1.366,Clothing,81,1,4.55,263,22757.19
7379,121.87,155.93,1,0,15,0,4,0.0,Toys,12,0,3.92,127,15477.99
7380,26.95,22.78,4,0,9,1,5,-0.366,Books,57,0,3.05,194,5228.73
7381,91.89,104.08,4,0,22,0,7,0.366,Clothing,77,0,1.34,120,11026.41
7382,43.21,49.82,1,0,10,1,7,0.366,Books,89,0,1.5,187,8080.17
7383,197.55,164.48,0,0,9,1,5,-0.366,Toys,26,1,1.39,134,26471.57
7384,116.62,116.69,6,1,11,1,12,-0.0,Clothing,40,1,1.06,186,21691.05
7385,140.61,127.97,6,1,13,0,1,1.366,Food,43,0,3.67,82,11530.27
7386,71.83,83.55,6,1,8,0,5,-0.366,Electronics,97,0,3.04,135,9696.98
7387,28.0,30.06,6,1,12,1,5,-0.366,Electronics,72,1,2.53,261,7308.1
7388,195.42,192.6,1,0,5,0,4,0.0,Clothing,13,0,2.39,56,10943.27
7389,64.39,75.18,2,0,10,1,6,-0.0,Clothing,90,0,2.85,173,11139.33
7390,90.52,76.14,5,1,0,0,8,0.0,Toys,56,0,2.9,123,11134.4
7391,133.47,153.79,1,0,14,0,10,-1.7321,Clothing,17,0,1.56,85,11345.3
7392,14.69,17.91,1,0,6,0,5,-0.366,Electronics,88,0,3.13,189,2776.88
7393,163.95,201.19,5,1,10,1,8,0.0,Toys,24,0,1.19,122,20001.81
7394,111.95,131.0,3,0,16,0,12,-0.0,Books,76,0,4.75,144,16120.78
7395,62.86,59.39,4,0,4,0,5,-0.366,Electronics,95,0,3.86,163,10246.39
7396,21.71,27.98,4,0,8,0,3,1.0,Food,58,1,1.04,233,5057.39
7397,40.87,37.92,2,0,15,0,8,0.0,Toys,80,1,2.16,203,8297.56
7398,180.06,195.03,5,1,10,1,12,-0.0,Food,61,0,4.93,80,14404.51
7399,140.34,111.8,6,1,16,0,4,0.0,Clothing,80,0,1.19,71,9964.47
7400,57.48,74.05,6,1,5,0,3,1.0,Books,94,0,1.59,178,10231.68
7401,22.46,25.21,2,0,14,0,3,1.0,Clothing,28,0,2.91,206,4627.61
7402,141.22,162.69,3,0,2,0,6,-0.0,Electronics,67,1,2.41,197,27819.73
7403,118.76,87.82,2,0,8,0,8,0.0,Books,97,1,4.94,163,19357.47
7404,86.86,100.59,5,1,11,1,10,-1.7321,Electronics,51,0,3.16,139,12073.36
7405,79.09,92.12,5,1,18,1,5,-0.366,Books,88,1,4.76,236,18664.34
7406,51.19,56.47,0,0,17,1,1,1.366,Food,94,0,2.51,234,11979.56
7407,137.23,120.09,3,0,15,0,1,1.366,Electronics,92,0,2.09,166,22779.54
7408,194.43,193.22,5,1,7,0,3,1.0,Electronics,39,0,2.15,113,21970.24
7409,43.39,33.24,5,1,18,1,12,-0.0,Clothing,66,0,3.55,194,8416.86
7410,123.45,121.35,3,0,4,0,12,-0.0,Toys,77,0,3.42,114,14073.55
7411,90.6,76.67,6,1,11,1,6,-0.0,Electronics,74,0,3.21,207,18753.2
7412,94.87,86.28,1,0,5,0,2,1.7321,Books,40,0,1.76,151,14325.5
7413,58.29,46.49,6,1,11,1,1,1.366,Clothing,13,1,2.05,257,14980.01
7414,166.78,139.76,1,0,14,0,7,0.366,Toys,19,0,2.16,97,16177.24
7415,102.2,76.23,0,0,9,1,12,-0.0,Electronics,6,0,4.46,175,17884.75
7416,113.25,141.78,6,1,16,0,2,1.7321,Food,18,0,4.27,164,18572.53
7417,67.9,69.14,5,1,6,0,8,0.0,Clothing,9,0,1.82,119,8080.64
7418,44.54,41.78,3,0,6,0,2,1.7321,Food,81,0,1.59,198,8819.63
7419,26.32,26.88,3,0,20,1,11,-1.366,Books,68,0,1.41,160,4211.68
7420,145.68,156.9,1,0,10,1,1,1.366,Clothing,54,0,1.27,169,24620.37
7421,47.28,59.25,6,1,1,0,10,-1.7321,Clothing,50,0,4.94,128,6052.42
7422,141.11,113.91,4,0,20,1,2,1.7321,Clothing,70,0,4.25,212,29916.24
7423,84.17,73.85,4,0,1,0,2,1.7321,Toys,11,0,1.07,170,14309.16
7424,89.0,114.4,5,1,13,0,7,0.366,Toys,55,1,1.03,207,18422.42
7425,99.14,91.48,1,0,17,1,1,1.366,Electronics,42,0,3.76,234,23199.63
7426,79.86,56.99,5,1,15,0,3,1.0,Food,90,0,2.25,127,10142.81
7427,29.12,22.96,2,0,10,1,5,-0.366,Electronics,11,0,1.4,200,5823.56
7428,68.83,49.27,3,0,8,0,12,-0.0,Food,72,0,2.86,153,10531.0
7429,136.11,176.12,6,1,6,0,7,0.366,Electronics,67,0,1.08,149,20280.32
7430,136.5,118.39,6,1,3,0,6,-0.0,Clothing,2,0,2.7,90,12284.91
7431,64.38,80.74,5,1,15,0,8,0.0,Clothing,82,0,1.95,165,10623.13
7432,97.42,126.4,0,0,13,0,1,1.366,Food,66,0,2.06,124,12080.02
7433,46.75,49.56,6,1,10,1,7,0.366,Clothing,26,0,2.14,249,11641.99
7434,49.97,35.97,4,0,7,0,9,-1.0,Electronics,76,0,2.23,139,6945.93
7435,14.38,10.77,5,1,10,1,7,0.366,Toys,37,0,1.08,207,2976.44
7436,180.38,178.39,2,0,19,1,6,-0.0,Books,90,1,3.28,136,24531.93
7437,50.03,47.22,3,0,16,0,9,-1.0,Electronics,36,0,3.19,150,7505.14
7438,53.23,56.62,6,1,18,1,4,0.0,Food,16,0,3.6,170,9049.34
7439,63.12,60.81,2,0,9,1,12,-0.0,Clothing,78,0,1.64,197,12435.48
7440,34.21,43.12,5,1,11,1,10,-1.7321,Books,66,0,4.98,199,6807.3
7441,131.46,134.2,3,0,0,0,6,-0.0,Books,21,0,1.54,93,12225.78
7442,24.28,27.1,3,0,1,0,6,-0.0,Clothing,7,1,4.25,242,5875.07
7443,35.5,43.94,1,0,17,1,10,-1.7321,Electronics,11,0,1.88,209,7419.18
7444,132.5,104.43,1,0,6,0,3,1.0,Clothing,56,1,2.76,155,20538.09
7445,74.54,62.45,0,0,15,0,7,0.366,Toys,44,0,2.3,142,10584.04
7446,144.51,110.46,0,0,12,1,1,1.366,Food,54,0,2.23,97,14017.48
7447,115.91,90.85,6,1,3,0,11,-1.366,Clothing,93,1,2.95,114,13213.82
7448,58.64,59.09,2,0,9,1,8,0.0,Electronics,57,0,1.96,192,11259.65
7449,133.66,119.32,1,0,8,0,8,0.0,Toys,58,0,3.19,113,15103.28
7450,32.09,30.61,3,0,17,1,8,0.0,Toys,37,1,2.0,283,9082.04
7451,111.92,144.32,1,0,8,0,9,-1.0,Electronics,48,1,4.89,215,24062.36
7452,93.06,73.89,3,0,21,1,4,0.0,Food,62,0,1.96,123,11446.15
7453,60.9,62.39,1,0,9,1,6,-0.0,Books,39,0,4.06,201,12240.09
7454,124.76,94.73,3,0,7,0,11,-1.366,Toys,92,0,2.88,55,6861.85
7455,175.55,156.44,2,0,22,0,12,-0.0,Electronics,64,0,1.15,100,17555.34
7456,199.79,203.09,1,0,10,1,7,0.366,Toys,68,1,1.61,144,28770.03
7457,125.47,159.1,4,0,12,1,2,1.7321,Books,68,1,4.71,300,37642.48
7458,86.89,81.22,4,0,23,0,6,-0.0,Electronics,27,1,4.28,224,19464.28
7459,52.79,39.01,3,0,12,1,8,0.0,Toys,70,1,1.58,208,10980.18
7460,58.85,54.9,2,0,15,0,4,0.0,Electronics,98,0,1.2,148,8709.54
7461,101.1,79.61,3,0,12,1,5,-0.366,Electronics,82,0,1.61,124,12535.96
7462,79.78,66.86,2,0,11,1,8,0.0,Books,60,0,3.34,173,13802.42
7463,183.62,196.64,0,0,14,0,3,1.0,Electronics,44,0,3.53,147,26992.84
7464,79.98,59.22,1,0,15,0,6,-0.0,Food,30,0,2.52,81,6478.07
7465,80.95,79.24,2,0,7,0,1,1.366,Toys,97,0,2.12,199,16109.94
7466,82.87,88.31,3,0,5,0,4,0.0,Clothing,58,0,1.83,159,13176.58
7467,168.96,161.04,6,1,23,0,6,-0.0,Food,84,0,2.76,28,4730.82
7468,133.65,95.09,6,1,7,0,3,1.0,Food,36,0,1.09,59,7885.34
7469,126.69,163.6,0,0,1,0,1,1.366,Electronics,5,0,1.03,182,23057.96
7470,73.49,67.63,6,1,17,1,6,-0.0,Food,99,0,4.19,176,12933.74
7471,165.4,193.05,3,0,10,1,3,1.0,Food,19,0,3.12,120,19848.22
7472,17.29,15.48,4,0,16,0,8,0.0,Food,12,1,4.12,266,4598.91
7473,175.45,172.82,4,0,9,1,7,0.366,Electronics,90,0,1.46,154,27019.53
7474,107.42,100.23,1,0,1,0,11,-1.366,Food,60,0,4.26,64,6875.04
7475,85.67,77.57,5,1,22,0,7,0.366,Clothing,83,0,4.69,172,14734.82
7476,104.46,74.49,1,0,18,1,12,-0.0,Food,11,0,3.13,131,13684.49
7477,136.81,125.32,6,1,19,1,8,0.0,Electronics,53,0,1.42,154,21068.58
7478,12.43,15.33,0,0,19,1,7,0.366,Electronics,20,0,1.49,219,2721.17
7479,175.59,195.65,6,1,19,1,5,-0.366,Books,73,0,1.78,90,15803.54
7480,94.88,74.7,4,0,1,0,10,-1.7321,Books,84,0,1.74,60,5692.83
7481,75.16,79.27,2,0,5,0,8,0.0,Clothing,27,0,4.78,156,11725.53
7482,36.27,44.8,4,0,16,0,8,0.0,Toys,58,0,4.2,206,7470.93
7483,93.5,104.72,5,1,11,1,11,-1.366,Books,5,1,2.27,183,17110.21
7484,104.3,82.32,1,0,4,0,8,0.0,Food,74,0,4.27,113,11786.05
7485,86.69,105.83,3,0,1,0,12,-0.0,Electronics,9,1,4.09,227,19679.28
7486,138.95,122.4,6,1,8,0,10,-1.7321,Books,89,0,2.42,10,1389.45
7487,89.97,87.49,0,0,1,0,6,-0.0,Electronics,77,0,1.12,142,12775.79
7488,192.67,195.69,5,1,21,1,2,1.7321,Food,32,0,1.03,99,19074.26
7489,123.86,149.91,4,0,19,1,8,0.0,Electronics,72,0,2.3,215,26630.49
7490,163.42,205.74,2,0,13,0,10,-1.7321,Electronics,54,0,1.18,54,8824.72
7491,30.78,38.71,5,1,21,1,1,1.366,Books,45,0,1.48,247,7602.07
7492,85.49,60.25,2,0,14,0,9,-1.0,Electronics,27,0,2.02,117,10001.79
7493,74.0,92.73,2,0,1,0,9,-1.0,Food,86,0,1.72,106,7844.11
7494,118.2,86.6,0,0,17,1,6,-0.0,Clothing,28,0,1.58,108,12765.78
7495,173.61,149.21,2,0,11,1,10,-1.7321,Electronics,18,0,2.05,95,16493.1
7496,24.88,25.11,2,0,6,0,6,-0.0,Electronics,87,0,3.95,176,4379.63
7497,23.79,23.5,4,0,15,0,6,-0.0,Food,31,0,2.78,155,3687.33
7498,171.56,182.34,0,0,18,1,11,-1.366,Toys,41,0,3.65,122,20930.36
7499,50.44,49.82,3,0,2,0,4,0.0,Food,34,1,4.72,205,10340.51
7500,137.06,172.79,3,0,14,0,1,1.366,Books,7,0,1.01,147,20148.28
7501,113.15,95.53,2,0,14,0,1,1.366,Books,5,0,4.8,167,18895.52
7502,168.25,145.44,5,1,6,0,1,1.366,Clothing,21,0,2.12,116,19516.97
7503,33.77,42.29,1,0,7,0,5,-0.366,Electronics,6,0,2.15,165,5571.54
7504,34.66,25.86,0,0,6,0,7,0.366,Clothing,45,1,3.52,231,8006.17
7505,115.8,123.41,6,1,2,0,1,1.366,Clothing,35,0,2.44,164,18990.46
7506,189.81,210.51,1,0,18,1,1,1.366,Electronics,87,0,1.32,203,38531.82
7507,88.85,89.15,0,0,22,0,12,-0.0,Electronics,3,0,3.85,189,16792.57
7508,72.12,80.52,0,0,18,1,11,-1.366,Food,33,0,1.73,111,8005.21
7509,125.27,100.67,4,0,17,1,12,-0.0,Clothing,38,0,4.72,185,23175.13
7510,186.79,226.31,2,0,6,0,6,-0.0,Clothing,87,0,4.95,88,16437.1
7511,169.02,132.51,4,0,18,1,11,-1.366,Books,80,1,1.72,79,13352.29
7512,199.14,187.29,5,1,4,0,2,1.7321,Clothing,89,1,4.01,179,35646.4
7513,14.29,10.65,6,1,22,0,2,1.7321,Food,16,0,4.97,263,3757.75
7514,31.44,32.3,1,0,12,1,12,-0.0,Toys,89,0,4.82,262,8238.08
7515,125.8,138.61,1,0,1,0,7,0.366,Clothing,71,0,3.26,128,16102.26
7516,165.91,209.83,3,0,23,0,9,-1.0,Food,8,0,2.25,40,6636.38
7517,64.2,73.42,5,1,17,1,8,0.0,Food,3,0,1.05,154,9886.25
7518,55.45,56.82,6,1,3,0,2,1.7321,Toys,69,0,4.59,219,12143.57
7519,159.53,200.93,5,1,3,0,7,0.366,Food,19,0,1.14,53,8454.85
7520,20.71,20.44,4,0,7,0,5,-0.366,Books,7,0,3.31,161,3334.72
7521,80.18,83.13,4,0,10,1,11,-1.366,Toys,86,0,1.74,120,9621.92
7522,106.1,112.22,5,1,0,0,10,-1.7321,Books,90,1,1.97,103,10928.69
7523,116.47,110.18,4,0,8,0,12,-0.0,Clothing,50,0,1.09,96,11180.76
7524,148.44,178.58,3,0,5,0,4,0.0,Clothing,89,1,1.15,140,20781.16
7525,77.42,62.8,6,1,3,0,12,-0.0,Food,6,0,2.4,126,9755.01
7526,126.41,130.57,6,1,5,0,10,-1.7321,Food,5,0,4.51,45,5688.45
7527,121.22,137.38,4,0,12,1,4,0.0,Toys,61,0,3.26,152,18425.64
7528,114.05,141.69,4,0,21,1,4,0.0,Clothing,86,0,3.15,167,19045.86
7529,131.69,162.03,6,1,8,0,9,-1.0,Electronics,95,0,3.48,136,17910.09
7530,59.3,59.61,5,1,13,0,7,0.366,Food,58,1,3.14,209,12392.73
7531,26.08,28.32,6,1,11,1,7,0.366,Toys,22,0,2.22,208,5425.32
7532,32.66,30.59,5,1,3,0,4,0.0,Food,57,0,4.52,166,5421.83
7533,52.67,51.66,4,0,7,0,9,-1.0,Toys,75,0,2.9,128,6741.84
7534,105.04,130.64,4,0,16,0,8,0.0,Clothing,32,0,4.01,158,16595.94
7535,169.68,213.53,5,1,21,1,10,-1.7321,Food,17,0,4.65,59,10011.36
7536,143.25,177.23,1,0,4,0,4,0.0,Food,58,1,1.01,117,16759.75
7537,159.92,125.22,2,0,2,0,6,-0.0,Electronics,41,0,2.91,119,19030.21
7538,76.69,92.79,1,0,3,0,4,0.0,Clothing,22,0,3.42,166,12729.77
7539,86.88,110.26,4,0,7,0,1,1.366,Toys,80,0,3.01,203,17637.49
7540,84.8,77.74,0,0,15,0,5,-0.366,Electronics,42,0,4.61,133,11278.34
7541,46.46,46.98,0,0,10,1,10,-1.7321,Toys,79,0,4.76,160,7432.94
7542,21.63,25.25,3,0,1,0,11,-1.366,Food,8,0,1.54,133,2876.94
7543,122.27,126.83,1,0,7,0,3,1.0,Books,46,0,2.21,114,13939.24
7544,197.95,256.56,5,1,6,0,1,1.366,Food,48,0,2.06,69,13658.63
7545,41.7,40.59,3,0,0,0,2,1.7321,Clothing,3,0,2.99,246,10257.62
7546,18.87,21.29,3,0,1,0,2,1.7321,Toys,77,0,2.53,220,4151.43
7547,158.11,185.87,0,0,22,0,8,0.0,Electronics,30,0,2.44,136,21503.1
7548,57.99,57.79,1,0,12,1,4,0.0,Food,28,0,3.14,206,11946.22
7549,167.63,203.54,2,0,10,1,3,1.0,Toys,73,0,2.96,151,25312.48
7550,143.75,147.73,6,1,2,0,4,0.0,Electronics,76,1,2.86,170,24437.15
7551,189.68,179.62,5,1,1,0,10,-1.7321,Food,25,0,1.45,0,0.0
7552,87.7,67.06,1,0,15,0,1,1.366,Books,37,1,3.16,218,19117.77
7553,135.77,127.09,3,0,0,0,1,1.366,Books,85,0,1.24,106,14392.07
7554,98.32,112.12,4,0,6,0,5,-0.366,Food,51,0,3.47,114,11208.75
7555,129.81,162.62,3,0,2,0,7,0.366,Clothing,39,0,3.49,122,15837.05
7556,95.42,81.21,1,0,21,1,9,-1.0,Books,83,0,2.04,110,10496.62
7557,45.84,41.86,0,0,15,0,7,0.366,Toys,72,0,1.54,157,7196.9
7558,106.5,84.39,6,1,23,0,11,-1.366,Clothing,67,0,4.19,83,8839.54
7559,110.43,123.07,1,0,5,0,5,-0.366,Clothing,86,0,4.08,129,14245.6
7560,164.01,209.3,2,0,13,0,3,1.0,Food,1,1,4.78,172,28210.53
7561,149.75,162.41,5,1,22,0,8,0.0,Toys,38,0,2.79,109,16322.63
7562,136.12,145.68,5,1,10,1,12,-0.0,Toys,52,0,2.26,153,20826.42
7563,31.54,32.56,4,0,21,1,7,0.366,Electronics,63,0,2.21,196,6182.54
7564,146.92,110.64,4,0,22,0,4,0.0,Books,52,0,1.72,55,8080.44
7565,105.06,119.52,3,0,20,1,1,1.366,Books,83,0,2.4,199,20906.54
7566,179.88,190.89,1,0,18,1,3,1.0,Clothing,85,0,1.51,165,29680.02
7567,184.78,202.68,5,1,21,1,11,-1.366,Clothing,60,0,4.49,93,17184.12
7568,20.48,25.38,0,0,0,0,8,0.0,Food,13,0,2.39,175,3583.96
7569,165.92,194.19,2,0,20,1,2,1.7321,Toys,91,1,3.19,272,45130.76
7570,17.16,20.06,3,0,12,1,9,-1.0,Books,17,0,1.27,172,2951.95
7571,79.76,100.21,1,0,19,1,4,0.0,Electronics,84,1,2.12,240,19142.93
7572,113.04,146.27,0,0,8,0,7,0.366,Books,30,1,1.89,171,19329.33
7573,38.14,40.0,1,0,10,1,10,-1.7321,Books,38,0,4.55,182,6941.33
7574,151.8,116.18,0,0,0,0,12,-0.0,Books,11,0,1.72,79,11992.17
7575,11.59,11.3,6,1,12,1,7,0.366,Clothing,27,1,4.18,309,3580.5
7576,42.03,49.29,1,0,19,1,12,-0.0,Toys,38,0,2.13,204,8574.9
7577,120.35,86.25,1,0,0,0,8,0.0,Toys,28,1,1.84,137,16488.14
7578,145.73,106.99,6,1,2,0,7,0.366,Books,26,0,1.04,29,4226.28
7579,184.16,136.33,5,1,19,1,11,-1.366,Toys,33,0,2.17,24,4419.89
7580,144.04,164.01,3,0,16,0,4,0.0,Food,32,0,1.28,54,7778.4
7581,137.64,137.73,1,0,4,0,12,-0.0,Clothing,54,0,2.45,84,11561.6
7582,84.92,78.24,1,0,5,0,7,0.366,Clothing,25,0,1.21,129,10955.3
7583,10.24,7.82,3,0,16,0,5,-0.366,Toys,24,0,1.26,155,1587.83
7584,32.83,37.4,3,0,9,1,12,-0.0,Books,40,0,2.42,198,6500.39
7585,111.57,99.58,4,0,10,1,10,-1.7321,Books,27,0,2.79,72,8032.71
7586,138.27,118.8,4,0,12,1,7,0.366,Books,46,0,2.33,113,15625.04
7587,89.32,97.48,5,1,9,1,3,1.0,Toys,86,0,1.09,229,20453.17
7588,148.83,154.1,3,0,13,0,10,-1.7321,Books,84,1,1.71,63,9376.23
7589,109.15,100.14,6,1,12,1,11,-1.366,Toys,97,0,4.76,137,14954.08
7590,24.09,26.14,2,0,3,0,7,0.366,Electronics,69,0,3.29,202,4866.88
7591,46.48,40.1,5,1,19,1,7,0.366,Toys,93,0,4.42,245,11388.36
7592,169.6,199.6,0,0,16,0,2,1.7321,Food,69,1,1.21,141,23913.55
7593,147.73,123.74,3,0,17,1,8,0.0,Books,39,0,1.03,87,12852.81
7594,180.0,143.16,4,0,10,1,7,0.366,Books,81,0,4.13,96,17280.46
7595,32.34,37.82,1,0,9,1,9,-1.0,Clothing,29,0,2.54,179,5788.12
7596,198.14,222.86,3,0,20,1,12,-0.0,Toys,75,0,2.48,93,18427.23
7597,49.79,40.31,3,0,17,1,4,0.0,Electronics,86,0,1.95,192,9559.16
7598,12.24,9.42,4,0,18,1,9,-1.0,Books,31,0,1.64,212,2594.49
7599,199.51,240.02,4,0,8,0,1,1.366,Clothing,65,1,4.31,202,40301.09
7600,63.4,73.93,2,0,4,0,5,-0.366,Toys,15,0,1.25,121,7671.89
7601,136.92,122.73,5,1,0,0,10,-1.7321,Clothing,83,1,2.99,77,10543.12
7602,43.57,47.71,4,0,4,0,7,0.366,Electronics,74,0,2.44,214,9323.9
7603,120.24,93.13,4,0,2,0,4,0.0,Toys,9,0,2.1,85,10220.69
7604,181.77,182.54,4,0,0,0,7,0.366,Books,13,0,4.04,54,9815.4
7605,70.83,50.38,5,1,18,1,12,-0.0,Toys,45,1,4.52,237,16787.76
7606,137.35,128.42,1,0,5,0,9,-1.0,Books,90,0,1.78,40,5493.93
7607,45.7,34.04,3,0,9,1,5,-0.366,Food,6,0,1.31,173,7906.39
7608,128.71,126.79,3,0,4,0,5,-0.366,Books,44,0,2.5,64,8237.51
7609,73.93,70.45,4,0,11,1,2,1.7321,Clothing,2,0,2.76,256,18924.95
7610,50.13,48.46,6,1,11,1,5,-0.366,Electronics,29,0,1.21,176,8822.8
7611,69.5,50.54,6,1,16,0,8,0.0,Toys,48,1,2.88,192,13344.88
7612,43.98,40.33,5,1,1,0,4,0.0,Food,12,0,4.8,197,8664.02
7613,181.36,209.27,2,0,20,1,2,1.7321,Food,87,0,2.54,154,27930.07
7614,85.47,78.74,4,0,13,0,8,0.0,Food,67,0,4.6,140,11965.17
7615,56.6,63.91,5,1,11,1,4,0.0,Clothing,50,0,4.39,221,12509.28
7616,95.2,87.74,5,1,12,1,5,-0.366,Books,11,1,2.75,174,16564.36
7617,70.9,67.64,2,0,4,0,12,-0.0,Food,5,0,3.83,166,11769.71
7618,151.44,157.25,5,1,4,0,7,0.366,Electronics,45,1,1.84,181,27410.58
7619,194.53,247.13,3,0,16,0,11,-1.366,Electronics,74,1,1.54,129,25094.6
7620,93.23,71.35,2,0,4,0,5,-0.366,Toys,47,1,1.01,147,13704.28
7621,173.6,124.95,2,0,23,0,10,-1.7321,Electronics,6,0,1.29,24,4166.31
7622,117.51,125.13,0,0,18,1,4,0.0,Books,80,1,3.51,168,19742.35
7623,39.87,50.62,2,0,3,0,7,0.366,Books,95,1,4.54,238,9490.2
7624,141.22,182.71,2,0,6,0,4,0.0,Food,87,0,4.91,99,13980.61
7625,107.55,106.53,1,0,22,0,10,-1.7321,Books,94,0,2.93,48,5162.52
7626,133.62,131.06,3,0,16,0,12,-0.0,Books,84,0,1.56,72,9620.3
7627,179.04,194.61,4,0,10,1,4,0.0,Food,89,1,1.0,89,15934.61
7628,93.68,96.81,0,0,5,0,2,1.7321,Toys,99,0,4.94,210,19673.34
7629,181.22,195.8,2,0,12,1,5,-0.366,Books,69,0,4.27,100,18122.37
7630,152.63,186.88,1,0,11,1,8,0.0,Books,63,0,3.09,137,20909.91
7631,102.83,118.03,1,0,4,0,4,0.0,Clothing,67,0,1.98,151,15528.08
7632,124.61,124.38,5,1,23,0,11,-1.366,Toys,47,0,3.07,89,11090.49
7633,71.86,70.22,4,0,9,1,2,1.7321,Food,34,0,4.35,230,16527.9
7634,196.88,213.37,4,0,10,1,9,-1.0,Clothing,12,0,3.22,101,19885.23
7635,136.8,133.16,6,1,8,0,6,-0.0,Clothing,27,1,4.98,158,21613.88
7636,18.33,17.87,3,0,12,1,3,1.0,Toys,69,0,1.43,251,4601.06
7637,72.06,51.15,6,1,2,0,10,-1.7321,Books,86,1,4.93,162,11673.42
7638,128.43,103.31,5,1,16,0,11,-1.366,Food,68,0,3.34,0,0.0
7639,20.7,20.56,2,0,17,1,5,-0.366,Toys,28,0,3.27,218,4513.32
7640,14.54,17.35,1,0,4,0,6,-0.0,Clothing,71,1,2.44,229,3329.2
7641,95.5,82.83,0,0,15,0,9,-1.0,Electronics,45,0,1.16,108,10314.5
7642,73.21,74.21,3,0,22,0,5,-0.366,Food,98,0,4.04,126,9224.6
7643,93.28,84.6,2,0,15,0,9,-1.0,Electronics,2,0,2.1,114,10633.55
7644,59.91,45.71,5,1,10,1,1,1.366,Books,9,0,2.4,201,12042.26
7645,41.3,52.65,4,0,21,1,12,-0.0,Toys,79,1,3.13,283,11686.87
7646,140.94,170.93,5,1,3,0,10,-1.7321,Books,31,0,1.23,24,3382.49
7647,107.77,80.51,2,0,8,0,4,0.0,Toys,36,0,1.04,80,8621.48
7648,48.03,54.36,5,1,14,0,1,1.366,Clothing,15,0,1.42,188,9029.51
7649,70.72,64.25,4,0,11,1,2,1.7321,Books,97,0,3.94,242,17114.72
7650,122.44,158.8,2,0,15,0,2,1.7321,Electronics,62,0,1.76,194,23754.04
7651,23.72,20.91,0,0,3,0,10,-1.7321,Clothing,31,0,3.06,108,2562.15
7652,38.02,32.06,6,1,2,0,11,-1.366,Toys,27,0,1.74,119,4523.91
7653,23.92,24.89,3,0,20,1,5,-0.366,Clothing,2,0,2.14,192,4592.0
7654,164.34,197.39,5,1,3,0,1,1.366,Electronics,73,0,1.15,146,23993.68
7655,152.96,124.74,4,0,1,0,10,-1.7321,Food,43,0,2.47,0,0.0
7656,153.13,172.37,0,0,18,1,3,1.0,Toys,1,0,1.55,208,31850.93
7657,146.1,107.65,1,0,6,0,11,-1.366,Food,83,0,3.23,6,876.61
7658,137.18,171.67,0,0,1,0,6,-0.0,Clothing,9,0,4.34,133,18245.37
7659,100.63,75.33,0,0,0,0,1,1.366,Books,60,1,4.51,217,21836.38
7660,132.03,164.85,0,0,17,1,12,-0.0,Toys,2,0,4.73,210,27726.9
7661,17.29,17.19,4,0,7,0,11,-1.366,Clothing,58,0,1.5,99,1711.58
7662,128.08,124.09,1,0,7,0,1,1.366,Toys,65,0,3.07,154,19724.05
7663,157.8,202.61,3,0,9,1,3,1.0,Electronics,12,1,1.46,245,38660.21
7664,105.07,135.98,0,0,17,1,9,-1.0,Clothing,55,0,2.23,132,13868.99
7665,77.93,84.95,4,0,21,1,2,1.7321,Books,90,0,1.93,209,16286.85
7666,62.71,48.68,4,0,10,1,12,-0.0,Toys,10,1,1.05,191,11977.82
7667,132.13,132.62,3,0,22,0,6,-0.0,Books,65,0,4.73,103,13609.64
7668,141.63,144.11,6,1,0,0,3,1.0,Books,65,0,4.13,130,18412.19
7669,175.48,177.0,2,0,6,0,6,-0.0,Electronics,61,1,3.08,166,29130.32
7670,75.04,78.17,1,0,7,0,11,-1.366,Food,95,0,2.38,71,5328.09
7671,156.26,111.14,1,0,13,0,11,-1.366,Clothing,75,0,2.65,23,3593.9
7672,116.66,131.44,5,1,23,0,7,0.366,Food,69,0,1.82,99,11549.1
7673,177.74,200.39,0,0,18,1,7,0.366,Food,35,0,4.87,104,18484.85
7674,110.28,84.84,2,0,7,0,2,1.7321,Electronics,11,0,2.14,180,19851.17
7675,108.35,112.92,6,1,18,1,3,1.0,Books,68,0,1.3,171,18527.79
7676,119.8,124.71,1,0,21,1,4,0.0,Books,38,0,3.26,140,16771.53
7677,152.37,169.05,6,1,3,0,8,0.0,Clothing,39,0,4.0,113,17217.8
7678,193.29,145.21,5,1,22,0,5,-0.366,Electronics,21,0,4.89,72,13916.97
7679,23.98,25.8,0,0,23,0,1,1.366,Toys,36,0,3.49,212,5083.13
7680,20.15,17.5,2,0,9,1,9,-1.0,Books,92,1,1.74,227,4574.63
7681,188.13,188.93,4,0,21,1,1,1.366,Clothing,72,0,2.56,156,29348.99
7682,110.68,128.83,0,0,9,1,2,1.7321,Toys,20,0,2.27,222,24570.15
7683,126.83,142.48,2,0,3,0,7,0.366,Food,43,0,1.08,74,9385.54
7684,101.66,78.41,3,0,7,0,11,-1.366,Electronics,21,0,2.57,72,7319.55
7685,27.79,29.32,1,0,6,0,3,1.0,Toys,35,0,4.2,239,6642.98
7686,155.94,199.83,6,1,14,0,6,-0.0,Books,64,0,2.62,104,16217.45
7687,151.97,120.68,0,0,7,0,8,0.0,Clothing,32,1,4.41,117,17780.8
7688,69.22,83.88,5,1,9,1,5,-0.366,Clothing,36,0,3.97,212,14675.41
7689,68.19,76.47,4,0,6,0,1,1.366,Electronics,69,0,3.88,210,14318.95
7690,169.19,197.01,5,1,18,1,10,-1.7321,Food,52,0,2.52,35,5921.65
7691,23.75,20.64,6,1,2,0,12,-0.0,Books,4,0,1.21,190,4512.1
7692,177.41,154.83,0,0,8,0,3,1.0,Food,7,0,4.53,46,8160.86
7693,58.77,73.08,1,0,15,0,11,-1.366,Electronics,98,0,3.55,142,8344.73
7694,122.67,112.35,1,0,13,0,2,1.7321,Electronics,84,0,1.36,159,19504.07
7695,187.84,138.59,2,0,6,0,6,-0.0,Food,71,0,1.33,0,0.0
7696,138.84,147.22,5,1,11,1,5,-0.366,Toys,24,0,3.46,140,19438.06
7697,88.74,68.77,5,1,0,0,7,0.366,Toys,21,0,2.69,121,10737.74
7698,141.01,166.11,4,0,15,0,2,1.7321,Electronics,57,0,1.76,184,25946.12
7699,75.36,81.77,6,1,2,0,6,-0.0,Toys,73,0,1.96,162,12207.69
7700,62.68,76.77,2,0,0,0,11,-1.366,Toys,19,0,2.54,120,7521.49
7701,199.37,233.44,4,0,5,0,5,-0.366,Clothing,84,1,4.0,103,20535.09
7702,152.65,117.12,0,0,1,0,6,-0.0,Food,28,0,1.79,5,763.25
7703,132.5,123.04,0,0,6,0,5,-0.366,Clothing,32,0,3.81,104,13779.67
7704,77.51,90.27,5,1,7,0,7,0.366,Clothing,34,0,1.72,166,12865.84
7705,19.34,18.38,6,1,12,1,5,-0.366,Electronics,16,0,4.05,238,4603.05
7706,15.9,20.41,2,0,15,0,7,0.366,Electronics,38,0,4.6,184,2925.75
7707,115.29,131.6,6,1,21,1,1,1.366,Electronics,81,0,2.77,214,24673.01
7708,154.79,109.79,3,0,20,1,9,-1.0,Clothing,75,0,3.57,86,13311.61
7709,112.1,137.66,1,0,9,1,6,-0.0,Books,4,1,2.07,244,27352.9
7710,169.75,129.09,6,1,3,0,9,-1.0,Clothing,56,1,4.71,60,10184.95
7711,16.35,12.82,2,0,23,0,1,1.366,Clothing,40,0,2.7,237,3875.2
7712,79.68,90.89,6,1,20,1,2,1.7321,Clothing,50,0,2.99,228,18167.7
7713,55.04,67.1,2,0,12,1,7,0.366,Toys,40,0,2.05,206,11338.94
7714,94.98,97.05,0,0,16,0,4,0.0,Toys,82,0,1.78,125,11872.73
7715,23.75,20.75,1,0,7,0,10,-1.7321,Electronics,49,0,1.91,138,3277.71
7716,191.29,174.22,6,1,7,0,1,1.366,Clothing,48,0,2.9,98,18745.93
7717,52.42,47.48,6,1,22,0,5,-0.366,Clothing,6,0,1.55,129,6761.99
7718,185.24,165.97,6,1,6,0,4,0.0,Electronics,96,0,2.55,89,16486.22
7719,90.92,76.89,2,0,23,0,6,-0.0,Food,5,0,2.53,105,9546.57
7720,197.25,210.13,6,1,0,0,7,0.366,Books,79,0,2.73,57,11243.23
7721,115.27,142.96,0,0,14,0,11,-1.366,Books,45,0,2.69,63,7262.08
7722,186.86,165.23,0,0,14,0,3,1.0,Food,16,0,2.1,45,8408.62
7723,11.02,8.95,5,1,18,1,6,-0.0,Electronics,17,0,2.47,255,2809.16
7724,152.17,183.08,5,1,3,0,2,1.7321,Food,59,0,4.61,144,21911.81
7725,181.58,207.92,2,0,5,0,12,-0.0,Books,56,1,1.15,102,18521.12
7726,36.55,45.99,2,0,9,1,10,-1.7321,Food,79,0,1.35,159,5810.96
7727,28.26,22.59,0,0,11,1,4,0.0,Clothing,35,0,4.72,239,6755.07
7728,90.67,71.32,5,1,3,0,10,-1.7321,Toys,8,1,2.08,114,10336.24
7729,187.4,192.06,6,1,5,0,9,-1.0,Clothing,99,0,2.22,58,10869.14
7730,113.05,120.82,6,1,13,0,7,0.366,Books,61,0,2.38,118,13340.31
7731,110.22,108.91,2,0,12,1,2,1.7321,Toys,100,0,1.41,207,22814.86
7732,36.81,39.0,1,0,21,1,6,-0.0,Toys,27,0,4.08,241,8872.16
7733,10.15,8.2,0,0,20,1,4,0.0,Food,78,1,1.65,274,2781.1
7734,163.93,161.92,0,0,2,0,8,0.0,Clothing,87,0,3.81,76,12458.42
7735,26.64,29.17,2,0,20,1,12,-0.0,Food,20,0,1.93,213,5674.14
7736,130.43,125.17,2,0,14,0,8,0.0,Books,57,0,3.73,104,13564.87
7737,183.78,203.56,2,0,2,0,1,1.366,Toys,70,0,4.89,161,29588.12
7738,49.64,48.19,6,1,4,0,8,0.0,Food,88,0,3.04,159,7893.37
7739,136.4,122.78,6,1,12,1,10,-1.7321,Toys,23,0,2.28,79,10775.75
7740,24.95,22.01,1,0,14,0,7,0.366,Clothing,100,0,2.51,199,4965.59
7741,124.71,118.05,0,0,16,0,1,1.366,Books,76,0,2.54,125,15589.18
7742,41.15,29.37,3,0,5,0,3,1.0,Clothing,2,0,1.5,189,7776.79
7743,149.83,164.98,1,0,22,0,5,-0.366,Food,27,1,4.28,117,17530.25
7744,67.23,81.16,1,0,17,1,3,1.0,Food,32,1,2.52,248,16674.02
7745,98.04,89.49,6,1,2,0,3,1.0,Electronics,93,0,3.87,217,21275.61
7746,123.89,90.15,5,1,8,0,1,1.366,Clothing,50,0,2.08,114,14123.67
7747,42.54,54.97,0,0,7,0,8,0.0,Books,64,0,2.43,136,5785.7
7748,150.91,129.51,6,1,19,1,9,-1.0,Toys,40,0,4.55,132,19920.28
7749,67.5,52.38,3,0,10,1,5,-0.366,Electronics,33,0,2.7,180,12150.3
7750,135.85,125.23,0,0,23,0,1,1.366,Books,29,0,2.41,142,19290.79
7751,40.07,45.81,1,0,10,1,1,1.366,Clothing,33,0,2.25,244,9778.0
7752,140.74,123.34,2,0,7,0,9,-1.0,Toys,100,0,4.57,86,12103.84
7753,34.36,35.9,0,0,21,1,1,1.366,Books,17,0,2.69,292,10031.87
7754,90.82,86.22,0,0,0,0,9,-1.0,Electronics,74,0,4.51,137,12442.03
7755,56.97,43.9,2,0,1,0,3,1.0,Toys,65,0,2.2,180,10254.45
7756,152.19,136.69,3,0,19,1,3,1.0,Clothing,43,0,4.91,187,28459.77
7757,59.79,67.85,3,0,3,0,4,0.0,Toys,63,0,3.01,168,10044.16
7758,177.53,189.46,0,0,1,0,5,-0.366,Clothing,81,1,1.66,100,17752.63
7759,179.45,138.51,6,1,1,0,6,-0.0,Food,92,0,2.7,0,0.0
7760,47.32,37.76,2,0,12,1,6,-0.0,Food,100,0,3.73,183,8660.26
7761,126.63,137.32,5,1,21,1,10,-1.7321,Clothing,58,1,4.55,160,20260.92
7762,26.67,31.68,0,0,20,1,9,-1.0,Books,91,0,1.51,187,4986.61
7763,84.39,76.77,2,0,19,1,1,1.366,Electronics,43,0,3.23,253,21351.19
7764,145.53,153.85,1,0,5,0,9,-1.0,Food,37,0,3.13,26,3783.81
7765,135.29,108.56,5,1,3,0,4,0.0,Books,46,0,2.31,88,11905.56
7766,128.69,114.13,2,0,14,0,7,0.366,Toys,25,0,2.63,129,16601.41
7767,63.68,45.35,6,1,22,0,6,-0.0,Food,98,0,2.22,116,7387.2
7768,81.82,95.0,0,0,2,0,9,-1.0,Books,67,0,2.21,112,9164.37
7769,29.56,27.8,4,0,3,0,2,1.7321,Electronics,93,0,3.13,258,7626.42
7770,146.61,174.42,3,0,16,0,11,-1.366,Toys,99,0,1.24,65,9529.93
7771,105.74,118.96,0,0,5,0,2,1.7321,Food,51,0,2.93,156,16495.26
7772,144.67,173.2,2,0,1,0,7,0.366,Food,74,0,2.3,66,9547.92
7773,57.3,49.93,5,1,19,1,12,-0.0,Electronics,38,0,2.86,202,11574.45
7774,71.64,58.11,5,1,12,1,9,-1.0,Clothing,38,0,4.9,170,12179.35
7775,73.5,94.31,2,0,14,0,5,-0.366,Food,1,0,3.97,138,10143.13
7776,14.89,16.83,3,0,4,0,7,0.366,Clothing,54,0,4.45,200,2978.21
7777,74.8,89.79,0,0,23,0,11,-1.366,Electronics,65,0,2.49,136,10172.68
7778,162.63,115.12,5,1,18,1,8,0.0,Electronics,96,0,3.82,138,22442.65
7779,180.49,164.73,5,1,5,0,8,0.0,Books,22,0,2.85,19,3429.25
7780,108.46,124.26,4,0,16,0,4,0.0,Food,61,0,3.39,101,10954.61
7781,96.55,72.1,1,0,0,0,10,-1.7321,Toys,58,0,2.75,65,6275.45
7782,15.86,16.5,4,0,1,0,7,0.366,Toys,54,1,1.53,238,3773.89
7783,177.05,169.51,1,0,0,0,1,1.366,Electronics,19,0,4.79,176,31160.59
7784,12.47,8.86,5,1,7,0,4,0.0,Toys,99,0,3.83,207,2581.69
7785,189.5,159.48,1,0,3,0,12,-0.0,Toys,70,0,3.4,63,11938.66
7786,102.95,89.66,0,0,17,1,5,-0.366,Toys,34,1,3.24,206,21207.92
7787,74.97,57.51,5,1,22,0,10,-1.7321,Books,79,0,3.89,69,5172.76
7788,185.6,200.25,5,1,23,0,12,-0.0,Books,44,0,3.13,52,9651.28
7789,14.63,12.37,1,0,8,0,7,0.366,Electronics,67,0,1.86,178,2604.9
7790,120.47,104.4,2,0,14,0,12,-0.0,Toys,52,0,1.03,103,12408.49
7791,114.3,141.61,1,0,15,0,6,-0.0,Electronics,22,0,2.53,188,21487.87
7792,51.67,50.65,1,0,20,1,4,0.0,Electronics,29,0,3.25,223,11522.61
7793,91.49,85.57,3,0,2,0,3,1.0,Electronics,14,0,2.49,196,17931.77
7794,133.93,151.92,3,0,0,0,11,-1.366,Books,94,0,3.13,73,9776.9
7795,148.15,184.57,0,0,23,0,6,-0.0,Books,62,1,3.66,134,19852.76
7796,10.14,7.25,0,0,12,1,10,-1.7321,Food,15,0,4.24,190,1925.88
7797,188.0,182.16,2,0,13,0,12,-0.0,Toys,93,0,2.19,51,9588.11
7798,41.26,44.0,3,0,5,0,5,-0.366,Clothing,14,0,3.53,144,5941.41
7799,54.38,48.46,4,0,4,0,12,-0.0,Books,67,1,4.57,234,12724.99
7800,60.06,69.88,0,0,22,0,3,1.0,Clothing,22,0,1.61,200,12011.99
7801,17.19,22.05,0,0,4,0,4,0.0,Toys,97,1,3.76,198,3402.79
7802,33.38,42.26,3,0,3,0,2,1.7321,Toys,87,1,4.66,292,9746.93
7803,197.41,169.69,3,0,20,1,9,-1.0,Books,7,0,3.69,50,9870.32
7804,69.89,58.42,2,0,11,1,7,0.366,Clothing,84,1,1.37,223,15585.73
7805,31.91,40.67,3,0,13,0,12,-0.0,Electronics,7,0,2.13,185,5902.83
7806,30.33,29.58,6,1,22,0,10,-1.7321,Electronics,17,0,1.76,123,3730.39
7807,146.7,121.02,1,0,13,0,3,1.0,Books,32,1,4.65,172,25231.95
7808,172.37,193.78,5,1,10,1,8,0.0,Clothing,79,0,4.97,158,27234.15
7809,58.82,51.21,4,0,21,1,8,0.0,Books,77,0,2.73,195,11470.08
7810,13.97,12.02,5,1,9,1,11,-1.366,Electronics,56,1,4.58,252,3521.15
7811,52.39,64.31,1,0,9,1,1,1.366,Toys,62,0,1.54,253,13253.94
7812,20.74,16.54,6,1,8,0,5,-0.366,Books,58,0,1.01,123,2550.77
7813,29.65,21.9,6,1,1,0,5,-0.366,Electronics,58,0,3.27,188,5573.27
7814,91.99,79.25,1,0,13,0,12,-0.0,Toys,3,0,4.95,158,14533.87
7815,53.68,57.13,5,1,6,0,3,1.0,Books,89,0,3.25,179,9609.52
7816,108.03,83.6,1,0,16,0,2,1.7321,Books,96,0,4.92,154,16636.58
7817,58.16,57.17,0,0,23,0,1,1.366,Electronics,80,0,2.8,227,13203.19
7818,188.7,203.12,6,1,19,1,4,0.0,Electronics,1,0,2.53,167,31513.25
7819,182.13,220.24,5,1,7,0,12,-0.0,Toys,67,0,4.72,102,18577.19
7820,117.69,98.62,1,0,23,0,11,-1.366,Food,20,0,1.2,4,470.77
7821,77.34,92.07,0,0,19,1,10,-1.7321,Toys,92,0,2.31,132,10208.95
7822,82.42,69.31,3,0,3,0,2,1.7321,Books,86,0,2.77,196,16153.91
7823,88.25,97.61,6,1,4,0,5,-0.366,Books,100,0,1.35,118,10413.73
7824,148.24,142.07,4,0,12,1,12,-0.0,Books,62,0,3.07,124,18381.77
7825,95.81,73.66,4,0,6,0,11,-1.366,Electronics,56,0,2.5,94,9006.27
7826,172.78,194.99,1,0,5,0,10,-1.7321,Books,53,0,2.75,0,0.0
7827,189.38,157.31,4,0,16,0,12,-0.0,Books,65,0,3.75,81,15339.62
7828,73.83,59.5,0,0,5,0,2,1.7321,Toys,56,0,1.28,172,12698.72
7829,116.53,106.63,3,0,18,1,1,1.366,Electronics,78,0,4.85,229,26685.82
7830,28.06,30.64,1,0,2,0,10,-1.7321,Toys,45,0,3.09,133,3732.08
7831,48.09,40.41,2,0,8,0,10,-1.7321,Food,79,1,4.36,186,8944.58
7832,88.56,71.75,5,1,20,1,12,-0.0,Toys,96,0,2.27,169,14966.39
7833,49.18,34.72,6,1,14,0,10,-1.7321,Toys,18,0,2.25,98,4819.49
7834,176.55,173.54,4,0,7,0,10,-1.7321,Food,48,0,4.62,0,0.0
7835,40.07,38.36,4,0,22,0,9,-1.0,Toys,38,0,1.47,124,4969.22
7836,96.58,81.15,1,0,14,0,2,1.7321,Books,22,0,1.42,152,14679.48
7837,125.08,91.58,5,1,0,0,10,-1.7321,Books,80,0,3.79,27,3377.24
7838,141.45,135.45,5,1,7,0,4,0.0,Clothing,75,0,2.86,100,14145.41
7839,82.78,97.1,4,0,22,0,3,1.0,Electronics,71,0,3.87,195,16142.72
7840,175.13,197.75,4,0,3,0,1,1.366,Books,73,0,2.73,98,17162.62
7841,117.98,143.52,2,0,21,1,8,0.0,Electronics,1,0,1.85,204,24068.05
7842,93.51,65.99,5,1,9,1,2,1.7321,Toys,42,0,3.86,217,20290.91
7843,22.78,29.15,0,0,15,0,11,-1.366,Clothing,72,0,1.16,124,2824.19
7844,98.29,88.94,6,1,17,1,8,0.0,Books,75,0,2.79,158,15529.98
7845,165.94,214.77,1,0,3,0,12,-0.0,Toys,69,0,2.83,107,17755.56
7846,126.76,107.95,1,0,7,0,1,1.366,Clothing,29,1,1.31,181,22944.07
7847,168.11,165.24,2,0,3,0,6,-0.0,Toys,6,0,1.97,67,11263.43
7848,103.86,94.76,6,1,9,1,4,0.0,Electronics,56,0,2.04,163,16929.54
7849,32.51,29.69,2,0,19,1,3,1.0,Toys,12,0,4.57,256,8321.98
7850,12.59,15.18,0,0,3,0,1,1.366,Toys,39,0,3.05,239,3009.39
7851,67.61,77.61,3,0,15,0,10,-1.7321,Toys,71,0,3.68,112,7572.51
7852,142.62,184.73,1,0,11,1,11,-1.366,Clothing,12,0,1.22,88,12550.4
7853,160.15,171.06,5,1,9,1,12,-0.0,Toys,33,0,1.41,121,19378.08
7854,66.19,64.73,6,1,10,1,1,1.366,Clothing,83,0,3.25,232,15356.78
7855,104.17,78.55,4,0,1,0,11,-1.366,Clothing,53,0,4.34,102,10625.77
7856,90.01,116.83,6,1,15,0,7,0.366,Food,100,0,1.21,130,11701.64
7857,88.0,90.72,0,0,22,0,6,-0.0,Toys,19,0,4.93,146,12847.9
7858,53.96,60.45,1,0,18,1,3,1.0,Books,58,0,4.54,261,14082.58
7859,35.91,33.9,5,1,11,1,12,-0.0,Clothing,85,0,4.49,210,7541.21
7860,47.37,48.73,0,0,3,0,12,-0.0,Toys,83,0,1.03,164,7768.82
7861,20.51,25.96,3,0,16,0,2,1.7321,Books,43,1,2.63,291,5969.33
7862,47.64,38.11,5,1,11,1,10,-1.7321,Electronics,73,0,4.18,163,7766.11
7863,11.75,10.28,1,0,15,0,3,1.0,Books,45,0,4.03,240,2819.56
7864,129.18,102.21,6,1,2,0,12,-0.0,Clothing,86,0,2.38,87,11238.58
7865,70.11,82.4,4,0,1,0,8,0.0,Clothing,19,0,4.51,171,11989.04
7866,194.9,143.68,5,1,6,0,11,-1.366,Clothing,37,0,3.54,0,0.0
7867,46.81,35.06,1,0,5,0,7,0.366,Food,11,1,4.98,232,10859.05
7868,75.71,66.55,0,0,0,0,12,-0.0,Books,56,0,2.34,103,7797.87
7869,77.99,78.65,3,0,14,0,7,0.366,Toys,25,0,3.57,136,10606.62
7870,11.61,10.95,5,1,11,1,5,-0.366,Toys,99,0,2.7,226,2622.91
7871,169.45,123.17,0,0,12,1,12,-0.0,Clothing,69,0,3.59,102,17283.85
7872,16.08,20.49,0,0,7,0,10,-1.7321,Books,45,1,2.04,173,2781.66
7873,188.63,239.89,2,0,8,0,3,1.0,Electronics,62,0,2.53,166,31313.27
7874,179.49,155.73,0,0,0,0,1,1.366,Books,95,0,4.73,102,18308.4
7875,111.75,127.27,6,1,4,0,1,1.366,Toys,14,1,2.16,228,25478.81
7876,113.28,118.62,5,1,6,0,6,-0.0,Clothing,77,1,3.48,187,21183.95
7877,134.22,113.08,3,0,17,1,4,0.0,Books,34,0,4.67,108,14495.52
7878,83.54,71.62,4,0,21,1,7,0.366,Food,98,0,2.92,122,10191.82
7879,132.97,132.27,2,0,7,0,10,-1.7321,Clothing,82,1,3.78,111,14759.92
7880,18.51,17.61,0,0,23,0,10,-1.7321,Food,60,0,3.99,142,2627.85
7881,20.27,17.73,5,1,9,1,10,-1.7321,Clothing,64,1,3.18,222,4499.73
7882,96.87,114.75,6,1,7,0,1,1.366,Toys,70,0,2.52,170,16468.54
7883,114.43,113.16,6,1,11,1,6,-0.0,Electronics,51,0,4.23,183,20940.37
7884,178.69,195.29,6,1,15,0,7,0.366,Books,42,0,3.22,75,13401.4
7885,29.89,24.31,1,0,11,1,1,1.366,Books,21,0,1.46,232,6933.44
7886,166.3,169.65,2,0,21,1,2,1.7321,Clothing,5,0,4.5,204,33925.83
7887,49.91,44.46,3,0,21,1,9,-1.0,Electronics,66,0,2.19,178,8883.8
7888,84.88,86.22,1,0,2,0,9,-1.0,Electronics,70,0,2.97,129,10948.99
7889,70.15,81.98,3,0,17,1,6,-0.0,Toys,61,1,1.86,254,17819.23
7890,86.03,99.91,1,0,4,0,11,-1.366,Food,8,0,2.97,94,8086.77
7891,38.59,35.22,4,0,13,0,4,0.0,Books,66,0,1.52,154,5943.5
7892,105.68,118.0,3,0,19,1,7,0.366,Clothing,87,0,3.27,169,17859.64
7893,162.31,205.29,1,0,20,1,5,-0.366,Electronics,62,0,3.09,186,30190.05
7894,93.89,100.97,6,1,15,0,3,1.0,Books,20,0,4.27,181,16994.35
7895,103.22,81.44,3,0,21,1,4,0.0,Books,4,0,3.24,147,15172.84
7896,171.27,189.73,2,0,5,0,2,1.7321,Books,15,0,2.63,125,21408.23
7897,144.15,109.98,3,0,15,0,6,-0.0,Electronics,94,0,2.87,94,13550.2
7898,103.19,126.22,5,1,19,1,3,1.0,Toys,56,0,3.42,187,19295.85
7899,58.96,59.55,3,0,13,0,7,0.366,Books,20,0,4.36,189,11143.85
7900,178.14,165.86,1,0,19,1,4,0.0,Electronics,24,0,1.17,124,22088.87
7901,119.63,87.84,3,0,23,0,8,0.0,Electronics,9,0,4.71,129,15432.77
7902,52.02,48.3,4,0,4,0,11,-1.366,Clothing,21,0,1.34,107,5565.93
7903,61.13,75.92,0,0,13,0,1,1.366,Toys,41,0,2.38,193,11798.62
7904,162.6,115.86,2,0,10,1,9,-1.0,Toys,13,0,2.34,74,12032.05
7905,18.39,18.11,5,1,20,1,3,1.0,Toys,5,0,3.13,230,4229.16
7906,198.5,249.85,6,1,8,0,3,1.0,Electronics,64,0,2.42,153,30370.12
7907,34.77,32.57,1,0,19,1,5,-0.366,Electronics,46,1,1.88,263,9143.67
7908,161.25,154.3,6,1,6,0,10,-1.7321,Toys,78,0,1.97,24,3870.07
7909,85.01,89.01,6,1,4,0,1,1.366,Electronics,71,0,4.94,228,19381.67
7910,103.52,101.22,3,0,14,0,3,1.0,Toys,70,1,4.35,239,24741.54
7911,177.32,142.06,3,0,12,1,4,0.0,Clothing,59,0,4.22,110,19505.6
7912,88.45,62.9,3,0,11,1,2,1.7321,Food,76,0,2.68,200,17690.63
7913,112.12,119.51,2,0,23,0,12,-0.0,Food,51,0,4.74,102,11436.63
7914,19.37,24.26,5,1,14,0,6,-0.0,Food,16,0,1.25,171,3311.75
7915,10.45,7.98,0,0,23,0,10,-1.7321,Food,51,0,1.5,112,1169.95
7916,56.51,46.71,4,0,18,1,4,0.0,Clothing,96,0,1.99,176,9946.11
7917,139.31,128.46,5,1,23,0,1,1.366,Electronics,42,0,3.57,168,23404.21
7918,33.04,39.16,4,0,18,1,3,1.0,Clothing,11,0,1.67,254,8392.24
7919,31.61,27.24,6,1,9,1,7,0.366,Books,68,0,2.34,227,7176.55
7920,88.08,108.27,5,1,16,0,3,1.0,Electronics,93,0,1.71,156,13740.87
7921,133.09,97.55,1,0,15,0,6,-0.0,Toys,52,0,4.2,125,16636.13
7922,145.29,183.73,0,0,4,0,11,-1.366,Books,98,0,4.64,99,14384.07
7923,43.91,45.51,0,0,3,0,6,-0.0,Books,73,0,4.4,179,7859.11
7924,25.12,27.52,2,0,23,0,1,1.366,Clothing,10,0,1.11,209,5250.45
7925,188.68,173.7,5,1,21,1,2,1.7321,Books,72,1,2.27,185,34904.96
7926,59.53,69.6,3,0,9,1,10,-1.7321,Clothing,63,0,3.55,180,10714.79
7927,172.14,137.7,0,0,20,1,11,-1.366,Books,36,0,1.0,6,1032.82
7928,174.06,126.95,5,1,5,0,12,-0.0,Clothing,96,0,3.99,62,10791.93
7929,156.78,146.95,3,0,10,1,11,-1.366,Electronics,45,0,4.48,125,19597.41
7930,42.08,51.01,2,0,10,1,6,-0.0,Books,6,0,1.31,218,9173.09
7931,166.14,191.55,6,1,15,0,2,1.7321,Clothing,6,0,2.72,152,25253.63
7932,156.16,157.77,6,1,13,0,2,1.7321,Food,91,0,2.21,82,12804.92
7933,123.38,128.72,5,1,18,1,4,0.0,Food,66,0,4.79,155,19123.49
7934,74.07,57.62,5,1,21,1,12,-0.0,Books,73,0,2.3,162,11999.08
7935,59.88,72.12,1,0,3,0,8,0.0,Clothing,64,0,3.32,177,10598.16
7936,33.16,38.87,5,1,4,0,6,-0.0,Electronics,38,0,1.04,131,4343.82
7937,106.85,116.89,1,0,21,1,8,0.0,Books,69,0,4.35,176,18806.28
7938,121.2,118.74,3,0,18,1,4,0.0,Electronics,98,0,1.12,152,18422.33
7939,78.27,100.09,6,1,16,0,11,-1.366,Clothing,61,1,3.28,202,15811.43
7940,100.32,123.13,3,0,17,1,3,1.0,Food,78,0,3.96,166,16652.82
7941,79.07,85.92,6,1,7,0,7,0.366,Clothing,74,0,2.59,156,12334.57
7942,131.79,121.65,6,1,3,0,7,0.366,Electronics,63,0,1.13,122,16078.52
7943,181.24,194.07,0,0,22,0,2,1.7321,Food,71,0,4.6,89,16130.29
7944,41.14,43.01,2,0,17,1,1,1.366,Books,20,0,2.46,238,9792.47
7945,82.47,77.23,1,0,10,1,11,-1.366,Food,75,0,2.86,113,9318.85
7946,36.77,32.5,6,1,13,0,8,0.0,Books,77,0,4.25,157,5772.11
7947,128.74,121.56,0,0,12,1,3,1.0,Books,64,1,3.64,217,27936.43
7948,148.49,155.07,4,0,23,0,6,-0.0,Food,81,1,2.3,96,14254.6
7949,187.06,179.0,0,0,15,0,7,0.366,Food,37,0,3.16,33,6173.09
7950,62.99,54.05,3,0,11,1,8,0.0,Electronics,36,0,1.38,192,12093.25
7951,190.54,220.37,4,0,8,0,6,-0.0,Food,97,0,2.92,35,6668.9
7952,22.02,22.44,0,0,6,0,7,0.366,Toys,10,0,2.71,173,3809.44
7953,124.57,92.26,5,1,9,1,5,-0.366,Food,34,0,4.04,101,12581.84
7954,20.86,19.21,2,0,16,0,3,1.0,Electronics,45,0,4.2,228,4754.99
7955,179.82,221.35,1,0,17,1,2,1.7321,Toys,63,0,4.49,211,37941.41
7956,110.66,127.61,5,1,6,0,7,0.366,Toys,13,0,4.43,157,17374.2
7957,137.18,122.63,4,0,2,0,8,0.0,Clothing,25,1,4.99,140,19204.67
7958,168.0,212.17,6,1,14,0,8,0.0,Toys,44,1,3.83,162,27215.85
7959,38.56,28.76,2,0,15,0,3,1.0,Books,97,0,3.48,205,7904.6
7960,17.33,22.13,6,1,20,1,2,1.7321,Electronics,74,0,1.59,242,4194.44
7961,176.99,149.98,0,0,16,0,9,-1.0,Clothing,24,0,2.87,22,3893.72
7962,69.84,49.27,5,1,12,1,6,-0.0,Food,69,0,2.72,178,12431.04
7963,34.51,33.14,3,0,2,0,10,-1.7321,Toys,74,0,3.94,136,4692.81
7964,99.01,90.63,3,0,19,1,3,1.0,Clothing,47,0,2.1,187,18514.43
7965,123.68,126.58,2,0,19,1,5,-0.366,Books,91,0,4.48,140,17314.94
7966,15.88,18.71,3,0,22,0,1,1.366,Clothing,50,1,1.88,268,4257.02
7967,62.23,75.02,1,0,4,0,2,1.7321,Books,36,0,2.93,190,11823.73
7968,16.23,15.27,6,1,8,0,9,-1.0,Clothing,33,0,4.78,161,2613.35
7969,89.86,86.08,2,0,22,0,10,-1.7321,Clothing,92,0,2.38,59,5301.96
7970,180.07,142.06,2,0,17,1,11,-1.366,Food,3,0,3.91,37,6662.55
7971,196.7,143.3,3,0,10,1,10,-1.7321,Food,31,0,2.34,0,0.0
7972,131.04,142.14,2,0,10,1,3,1.0,Food,60,1,3.06,200,26207.81
7973,40.71,30.07,0,0,15,0,8,0.0,Clothing,29,1,4.1,230,9363.57
7974,182.11,207.66,4,0,7,0,10,-1.7321,Toys,44,0,4.26,38,6920.23
7975,108.09,110.62,5,1,1,0,8,0.0,Clothing,45,1,4.37,189,20428.46
7976,39.21,32.12,4,0,22,0,5,-0.366,Food,42,0,1.4,116,4548.63
7977,185.13,189.52,6,1,20,1,8,0.0,Clothing,21,0,4.42,123,22770.75
7978,153.92,124.64,5,1,9,1,2,1.7321,Toys,32,0,1.59,174,26781.93
7979,149.02,143.55,3,0,5,0,2,1.7321,Books,28,0,2.09,100,14902.4
7980,144.74,170.76,1,0,3,0,12,-0.0,Electronics,85,0,4.88,176,25475.0
7981,48.06,46.97,1,0,20,1,4,0.0,Food,47,0,1.58,179,8603.56
7982,50.09,39.53,3,0,4,0,8,0.0,Clothing,99,0,2.0,150,7513.69
7983,140.78,159.68,6,1,22,0,2,1.7321,Toys,94,0,2.34,169,23791.09
7984,51.75,42.02,3,0,10,1,4,0.0,Food,47,1,4.22,228,11798.39
7985,93.35,106.71,2,0,11,1,8,0.0,Food,17,1,2.28,194,18109.44
7986,158.58,156.62,1,0,15,0,3,1.0,Books,29,0,4.3,91,14430.81
7987,158.95,154.54,4,0,19,1,8,0.0,Electronics,48,0,1.82,142,22571.04
7988,96.12,116.39,3,0,20,1,12,-0.0,Clothing,2,0,3.4,175,16820.95
7989,160.52,180.61,6,1,13,0,2,1.7321,Clothing,33,0,4.84,161,25843.09
7990,169.34,121.88,6,1,13,0,1,1.366,Food,63,0,1.16,29,4910.81
7991,134.41,117.97,4,0,19,1,6,-0.0,Toys,68,0,4.63,156,20967.55
7992,53.4,65.29,5,1,19,1,8,0.0,Food,39,0,1.66,182,9718.97
7993,62.06,44.13,4,0,14,0,9,-1.0,Books,89,1,3.32,168,10426.46
7994,69.82,71.72,6,1,7,0,10,-1.7321,Electronics,5,0,1.2,111,7750.0
7995,32.19,36.59,1,0,4,0,8,0.0,Books,68,1,3.29,211,6792.68
7996,61.9,66.43,5,1,8,0,2,1.7321,Toys,52,1,3.46,248,15351.28
7997,49.81,57.59,4,0,20,1,1,1.366,Clothing,52,0,4.23,253,12601.59
7998,96.51,109.58,2,0,15,0,7,0.366,Toys,29,0,2.66,181,17468.76
7999,182.6,203.64,2,0,23,0,7,0.366,Books,37,0,4.66,99,18077.71
8000,29.85,35.61,1,0,2,0,12,-0.0,Clothing,8,0,2.48,196,5850.85
8001,146.85,159.69,2,0,11,1,3,1.0,Electronics,20,0,1.37,168,24670.95
8002,140.58,132.35,3,0,6,0,6,-0.0,Food,41,0,2.55,26,3655.18
8003,28.19,27.72,5,1,16,0,7,0.366,Electronics,70,0,2.23,209,5892.4
8004,185.29,209.38,1,0,14,0,9,-1.0,Food,36,1,2.79,71,13155.5
8005,118.01,144.65,5,1,14,0,1,1.366,Electronics,32,0,1.8,201,23719.95
8006,79.11,68.3,6,1,11,1,3,1.0,Clothing,5,0,2.48,208,16454.43
8007,153.74,139.17,4,0,20,1,5,-0.366,Clothing,20,0,4.54,121,18602.82
8008,58.9,74.12,3,0,1,0,3,1.0,Clothing,68,0,3.61,205,12074.38
8009,141.77,148.45,1,0,7,0,8,0.0,Food,22,1,1.79,101,14318.45
8010,17.55,14.17,4,0,21,1,10,-1.7321,Clothing,97,1,1.21,211,3702.02
8011,169.49,186.13,4,0,4,0,6,-0.0,Toys,31,0,1.87,93,15762.34
8012,95.15,123.17,4,0,2,0,2,1.7321,Food,41,0,2.64,180,17127.44
8013,130.97,156.39,4,0,0,0,1,1.366,Clothing,93,0,2.47,135,17681.17
8014,52.04,59.71,4,0,15,0,10,-1.7321,Clothing,5,0,4.39,143,7441.03
8015,138.64,114.36,1,0,9,1,5,-0.366,Electronics,10,0,3.34,138,19132.87
8016,156.73,192.1,2,0,9,1,11,-1.366,Toys,75,0,4.37,158,24762.65
8017,99.91,101.46,4,0,10,1,9,-1.0,Toys,37,0,5.0,161,16085.59
8018,127.37,157.12,6,1,11,1,10,-1.7321,Food,56,0,2.16,57,7259.98
8019,96.7,86.83,6,1,7,0,9,-1.0,Toys,86,1,2.91,164,15859.12
8020,179.88,132.61,3,0,4,0,1,1.366,Clothing,24,0,3.82,102,18347.49
8021,104.6,103.09,1,0,8,0,3,1.0,Food,85,1,3.05,153,16003.06
8022,169.94,146.47,0,0,10,1,6,-0.0,Books,100,0,2.31,77,13085.66
8023,162.26,183.21,2,0,14,0,5,-0.366,Electronics,16,0,4.26,130,21093.4
8024,88.0,112.13,3,0,22,0,4,0.0,Electronics,2,0,4.57,178,15663.27
8025,53.72,59.87,6,1,16,0,2,1.7321,Books,15,0,2.11,198,10635.78
8026,87.16,107.39,4,0,10,1,12,-0.0,Food,41,0,2.13,131,11417.38
8027,166.98,162.27,1,0,12,1,12,-0.0,Books,63,0,3.27,111,18534.92
8028,53.25,61.93,1,0,16,0,12,-0.0,Toys,49,0,4.27,176,9372.03
8029,109.64,132.21,4,0,22,0,4,0.0,Clothing,26,0,3.08,118,12937.86
8030,163.16,183.8,6,1,6,0,5,-0.366,Books,94,0,1.24,30,4894.75
8031,77.16,77.52,3,0,8,0,12,-0.0,Books,66,0,2.18,129,9953.73
8032,132.02,141.99,1,0,17,1,2,1.7321,Toys,29,0,3.01,211,27856.18
8033,56.67,63.49,5,1,22,0,10,-1.7321,Food,70,0,3.95,105,5950.35
8034,30.76,26.21,6,1,17,1,1,1.366,Clothing,60,0,4.1,250,7690.77
8035,160.93,190.83,6,1,9,1,7,0.366,Clothing,65,0,4.01,140,22530.62
8036,28.8,36.59,2,0,11,1,7,0.366,Electronics,40,0,1.38,229,6596.12
8037,61.56,60.28,3,0,17,1,8,0.0,Clothing,11,0,3.46,211,12989.68
8038,172.47,193.28,6,1,20,1,10,-1.7321,Clothing,52,1,2.7,151,26043.09
8039,75.83,86.61,4,0,8,0,6,-0.0,Clothing,87,0,2.25,158,11981.01
8040,194.88,213.85,6,1,8,0,1,1.366,Clothing,90,0,4.31,145,28257.4
8041,196.15,201.69,3,0,9,1,8,0.0,Toys,95,0,2.43,94,18438.06
8042,60.97,74.93,5,1,0,0,2,1.7321,Electronics,79,1,1.73,272,16584.5
8043,17.79,17.24,6,1,10,1,12,-0.0,Books,73,0,3.78,228,4055.18
8044,143.96,106.05,3,0,13,0,3,1.0,Electronics,64,0,1.54,140,20154.68
8045,95.69,115.47,6,1,22,0,8,0.0,Food,98,1,2.18,151,14448.8
8046,29.14,32.19,0,0,9,1,4,0.0,Books,81,0,2.78,243,7081.76
8047,144.43,174.7,4,0,13,0,5,-0.366,Electronics,99,1,1.57,167,24119.7
8048,15.92,12.47,2,0,18,1,9,-1.0,Electronics,100,0,2.15,205,3264.26
8049,175.34,125.97,4,0,9,1,11,-1.366,Electronics,3,0,3.57,82,14377.66
8050,36.34,45.82,0,0,16,0,7,0.366,Electronics,11,0,3.23,206,7486.86
8051,34.19,26.96,4,0,1,0,10,-1.7321,Electronics,28,0,4.38,121,4136.9
8052,43.38,51.44,4,0,21,1,12,-0.0,Electronics,62,0,1.56,212,9196.08
8053,192.45,229.77,2,0,13,0,7,0.366,Toys,48,0,4.46,113,21746.92
8054,141.7,159.45,0,0,17,1,1,1.366,Toys,28,1,1.3,250,35425.54
8055,162.26,126.36,4,0,1,0,1,1.366,Books,46,0,3.97,131,21256.14
8056,85.55,94.14,5,1,19,1,8,0.0,Clothing,64,0,1.83,156,13345.9
8057,73.9,91.15,6,1,18,1,10,-1.7321,Electronics,55,1,4.61,223,16479.57
8058,54.55,52.11,4,0,23,0,1,1.366,Clothing,83,0,1.17,173,9437.49
8059,101.32,96.07,1,0,7,0,10,-1.7321,Toys,2,0,3.32,94,9524.37
8060,114.85,110.91,4,0,5,0,2,1.7321,Food,96,0,1.05,96,11025.36
8061,130.04,97.45,2,0,19,1,4,0.0,Electronics,75,0,3.94,145,18855.4
8062,58.85,72.7,1,0,6,0,9,-1.0,Books,16,0,1.13,123,7238.86
8063,190.24,232.39,5,1,12,1,7,0.366,Clothing,11,0,3.91,127,24161.02
8064,42.25,54.88,6,1,1,0,12,-0.0,Books,3,0,4.23,181,7647.99
8065,193.47,203.36,5,1,21,1,7,0.366,Electronics,55,0,4.58,165,31923.23
8066,12.82,14.76,5,1,6,0,12,-0.0,Clothing,42,0,2.44,171,2192.68
8067,101.41,83.32,0,0,0,0,10,-1.7321,Clothing,29,0,3.17,53,5374.94
8068,73.34,80.71,5,1,5,0,7,0.366,Electronics,69,0,3.93,176,12907.82
8069,95.33,103.9,3,0,15,0,5,-0.366,Food,92,0,4.28,107,10200.68
8070,118.43,146.93,2,0,7,0,1,1.366,Electronics,31,0,4.13,221,26172.21
8071,92.76,111.17,0,0,12,1,5,-0.366,Books,77,1,4.39,235,21799.06
8072,88.82,112.19,1,0,22,0,8,0.0,Toys,25,1,4.59,196,17408.9
8073,149.22,182.24,3,0,17,1,12,-0.0,Toys,6,1,3.6,238,35513.75
8074,140.32,171.36,0,0,13,0,12,-0.0,Toys,60,0,1.7,110,15434.81
8075,168.32,124.26,2,0,17,1,7,0.366,Clothing,67,0,4.33,137,23060.05
8076,57.49,69.43,1,0,3,0,7,0.366,Clothing,22,1,2.85,213,12245.84
8077,125.81,133.92,2,0,14,0,2,1.7321,Electronics,41,0,1.2,212,26671.81
8078,121.19,112.49,2,0,4,0,1,1.366,Clothing,53,0,3.5,148,17935.68
8079,80.25,58.9,1,0,20,1,4,0.0,Books,60,0,3.91,164,13161.03
8080,102.35,113.26,5,1,13,0,8,0.0,Electronics,39,0,2.83,156,15966.75
8081,69.62,62.44,4,0,15,0,1,1.366,Books,55,0,3.03,200,13923.72
8082,36.95,36.24,2,0,14,0,2,1.7321,Toys,96,0,3.2,235,8683.35
8083,50.62,56.14,5,1,10,1,7,0.366,Books,30,1,2.01,243,12301.2
8084,30.05,37.47,6,1,1,0,5,-0.366,Toys,71,0,2.5,144,4326.85
8085,139.78,167.08,1,0,22,0,6,-0.0,Clothing,89,0,4.23,116,16214.85
8086,135.54,131.52,2,0,23,0,12,-0.0,Electronics,2,1,1.12,164,22228.27
8087,190.62,177.78,4,0,17,1,8,0.0,Food,8,0,3.23,71,13533.68
8088,148.64,125.43,6,1,3,0,12,-0.0,Books,63,0,1.13,38,5648.28
8089,19.89,18.37,1,0,14,0,9,-1.0,Electronics,59,0,1.81,177,3520.3
8090,178.01,136.46,0,0,11,1,8,0.0,Food,97,0,2.49,40,7120.26
8091,173.91,223.07,0,0,2,0,12,-0.0,Electronics,28,0,1.75,130,22608.08
8092,94.23,98.41,5,1,3,0,1,1.366,Food,74,1,4.39,220,20730.79
8093,121.31,94.22,0,0,20,1,11,-1.366,Electronics,38,0,4.48,145,17590.53
8094,195.45,178.19,3,0,15,0,4,0.0,Toys,18,0,1.61,18,3518.19
8095,111.14,114.27,2,0,5,0,5,-0.366,Food,62,0,4.57,95,10558.09
8096,182.01,185.6,2,0,1,0,9,-1.0,Electronics,77,0,1.92,71,12922.79
8097,25.78,18.59,1,0,21,1,6,-0.0,Food,85,0,1.05,210,5413.25
8098,46.3,58.82,3,0,8,0,6,-0.0,Toys,97,1,3.95,255,11806.46
8099,93.74,81.11,2,0,11,1,3,1.0,Food,23,1,3.07,222,20811.04
8100,121.1,85.95,1,0,11,1,12,-0.0,Food,65,0,2.99,109,13200.31
8101,165.08,123.13,4,0,23,0,2,1.7321,Electronics,40,0,1.01,135,22286.24
8102,197.77,207.29,2,0,13,0,2,1.7321,Books,60,0,4.91,122,24127.92
8103,83.88,65.65,5,1,16,0,7,0.366,Toys,85,0,4.33,177,14847.08
8104,19.01,13.78,2,0,8,0,5,-0.366,Electronics,5,0,4.87,196,3725.76
8105,162.22,150.51,4,0,11,1,12,-0.0,Clothing,99,0,1.97,104,16871.15
8106,124.83,134.03,4,0,9,1,10,-1.7321,Food,18,0,3.41,79,9861.75
8107,47.72,36.61,2,0,10,1,1,1.366,Clothing,38,0,3.99,258,12312.57
8108,104.02,92.37,4,0,1,0,12,-0.0,Electronics,100,1,4.21,195,20283.39
8109,151.04,143.59,1,0,15,0,5,-0.366,Books,29,0,4.13,75,11327.92
8110,156.38,124.43,2,0,0,0,11,-1.366,Toys,26,1,3.29,88,13761.29
8111,104.93,105.31,2,0,21,1,1,1.366,Electronics,60,0,1.13,216,22664.34
8112,67.99,51.07,0,0,0,0,9,-1.0,Books,36,0,4.98,118,8022.91
8113,195.01,141.95,5,1,21,1,8,0.0,Electronics,82,0,1.46,117,22816.3
8114,136.04,137.66,2,0,1,0,4,0.0,Books,29,0,1.72,63,8570.45
8115,87.57,74.32,6,1,11,1,11,-1.366,Clothing,31,1,4.3,187,16374.68
8116,63.29,47.92,0,0,22,0,1,1.366,Books,63,0,1.4,149,9429.91
8117,148.91,142.11,4,0,22,0,11,-1.366,Toys,13,0,1.85,47,6998.75
8118,56.01,69.97,5,1,19,1,8,0.0,Clothing,94,0,1.08,197,11034.93
8119,42.62,48.36,5,1,17,1,5,-0.366,Food,71,0,1.63,173,7374.11
8120,110.67,131.63,4,0,11,1,1,1.366,Clothing,40,0,3.64,205,22687.03
8121,65.1,79.62,1,0,22,0,2,1.7321,Clothing,70,0,2.44,177,11522.28
8122,129.49,166.21,0,0,0,0,5,-0.366,Food,2,0,1.54,46,5956.63
8123,32.41,37.53,2,0,10,1,9,-1.0,Clothing,8,0,2.06,172,5574.24
8124,134.44,143.18,0,0,1,0,10,-1.7321,Clothing,74,1,4.01,121,16267.1
8125,63.83,58.67,4,0,11,1,8,0.0,Food,43,1,3.23,204,13020.57
8126,10.05,8.13,4,0,1,0,11,-1.366,Food,49,0,2.9,143,1436.6
8127,34.12,37.94,6,1,16,0,10,-1.7321,Toys,22,0,1.19,91,3104.72
8128,187.39,243.04,1,0,5,0,8,0.0,Clothing,74,0,3.05,90,16864.82
8129,174.8,171.37,5,1,15,0,9,-1.0,Clothing,35,0,2.93,46,8040.68
8130,54.39,61.68,5,1,18,1,2,1.7321,Clothing,19,0,2.77,232,12617.49
8131,157.89,157.43,4,0,5,0,7,0.366,Toys,4,0,2.95,101,15946.96
8132,125.63,120.5,0,0,6,0,10,-1.7321,Clothing,19,0,1.3,31,3894.49
8133,194.47,184.01,5,1,18,1,5,-0.366,Food,20,1,4.73,121,23531.1
8134,80.99,81.21,6,1,19,1,3,1.0,Food,4,0,2.22,195,15792.09
8135,139.48,128.34,6,1,16,0,10,-1.7321,Food,49,0,3.61,21,2929.03
8136,22.07,25.37,2,0,5,0,8,0.0,Food,26,0,2.44,181,3994.99
8137,85.29,104.44,2,0,14,0,2,1.7321,Books,3,0,2.31,199,16972.11
8138,193.13,237.49,0,0,21,1,4,0.0,Food,52,0,3.9,61,11780.65
8139,112.41,94.04,1,0,8,0,12,-0.0,Toys,94,1,2.68,125,14050.8
8140,64.7,80.07,2,0,1,0,5,-0.366,Books,36,0,3.46,128,8281.23
8141,32.85,29.73,0,0,4,0,5,-0.366,Clothing,41,0,2.1,145,4763.47
8142,143.67,127.23,0,0,20,1,4,0.0,Food,70,0,2.06,90,12930.33
8143,132.52,150.55,4,0,22,0,3,1.0,Clothing,51,1,1.8,182,24119.12
8144,81.05,71.55,5,1,4,0,3,1.0,Food,91,0,2.2,124,10050.0
8145,190.68,139.53,4,0,11,1,5,-0.366,Food,16,0,1.26,6,1144.07
8146,14.22,13.14,5,1,9,1,12,-0.0,Books,47,0,1.31,176,2502.46
8147,67.71,76.7,1,0,3,0,10,-1.7321,Food,80,1,4.41,156,10562.37
8148,185.0,165.8,1,0,11,1,6,-0.0,Food,46,0,2.12,34,6290.11
8149,70.98,76.5,1,0,14,0,1,1.366,Electronics,100,1,3.15,291,20654.52
8150,57.93,63.49,0,0,9,1,11,-1.366,Toys,55,0,2.99,149,8631.28
8151,111.5,127.14,0,0,17,1,4,0.0,Toys,98,0,3.54,157,17505.79
8152,166.52,206.2,4,0,23,0,10,-1.7321,Clothing,88,0,3.59,72,11989.61
8153,29.6,28.4,2,0,4,0,10,-1.7321,Clothing,39,0,2.47,99,2930.19
8154,189.17,151.31,6,1,12,1,6,-0.0,Books,6,0,1.53,57,10782.91
8155,161.06,143.57,5,1,3,0,2,1.7321,Clothing,84,0,1.71,112,18039.15
8156,44.44,42.63,5,1,8,0,10,-1.7321,Electronics,61,1,2.44,180,7998.76
8157,145.28,163.93,1,0,17,1,5,-0.366,Clothing,9,1,3.24,176,25569.55
8158,83.14,58.85,5,1,2,0,11,-1.366,Food,85,1,3.46,117,9727.63
8159,86.44,76.88,3,0,23,0,9,-1.0,Clothing,11,1,4.73,180,15558.48
8160,158.83,185.49,1,0,10,1,3,1.0,Clothing,94,0,2.22,136,21600.22
8161,192.93,212.71,6,1,3,0,3,1.0,Food,65,0,1.44,47,9067.67
8162,34.06,38.8,5,1,8,0,9,-1.0,Electronics,91,1,3.15,217,7392.02
8163,89.92,106.74,4,0,11,1,3,1.0,Toys,59,0,1.27,210,18883.15
8164,101.38,118.61,5,1,9,1,4,0.0,Electronics,70,0,1.66,189,19160.61
8165,81.5,90.41,0,0,9,1,12,-0.0,Electronics,7,0,3.22,198,16136.85
8166,79.01,76.15,4,0,8,0,9,-1.0,Books,61,1,4.7,161,12719.96
8167,19.93,25.71,4,0,9,1,4,0.0,Books,57,0,1.78,216,4305.11
8168,140.25,146.06,4,0,8,0,5,-0.366,Food,86,0,2.45,49,6872.36
8169,92.88,76.32,3,0,0,0,2,1.7321,Books,34,0,2.77,158,14675.16
8170,47.01,41.17,3,0,21,1,8,0.0,Toys,84,0,4.81,237,11141.56
8171,165.05,184.21,5,1,15,0,9,-1.0,Food,45,1,3.94,91,15019.22
8172,162.49,203.9,1,0,13,0,10,-1.7321,Books,45,1,2.33,96,15598.71
8173,102.41,82.67,5,1,12,1,4,0.0,Clothing,15,0,2.09,182,18639.42
8174,66.71,49.99,5,1,5,0,3,1.0,Books,9,0,3.07,197,13141.01
8175,131.24,161.28,5,1,13,0,4,0.0,Toys,82,0,2.53,118,15486.04
8176,64.75,80.88,6,1,7,0,7,0.366,Books,46,0,3.47,169,10942.57
8177,54.84,47.48,0,0,22,0,1,1.366,Food,46,0,3.14,173,9487.58
8178,148.8,137.84,4,0,22,0,11,-1.366,Clothing,36,0,1.14,47,6993.5
8179,17.66,19.36,2,0,17,1,11,-1.366,Food,46,0,1.3,160,2825.89
8180,28.01,25.15,6,1,19,1,2,1.7321,Clothing,42,0,1.54,252,7057.51
8181,11.29,13.84,1,0,0,0,10,-1.7321,Clothing,30,0,3.6,147,1659.59
8182,39.06,29.86,1,0,11,1,5,-0.366,Toys,11,0,4.91,218,8514.91
8183,23.11,16.7,4,0,10,1,9,-1.0,Electronics,33,0,2.81,175,4043.92
8184,199.2,164.36,1,0,12,1,6,-0.0,Toys,40,1,1.6,154,30677.18
8185,64.87,56.55,4,0,22,0,3,1.0,Electronics,70,0,3.44,226,14661.5
8186,38.36,29.45,1,0,3,0,3,1.0,Electronics,43,0,3.5,203,7787.27
8187,55.79,41.25,5,1,5,0,7,0.366,Toys,39,1,4.02,249,13891.53
8188,187.86,216.68,0,0,21,1,3,1.0,Books,86,1,3.84,185,34754.81
8189,108.83,86.91,6,1,12,1,10,-1.7321,Toys,39,0,3.75,136,14800.94
8190,79.32,99.01,6,1,23,0,3,1.0,Food,53,0,3.9,190,15069.93
8191,175.94,162.01,1,0,21,1,10,-1.7321,Food,83,0,4.28,11,1935.39
8192,85.05,93.75,6,1,12,1,12,-0.0,Food,86,0,4.58,183,15563.81
8193,73.65,61.52,1,0,5,0,7,0.366,Food,31,0,1.01,127,9353.76
8194,49.38,41.69,2,0,21,1,9,-1.0,Electronics,63,0,3.66,214,10568.11
8195,81.78,85.45,6,1,3,0,9,-1.0,Electronics,25,0,4.76,179,14638.87
8196,70.17,72.72,0,0,20,1,3,1.0,Toys,41,0,4.03,258,18103.87
8197,138.69,161.05,6,1,2,0,8,0.0,Clothing,50,0,1.33,94,13036.65
8198,65.02,75.08,5,1,14,0,1,1.366,Clothing,59,0,3.95,212,13784.39
8199,119.67,131.92,0,0,10,1,12,-0.0,Electronics,49,0,2.01,179,21420.56
8200,22.52,21.83,6,1,1,0,8,0.0,Books,30,0,1.74,155,3490.52
8201,46.34,57.21,0,0,22,0,11,-1.366,Electronics,45,0,1.81,136,6302.91
8202,87.41,93.84,6,1,16,0,2,1.7321,Books,68,0,4.89,198,17306.59
8203,188.02,243.32,1,0,22,0,4,0.0,Clothing,53,0,3.64,92,17297.87
8204,81.68,97.33,3,0,1,0,7,0.366,Electronics,26,1,4.91,232,18949.27
8205,136.17,98.94,1,0,20,1,6,-0.0,Toys,71,1,4.39,194,26417.77
8206,58.47,52.17,4,0,0,0,12,-0.0,Food,40,1,4.7,191,11167.12
8207,34.14,35.61,6,1,4,0,9,-1.0,Clothing,12,1,3.22,225,7680.69
8208,21.12,23.93,2,0,19,1,8,0.0,Electronics,1,1,2.39,293,6188.73
8209,68.03,70.08,0,0,16,0,2,1.7321,Electronics,70,0,3.95,240,16326.86
8210,39.96,46.82,4,0,0,0,4,0.0,Food,1,0,1.07,142,5673.69
8211,43.06,37.45,5,1,6,0,1,1.366,Clothing,8,0,3.57,213,9172.2
8212,154.54,125.23,4,0,2,0,7,0.366,Toys,33,1,4.83,139,21481.65
8213,13.01,9.53,3,0,15,0,4,0.0,Toys,68,0,4.38,224,2914.07
8214,115.98,121.09,6,1,15,0,8,0.0,Toys,50,0,1.76,115,13338.15
8215,82.1,91.39,0,0,11,1,2,1.7321,Clothing,6,1,1.51,285,23397.83
8216,106.24,95.16,1,0,8,0,8,0.0,Toys,60,0,4.31,130,13811.78
8217,116.94,124.91,0,0,13,0,2,1.7321,Books,63,0,1.21,151,17657.6
8218,69.54,50.85,2,0,11,1,11,-1.366,Electronics,52,0,4.98,202,14047.05
8219,66.07,50.19,0,0,15,0,8,0.0,Books,3,0,2.87,150,9910.6
8220,149.35,167.43,4,0,16,0,1,1.366,Clothing,79,0,4.71,155,23148.68
8221,175.54,161.65,4,0,11,1,2,1.7321,Toys,70,0,4.25,179,31422.13
8222,46.59,51.38,1,0,3,0,5,-0.366,Toys,6,0,3.79,147,6848.8
8223,28.55,34.23,1,0,16,0,1,1.366,Toys,37,0,1.82,214,6109.18
8224,180.58,218.79,1,0,0,0,12,-0.0,Food,51,1,1.34,81,14627.08
8225,76.48,61.44,5,1,20,1,5,-0.366,Food,27,0,3.62,165,12619.22
8226,114.75,113.81,6,1,16,0,5,-0.366,Toys,46,0,1.76,112,12852.03
8227,78.31,89.3,2,0,10,1,7,0.366,Electronics,69,0,4.31,227,17777.1
8228,33.9,39.48,5,1,18,1,2,1.7321,Food,17,0,1.27,257,8712.93
8229,121.97,142.81,5,1,22,0,2,1.7321,Clothing,87,0,3.1,197,24028.68
8230,109.78,91.87,5,1,17,1,12,-0.0,Toys,17,0,2.69,183,20089.15
8231,48.57,39.61,0,0,19,1,6,-0.0,Electronics,23,0,4.7,222,10782.27
8232,95.86,101.03,3,0,1,0,11,-1.366,Food,39,1,4.59,137,13132.15
8233,161.42,184.77,6,1,8,0,10,-1.7321,Clothing,33,0,3.88,64,10330.88
8234,122.18,108.92,0,0,8,0,3,1.0,Food,66,0,4.02,99,12095.91
8235,28.41,21.68,1,0,11,1,8,0.0,Clothing,10,0,3.83,227,6450.04
8236,114.12,128.97,2,0,12,1,3,1.0,Toys,83,1,3.7,255,29101.64
8237,143.52,126.27,5,1,15,0,10,-1.7321,Electronics,40,0,4.99,101,14495.55
8238,160.61,128.46,0,0,12,1,4,0.0,Books,73,1,3.94,148,23770.82
8239,129.53,102.15,6,1,22,0,7,0.366,Food,15,0,4.78,89,11528.38
8240,39.01,34.67,4,0,13,0,1,1.366,Electronics,43,0,2.75,207,8074.05
8241,144.93,152.99,6,1,6,0,1,1.366,Books,88,0,4.99,111,16087.55
8242,138.69,126.91,5,1,1,0,9,-1.0,Toys,12,0,3.46,71,9847.34
8243,14.64,10.43,6,1,11,1,12,-0.0,Clothing,22,0,4.62,262,3835.97
8244,88.23,66.89,0,0,23,0,6,-0.0,Toys,18,0,1.36,93,8205.58
8245,73.26,64.05,4,0,16,0,5,-0.366,Electronics,66,0,3.44,157,11501.91
8246,137.19,150.33,0,0,23,0,2,1.7321,Electronics,62,0,4.97,214,29358.29
8247,51.07,38.76,0,0,4,0,2,1.7321,Food,61,0,1.27,169,8630.12
8248,122.27,126.72,5,1,19,1,7,0.366,Books,60,0,4.79,187,22863.68
8249,183.51,141.66,0,0,9,1,6,-0.0,Books,79,1,1.58,104,19084.95
8250,161.58,133.62,1,0,17,1,12,-0.0,Food,39,0,4.98,88,14219.26
8251,185.08,148.67,6,1,2,0,8,0.0,Toys,73,0,2.16,76,14065.85
8252,195.92,145.04,4,0,12,1,3,1.0,Books,22,0,4.17,67,13126.38
8253,12.03,13.26,2,0,12,1,3,1.0,Toys,81,0,1.11,215,2585.87
8254,128.32,125.5,3,0,9,1,5,-0.366,Clothing,14,1,2.15,201,25792.49
8255,88.44,106.01,6,1,1,0,10,-1.7321,Electronics,95,0,3.41,135,11939.33
8256,173.37,131.65,5,1,15,0,4,0.0,Clothing,7,0,1.91,61,10575.71
8257,57.84,45.51,4,0,3,0,12,-0.0,Food,35,1,4.04,242,13998.44
8258,196.4,173.59,1,0,18,1,8,0.0,Books,34,0,3.7,91,17872.0
8259,126.6,146.8,4,0,4,0,6,-0.0,Clothing,67,1,4.96,192,24308.07
8260,160.77,142.03,2,0,6,0,8,0.0,Electronics,63,0,3.34,96,15434.12
8261,26.26,24.82,5,1,8,0,7,0.366,Books,2,0,4.07,211,5541.69
8262,44.86,39.52,4,0,4,0,2,1.7321,Toys,91,0,1.3,192,8612.54
8263,154.1,115.29,6,1,7,0,9,-1.0,Books,45,0,1.17,7,1078.68
8264,14.18,17.92,1,0,1,0,11,-1.366,Electronics,63,1,3.33,166,2353.45
8265,165.21,170.02,5,1,21,1,6,-0.0,Books,2,0,4.94,114,18833.58
8266,12.65,14.84,1,0,23,0,11,-1.366,Clothing,54,1,2.08,187,2365.61
8267,134.85,147.67,5,1,19,1,11,-1.366,Food,51,0,1.01,60,8091.15
8268,79.37,80.05,3,0,19,1,6,-0.0,Clothing,41,0,2.36,166,13175.06
8269,126.18,95.12,2,0,6,0,12,-0.0,Books,5,0,3.96,95,11987.48
8270,142.25,154.43,3,0,3,0,2,1.7321,Toys,85,0,4.21,168,23897.32
8271,75.07,59.55,6,1,20,1,9,-1.0,Books,71,1,4.12,188,14113.21
8272,30.51,28.95,6,1,14,0,1,1.366,Electronics,25,0,1.32,220,6712.83
8273,23.23,25.03,6,1,17,1,6,-0.0,Clothing,1,0,4.08,241,5599.08
8274,121.9,142.54,0,0,1,0,8,0.0,Clothing,9,0,1.33,90,10970.81
8275,108.92,121.02,6,1,13,0,2,1.7321,Books,66,0,4.95,224,24399.09
8276,151.02,166.56,1,0,9,1,3,1.0,Food,67,0,2.48,132,19934.4
8277,106.85,84.35,3,0,4,0,10,-1.7321,Books,4,0,3.77,67,7158.93
8278,90.26,81.93,1,0,11,1,10,-1.7321,Food,21,1,2.94,138,12456.53
8279,85.64,62.15,5,1,9,1,7,0.366,Books,61,0,1.96,171,14643.85
8280,15.02,17.0,1,0,17,1,11,-1.366,Clothing,26,0,3.44,194,2914.83
8281,73.76,93.78,0,0,5,0,12,-0.0,Food,44,0,1.06,102,7523.1
8282,195.44,167.78,1,0,21,1,1,1.366,Electronics,37,0,3.02,199,38893.32
8283,175.98,132.44,5,1,11,1,5,-0.366,Food,78,0,1.16,0,0.0
8284,72.58,71.52,5,1,23,0,11,-1.366,Toys,10,0,3.27,125,9072.73
8285,121.68,147.72,3,0,0,0,6,-0.0,Electronics,90,0,2.83,129,15696.87
8286,170.99,176.32,6,1,6,0,10,-1.7321,Books,74,0,4.58,38,6497.48
8287,93.84,68.32,2,0,11,1,7,0.366,Toys,82,0,4.86,220,20645.27
8288,13.41,17.23,4,0,6,0,10,-1.7321,Electronics,91,1,3.6,178,2387.33
8289,24.16,28.92,3,0,8,0,10,-1.7321,Books,81,0,1.74,140,3381.98
8290,106.97,83.33,0,0,19,1,7,0.366,Food,74,0,3.09,131,14013.67
8291,194.19,243.34,4,0,14,0,3,1.0,Books,75,0,1.01,80,15535.48
8292,141.71,137.52,1,0,22,0,7,0.366,Clothing,47,0,4.07,83,11761.91
8293,23.47,21.67,3,0,11,1,1,1.366,Electronics,88,0,1.16,259,6079.79
8294,45.98,44.9,4,0,12,1,11,-1.366,Food,83,0,4.23,152,6988.74
8295,156.55,187.98,6,1,21,1,4,0.0,Books,80,1,2.06,166,25987.53
8296,169.87,186.13,6,1,3,0,7,0.366,Food,23,0,2.0,61,10362.29
8297,127.36,93.68,3,0,9,1,7,0.366,Food,76,0,1.36,89,11335.22
8298,132.44,168.8,6,1,23,0,4,0.0,Electronics,54,1,3.74,191,25296.12
8299,15.38,12.13,1,0,2,0,1,1.366,Food,59,0,2.46,240,3692.19
8300,167.42,192.09,5,1,23,0,8,0.0,Electronics,19,0,1.36,111,18583.7
8301,159.77,172.82,3,0,4,0,4,0.0,Food,25,0,2.28,41,6550.66
8302,59.22,48.11,0,0,3,0,2,1.7321,Food,67,0,4.69,216,12790.8
8303,144.65,116.07,4,0,18,1,4,0.0,Books,13,1,1.14,154,22275.88
8304,50.82,62.11,4,0,14,0,8,0.0,Toys,21,1,3.68,261,13264.64
8305,17.66,16.81,4,0,22,0,8,0.0,Electronics,22,0,3.0,184,3249.94
8306,48.22,52.69,3,0,6,0,5,-0.366,Clothing,47,0,3.39,146,7039.53
8307,43.94,44.05,1,0,21,1,2,1.7321,Electronics,63,1,2.57,321,14104.58
8308,74.17,84.29,3,0,2,0,7,0.366,Food,29,0,2.93,154,11422.51
8309,89.51,88.39,3,0,15,0,3,1.0,Toys,49,0,4.04,183,16379.49
8310,106.62,93.02,6,1,14,0,6,-0.0,Electronics,25,0,2.93,143,15247.0
8311,100.58,92.34,5,1,17,1,9,-1.0,Food,23,0,2.51,109,10963.57
8312,61.43,74.66,4,0,2,0,5,-0.366,Clothing,76,0,2.1,139,8538.52
8313,15.54,15.24,1,0,13,0,9,-1.0,Books,49,1,2.8,195,3030.77
8314,124.97,103.48,2,0,0,0,4,0.0,Books,23,0,3.3,80,9997.54
8315,85.19,107.41,1,0,6,0,9,-1.0,Electronics,5,0,2.5,126,10734.13
8316,66.75,78.63,6,1,1,0,1,1.366,Electronics,29,0,4.6,237,15819.21
8317,174.72,128.14,3,0,9,1,4,0.0,Clothing,5,0,4.98,91,15899.41
8318,151.88,197.35,0,0,23,0,11,-1.366,Books,39,0,1.82,61,9264.75
8319,172.98,193.21,1,0,15,0,1,1.366,Food,99,1,3.58,159,27503.1
8320,104.05,82.84,4,0,11,1,12,-0.0,Electronics,35,0,1.82,175,18208.18
8321,34.88,29.38,0,0,17,1,9,-1.0,Toys,81,1,3.16,212,7393.91
8322,142.28,158.71,2,0,5,0,8,0.0,Books,30,0,2.57,75,10671.16
8323,49.15,57.4,2,0,16,0,8,0.0,Food,56,0,1.98,129,6340.87
8324,93.83,79.14,0,0,7,0,7,0.366,Books,2,0,2.37,111,10415.53
8325,22.35,19.09,6,1,20,1,9,-1.0,Clothing,15,0,1.49,173,3866.58
8326,166.81,147.5,2,0,8,0,11,-1.366,Toys,51,0,1.32,47,7840.0
8327,33.93,35.92,0,0,18,1,11,-1.366,Food,23,0,2.8,181,6141.1
8328,181.59,145.83,3,0,1,0,3,1.0,Food,26,0,4.26,64,11621.67
8329,174.2,132.84,0,0,6,0,7,0.366,Electronics,11,0,3.73,79,13762.1
8330,98.27,108.82,3,0,10,1,6,-0.0,Clothing,24,0,3.38,205,20145.5
8331,151.43,176.79,6,1,22,0,5,-0.366,Clothing,9,0,2.68,114,17263.02
8332,127.69,127.77,4,0,12,1,9,-1.0,Food,78,0,2.87,68,8683.23
8333,162.58,149.3,4,0,9,1,4,0.0,Books,88,0,1.09,56,9104.72
8334,92.04,88.29,2,0,14,0,3,1.0,Food,71,1,4.76,209,19236.98
8335,159.3,148.64,5,1,20,1,11,-1.366,Food,10,0,2.24,66,10514.04
8336,97.87,124.88,5,1,6,0,3,1.0,Food,97,0,4.66,172,16833.09
8337,188.78,219.15,0,0,5,0,2,1.7321,Food,97,0,3.87,89,16801.73
8338,102.41,84.47,6,1,11,1,1,1.366,Food,91,0,3.25,176,18024.28
8339,97.9,91.1,3,0,2,0,3,1.0,Food,72,0,2.78,142,13901.47
8340,159.16,163.37,4,0,15,0,8,0.0,Books,78,0,2.29,56,8913.16
8341,166.1,177.36,6,1,19,1,12,-0.0,Toys,71,0,3.55,153,25413.26
8342,115.35,113.15,4,0,8,0,6,-0.0,Toys,82,0,4.88,165,19033.23
8343,44.16,52.38,4,0,9,1,2,1.7321,Electronics,57,0,4.22,271,11967.79
8344,98.87,114.75,2,0,12,1,8,0.0,Toys,90,0,2.56,186,18390.58
8345,193.93,194.53,4,0,7,0,5,-0.366,Books,15,0,2.93,53,10278.49
8346,153.07,185.62,5,1,5,0,12,-0.0,Food,33,0,2.87,41,6275.76
8347,164.12,188.85,1,0,2,0,4,0.0,Clothing,11,0,2.04,83,13622.03
8348,16.24,18.95,2,0,11,1,1,1.366,Books,19,0,4.39,271,4400.18
8349,98.89,125.97,0,0,8,0,12,-0.0,Clothing,42,0,3.77,136,13449.49
8350,132.86,114.24,1,0,8,0,1,1.366,Electronics,82,0,3.39,195,25907.31
8351,167.71,144.33,2,0,10,1,4,0.0,Books,86,0,2.73,105,17609.15
8352,19.36,23.88,6,1,5,0,12,-0.0,Food,58,0,1.96,192,3717.5
8353,171.96,200.05,2,0,1,0,9,-1.0,Food,100,0,3.56,40,6878.54
8354,114.2,143.42,3,0,6,0,10,-1.7321,Books,18,0,1.95,65,7422.75
8355,47.49,35.04,1,0,8,0,10,-1.7321,Books,18,0,1.04,93,4416.54
8356,70.28,75.67,1,0,18,1,6,-0.0,Food,22,0,1.27,177,12439.29
8357,63.57,50.01,5,1,17,1,1,1.366,Clothing,89,0,3.78,234,14874.59
8358,110.86,111.12,1,0,11,1,12,-0.0,Books,52,0,2.51,158,17516.39
8359,19.82,15.73,4,0,20,1,8,0.0,Food,44,0,1.83,239,4737.05
8360,40.12,31.17,5,1,10,1,12,-0.0,Toys,31,0,1.95,212,8505.84
8361,164.41,116.29,6,1,9,1,9,-1.0,Books,9,0,2.98,52,8549.41
8362,35.19,37.94,4,0,22,0,2,1.7321,Electronics,50,0,4.62,249,8763.49
8363,54.35,49.75,5,1,2,0,6,-0.0,Electronics,61,0,2.08,152,8260.48
8364,96.14,73.37,0,0,11,1,7,0.366,Books,19,0,3.62,148,14228.78
8365,108.25,96.75,6,1,3,0,11,-1.366,Food,52,0,4.3,17,1840.3
8366,155.09,124.28,5,1,9,1,1,1.366,Clothing,55,0,2.95,138,21401.87
8367,94.99,120.17,0,0,1,0,11,-1.366,Books,25,0,1.11,71,6744.51
8368,160.07,142.79,5,1,11,1,5,-0.366,Electronics,79,1,4.18,210,33615.6
8369,127.49,114.78,0,0,10,1,11,-1.366,Clothing,69,0,4.52,124,15808.24
8370,31.49,37.91,4,0,13,0,11,-1.366,Toys,75,1,1.12,171,5384.61
8371,39.7,43.22,6,1,14,0,5,-0.366,Clothing,13,0,1.46,142,5637.82
8372,93.04,104.77,6,1,13,0,3,1.0,Toys,34,0,1.35,182,16932.63
8373,85.41,92.38,5,1,11,1,2,1.7321,Electronics,72,0,1.88,229,19558.66
8374,151.27,191.77,3,0,1,0,1,1.366,Toys,25,0,2.98,202,30557.23
8375,120.34,99.18,5,1,22,0,6,-0.0,Clothing,91,0,1.13,69,8303.46
8376,83.75,108.32,0,0,1,0,7,0.366,Electronics,75,0,1.68,165,13817.97
8377,42.44,50.87,6,1,0,0,2,1.7321,Clothing,64,0,2.63,214,9083.11
8378,53.1,55.93,2,0,19,1,2,1.7321,Books,82,1,3.53,294,15611.12
8379,119.35,130.97,4,0,14,0,5,-0.366,Clothing,10,0,4.64,107,12769.94
8380,90.45,98.53,3,0,21,1,5,-0.366,Books,97,0,4.32,163,14743.9
8381,107.84,79.26,2,0,9,1,3,1.0,Books,100,1,1.22,229,24694.5
8382,42.43,35.25,2,0,19,1,3,1.0,Toys,17,1,4.87,330,14001.48
8383,135.95,173.59,4,0,0,0,1,1.366,Books,5,0,2.07,147,19984.97
8384,171.98,175.53,5,1,0,0,3,1.0,Toys,87,1,2.45,160,27517.18
8385,59.01,54.7,1,0,0,0,9,-1.0,Books,67,0,1.3,140,8261.19
8386,103.39,119.64,3,0,22,0,2,1.7321,Electronics,10,1,4.74,254,26260.48
8387,195.35,198.22,5,1,10,1,1,1.366,Toys,27,0,3.18,154,30083.93
8388,73.32,51.9,4,0,11,1,9,-1.0,Clothing,56,0,3.07,109,7991.44
8389,123.06,140.5,1,0,14,0,5,-0.366,Toys,7,0,1.06,128,15751.53
8390,27.14,30.92,4,0,13,0,8,0.0,Electronics,29,0,1.01,182,4938.97
8391,125.14,100.0,4,0,22,0,11,-1.366,Books,49,0,3.73,59,7383.43
8392,27.03,34.44,2,0,0,0,4,0.0,Electronics,39,1,2.93,232,6270.97
8393,192.25,160.41,6,1,0,0,8,0.0,Food,70,0,3.03,25,4806.37
8394,145.98,142.28,5,1,5,0,12,-0.0,Electronics,9,1,3.6,194,28319.33
8395,159.75,122.82,4,0,23,0,5,-0.366,Electronics,72,0,1.58,79,12620.28
8396,143.78,152.69,5,1,22,0,6,-0.0,Electronics,61,0,4.99,185,26599.27
8397,122.05,112.93,1,0,21,1,6,-0.0,Clothing,78,0,1.32,148,18063.18
8398,95.48,87.07,2,0,2,0,6,-0.0,Clothing,54,0,2.07,101,9643.83
8399,173.09,207.05,1,0,13,0,2,1.7321,Electronics,9,0,3.78,207,35829.83
8400,191.8,135.36,1,0,22,0,10,-1.7321,Food,60,1,3.06,0,0.0
8401,104.82,123.55,2,0,5,0,10,-1.7321,Food,52,1,1.39,112,11739.49
8402,186.99,195.01,5,1,7,0,9,-1.0,Toys,75,0,4.1,91,17016.24
8403,120.83,156.08,1,0,19,1,7,0.366,Electronics,11,0,4.88,205,24770.82
8404,112.29,118.32,0,0,14,0,3,1.0,Toys,35,0,2.89,164,18416.05
8405,96.35,70.65,5,1,16,0,2,1.7321,Books,75,0,2.01,145,13971.0
8406,49.76,36.35,6,1,22,0,4,0.0,Food,36,0,1.43,111,5523.88
8407,10.71,13.17,6,1,8,0,8,0.0,Books,55,0,1.82,204,2184.17
8408,55.89,67.33,4,0,15,0,9,-1.0,Books,3,0,2.24,115,6426.91
8409,106.85,96.97,2,0,0,0,10,-1.7321,Electronics,83,0,1.75,65,6945.08
8410,82.19,88.01,6,1,15,0,2,1.7321,Food,72,0,3.74,173,14219.28
8411,95.21,94.62,2,0,18,1,6,-0.0,Toys,53,1,1.09,186,17709.47
8412,196.32,251.35,5,1,22,0,8,0.0,Books,28,0,2.64,75,14724.24
8413,76.55,97.22,0,0,8,0,3,1.0,Electronics,53,1,2.5,236,18066.21
8414,95.91,123.76,0,0,16,0,11,-1.366,Clothing,54,0,4.51,120,11509.77
8415,35.37,43.14,0,0,5,0,9,-1.0,Food,53,0,2.09,125,4420.99
8416,19.11,23.81,0,0,13,0,4,0.0,Clothing,65,0,3.33,208,3975.29
8417,157.33,130.64,3,0,17,1,5,-0.366,Toys,53,1,1.02,158,24857.79
8418,118.43,141.95,2,0,20,1,12,-0.0,Toys,40,0,4.67,194,22975.38
8419,154.53,173.9,1,0,13,0,7,0.366,Toys,94,0,3.55,118,18235.0
8420,38.47,49.16,2,0,22,0,11,-1.366,Food,41,0,4.17,125,4809.24
8421,118.65,123.72,6,1,6,0,11,-1.366,Books,38,0,3.28,51,6051.02
8422,58.19,43.71,2,0,9,1,5,-0.366,Electronics,75,0,4.26,199,11580.22
8423,53.33,56.45,2,0,15,0,4,0.0,Books,29,0,1.34,116,6186.48
8424,12.19,13.55,0,0,6,0,4,0.0,Food,31,0,3.84,192,2340.47
8425,34.76,28.93,0,0,19,1,5,-0.366,Clothing,61,0,1.6,196,6813.89
8426,68.76,64.39,3,0,5,0,3,1.0,Electronics,74,0,3.31,191,13133.34
8427,32.21,34.11,5,1,5,0,9,-1.0,Toys,99,0,4.94,145,4670.01
8428,197.31,182.41,2,0,6,0,12,-0.0,Clothing,40,1,1.72,84,16574.3
8429,68.64,63.49,4,0,21,1,2,1.7321,Books,93,0,2.02,233,15993.17
8430,34.76,27.11,5,1,16,0,12,-0.0,Electronics,2,1,1.85,238,8273.25
8431,47.83,60.47,6,1,7,0,7,0.366,Toys,48,1,2.65,211,10091.21
8432,121.66,139.95,3,0,1,0,4,0.0,Electronics,1,0,2.95,182,22142.78
8433,22.17,15.53,6,1,18,1,8,0.0,Books,59,0,1.64,216,4788.35
8434,173.86,201.57,0,0,20,1,7,0.366,Food,32,1,1.11,123,21385.09
8435,192.68,220.41,6,1,21,1,8,0.0,Books,88,0,2.37,103,19846.55
8436,56.88,40.15,2,0,6,0,4,0.0,Food,2,0,2.53,122,6939.61
8437,95.52,88.05,0,0,11,1,11,-1.366,Toys,59,0,2.53,89,8501.11
8438,14.21,15.12,5,1,19,1,2,1.7321,Books,3,1,3.66,332,4716.24
8439,131.73,128.0,1,0,2,0,7,0.366,Books,73,0,2.79,100,13173.49
8440,88.65,103.43,0,0,3,0,12,-0.0,Books,49,0,1.43,121,10726.16
8441,61.31,58.57,0,0,10,1,9,-1.0,Books,88,0,4.73,133,8154.38
8442,49.3,39.06,3,0,11,1,6,-0.0,Food,76,0,3.8,194,9564.02
8443,134.26,172.64,1,0,18,1,7,0.366,Food,34,0,1.85,123,16514.52
8444,89.08,75.29,5,1,18,1,6,-0.0,Clothing,62,0,4.74,209,18617.98
8445,44.14,49.9,4,0,10,1,2,1.7321,Toys,34,0,4.97,290,12799.23
8446,140.93,110.76,4,0,12,1,9,-1.0,Toys,23,0,1.79,98,13811.21
8447,117.36,105.32,4,0,23,0,5,-0.366,Food,19,0,2.52,73,8567.55
8448,173.15,167.13,2,0,0,0,12,-0.0,Clothing,52,0,1.28,81,14024.96
8449,32.32,26.35,4,0,5,0,3,1.0,Clothing,60,0,2.93,210,6787.29
8450,159.28,154.49,2,0,21,1,4,0.0,Books,96,0,4.15,141,22458.01
8451,137.97,109.59,5,1,15,0,4,0.0,Clothing,28,0,4.62,77,10623.55
8452,31.85,32.98,5,1,1,0,12,-0.0,Toys,90,0,3.18,208,6625.23
8453,142.02,155.97,0,0,13,0,9,-1.0,Electronics,49,0,2.3,92,13065.47
8454,93.89,69.24,4,0,23,0,11,-1.366,Food,45,1,3.3,98,9201.61
8455,189.55,231.76,3,0,22,0,5,-0.366,Books,76,1,1.46,98,18575.62
8456,36.91,29.93,5,1,17,1,2,1.7321,Clothing,95,0,4.34,272,10038.47
8457,132.14,110.36,1,0,16,0,6,-0.0,Food,60,0,3.08,59,7796.16
8458,82.58,90.57,1,0,19,1,12,-0.0,Food,75,1,4.93,242,19983.44
8459,191.79,188.2,5,1,17,1,7,0.366,Food,56,0,2.6,50,9589.74
8460,72.7,72.67,0,0,18,1,8,0.0,Toys,4,0,3.61,210,15266.0
8461,192.82,149.8,6,1,14,0,5,-0.366,Books,18,0,2.36,0,0.0
8462,181.28,214.54,1,0,1,0,8,0.0,Electronics,29,0,1.59,124,22479.01
8463,61.37,65.68,1,0,3,0,8,0.0,Books,39,0,4.02,169,10372.01
8464,162.67,127.08,6,1,0,0,4,0.0,Clothing,55,0,3.69,64,10411.07
8465,199.16,184.11,0,0,7,0,7,0.366,Books,58,0,4.12,39,7767.43
8466,58.01,68.81,6,1,19,1,12,-0.0,Toys,47,0,4.92,215,12471.28
8467,92.99,96.8,0,0,13,0,9,-1.0,Electronics,31,0,4.97,137,12739.31
8468,108.83,83.28,0,0,10,1,10,-1.7321,Books,28,0,4.72,94,10230.43
8469,66.04,61.0,3,0,23,0,4,0.0,Clothing,27,0,4.58,166,10962.13
8470,12.9,10.91,0,0,23,0,9,-1.0,Books,30,0,2.21,155,1999.55
8471,51.82,52.37,0,0,13,0,12,-0.0,Toys,49,0,2.87,171,8862.0
8472,63.57,76.66,0,0,15,0,4,0.0,Food,42,0,1.19,115,7310.32
8473,94.28,90.68,5,1,9,1,1,1.366,Toys,75,0,3.74,232,21873.87
8474,42.51,40.81,4,0,6,0,4,0.0,Toys,78,0,3.18,149,6333.91
8475,175.92,218.7,5,1,15,0,2,1.7321,Toys,68,0,3.83,138,24276.73
8476,143.93,150.51,4,0,3,0,6,-0.0,Electronics,100,0,3.72,153,22021.77
8477,26.19,27.23,3,0,11,1,8,0.0,Books,1,0,2.09,207,5420.93
8478,133.52,114.44,3,0,11,1,6,-0.0,Clothing,44,0,2.84,103,13752.31
8479,134.19,142.87,1,0,1,0,9,-1.0,Food,37,1,1.42,52,6978.13
8480,191.68,200.41,6,1,5,0,6,-0.0,Food,33,0,1.34,8,1533.46
8481,10.57,9.92,6,1,19,1,11,-1.366,Electronics,21,0,2.84,195,2061.92
8482,57.11,73.92,5,1,14,0,7,0.366,Clothing,88,0,3.22,186,10621.93
8483,186.28,228.96,4,0,14,0,12,-0.0,Food,40,0,2.28,39,7264.93
8484,187.11,215.12,3,0,21,1,5,-0.366,Clothing,61,0,1.25,81,15155.54
8485,146.91,150.2,3,0,15,0,8,0.0,Clothing,13,0,3.65,94,13809.67
8486,155.5,151.96,5,1,23,0,2,1.7321,Books,98,0,3.71,105,16326.98
8487,27.38,22.2,1,0,2,0,2,1.7321,Electronics,38,0,2.28,240,6571.62
8488,107.64,95.09,0,0,0,0,11,-1.366,Toys,29,1,1.0,118,12701.1
8489,54.0,62.88,2,0,20,1,8,0.0,Toys,53,0,3.54,200,10800.15
8490,44.43,43.2,1,0,11,1,6,-0.0,Food,64,1,1.28,253,11241.15
8491,163.96,201.56,6,1,14,0,2,1.7321,Food,36,0,1.89,79,12952.65
8492,35.66,28.12,6,1,18,1,6,-0.0,Electronics,5,0,1.99,217,7737.62
8493,99.04,99.54,2,0,5,0,11,-1.366,Books,20,1,2.05,88,8715.86
8494,188.33,204.94,1,0,18,1,8,0.0,Food,93,0,3.47,54,10169.81
8495,45.31,45.77,1,0,16,0,6,-0.0,Food,11,0,1.32,113,5119.81
8496,195.82,241.55,0,0,8,0,9,-1.0,Clothing,72,0,3.58,69,13511.49
8497,198.91,257.34,3,0,20,1,6,-0.0,Electronics,28,0,2.94,209,41573.18
8498,115.57,88.93,4,0,12,1,3,1.0,Toys,49,0,2.4,160,18490.76
8499,42.33,32.93,1,0,14,0,9,-1.0,Electronics,41,0,3.42,137,5798.82
8500,70.06,54.52,0,0,15,0,10,-1.7321,Toys,18,0,4.49,147,10298.81
8501,90.65,100.51,6,1,12,1,5,-0.366,Clothing,30,0,3.18,159,14413.93
8502,68.77,63.52,2,0,1,0,6,-0.0,Books,14,0,1.62,152,10453.28
8503,63.32,72.18,5,1,1,0,4,0.0,Toys,56,0,3.23,178,11271.1
8504,194.72,183.68,6,1,10,1,3,1.0,Clothing,73,0,2.81,133,25898.24
8505,39.14,42.14,5,1,15,0,10,-1.7321,Books,74,0,4.76,164,6418.85
8506,149.33,173.51,3,0,16,0,5,-0.366,Clothing,89,0,3.37,107,15978.56
8507,10.08,10.37,5,1,2,0,12,-0.0,Books,52,0,1.14,150,1511.69
8508,123.27,126.2,1,0,22,0,3,1.0,Food,91,1,1.48,134,16518.81
8509,184.03,138.56,2,0,0,0,2,1.7321,Books,66,0,3.13,68,12513.98
8510,64.71,61.24,1,0,17,1,6,-0.0,Toys,67,1,4.18,246,15918.04
8511,45.25,46.49,5,1,13,0,8,0.0,Books,29,0,1.38,165,7466.24
8512,133.82,130.77,4,0,21,1,3,1.0,Electronics,27,1,3.26,244,32651.88
8513,145.39,180.36,6,1,8,0,6,-0.0,Books,68,0,2.81,104,15121.0
8514,140.73,175.05,5,1,8,0,11,-1.366,Clothing,35,1,2.45,111,15620.56
8515,70.67,84.32,4,0,11,1,9,-1.0,Toys,91,0,1.33,162,11448.57
8516,57.92,53.58,5,1,23,0,1,1.366,Food,83,1,4.52,230,13321.24
8517,191.62,216.61,3,0,2,0,3,1.0,Food,10,0,4.05,95,18204.33
8518,185.43,173.78,2,0,1,0,2,1.7321,Clothing,26,0,4.68,155,28741.17
8519,96.89,81.34,4,0,0,0,12,-0.0,Food,71,0,1.67,73,7072.98
8520,170.78,154.68,0,0,8,0,8,0.0,Toys,91,0,3.29,78,13320.59
8521,95.94,71.24,3,0,12,1,9,-1.0,Clothing,94,0,1.08,99,9498.2
8522,90.63,81.49,1,0,20,1,10,-1.7321,Toys,76,0,1.71,124,11238.61
8523,39.78,38.85,5,1,15,0,6,-0.0,Food,61,0,4.16,178,7081.72
8524,91.02,115.89,2,0,18,1,3,1.0,Food,69,0,2.15,177,16110.04
8525,112.11,99.56,2,0,9,1,10,-1.7321,Electronics,56,0,1.79,104,11659.36
8526,14.28,17.72,5,1,4,0,8,0.0,Clothing,77,0,3.17,211,3012.2
8527,94.38,79.03,0,0,13,0,10,-1.7321,Books,64,0,3.62,80,7550.52
8528,158.46,129.08,6,1,14,0,7,0.366,Clothing,41,0,3.44,94,14895.02
8529,139.21,140.8,6,1,2,0,2,1.7321,Toys,4,0,1.4,172,23943.91
8530,130.68,144.21,4,0,8,0,11,-1.366,Food,66,0,4.72,56,7318.07
8531,182.82,132.83,5,1,0,0,7,0.366,Electronics,37,0,1.71,106,19378.45
8532,13.43,11.18,2,0,0,0,1,1.366,Clothing,34,1,4.7,298,4000.97
8533,115.84,112.76,0,0,18,1,8,0.0,Toys,50,0,2.93,153,17723.37
8534,159.6,143.41,6,1,5,0,12,-0.0,Electronics,70,0,1.41,98,15640.44
8535,112.85,127.25,0,0,10,1,5,-0.366,Electronics,90,0,1.59,157,17718.03
8536,71.54,72.02,6,1,17,1,9,-1.0,Electronics,75,0,2.72,158,11303.34
8537,35.89,28.57,1,0,13,0,12,-0.0,Food,42,0,4.99,165,5921.46
8538,178.64,220.92,0,0,15,0,11,-1.366,Toys,1,0,4.54,61,10896.86
8539,99.44,87.09,3,0,0,0,12,-0.0,Electronics,34,0,4.92,165,16408.4
8540,176.84,201.37,2,0,23,0,3,1.0,Food,85,0,2.82,77,13616.83
8541,121.31,141.69,3,0,9,1,12,-0.0,Food,10,0,3.72,121,14678.74
8542,138.1,176.47,6,1,9,1,7,0.366,Food,5,0,3.08,122,16847.77
8543,162.81,162.66,0,0,12,1,8,0.0,Clothing,90,1,1.12,150,24421.44
8544,135.24,144.64,0,0,0,0,1,1.366,Food,44,0,1.57,115,15552.55
8545,85.63,77.15,3,0,2,0,6,-0.0,Toys,19,0,2.14,123,10532.54
8546,107.59,119.09,1,0,13,0,11,-1.366,Books,21,0,2.25,83,8930.0
8547,162.58,159.01,0,0,20,1,2,1.7321,Clothing,34,0,3.78,208,33816.36
8548,80.99,77.96,3,0,15,0,8,0.0,Electronics,29,0,3.88,142,11501.08
8549,83.74,101.6,3,0,22,0,6,-0.0,Food,79,0,2.8,156,13063.92
8550,28.18,20.58,2,0,19,1,11,-1.366,Clothing,40,0,2.52,194,5467.14
8551,183.77,225.89,1,0,5,0,11,-1.366,Clothing,80,1,1.71,86,15804.31
8552,27.3,33.06,4,0,0,0,12,-0.0,Toys,18,1,1.16,243,6633.15
8553,133.16,133.67,3,0,19,1,3,1.0,Electronics,49,1,3.34,265,35287.33
8554,88.51,87.99,2,0,23,0,4,0.0,Books,61,0,2.39,104,9204.72
8555,87.07,79.85,4,0,4,0,7,0.366,Books,65,0,2.91,121,10535.19
8556,139.11,180.36,2,0,7,0,9,-1.0,Clothing,75,0,4.6,90,12520.34
8557,22.75,17.44,2,0,11,1,11,-1.366,Clothing,36,0,3.67,201,4572.31
8558,122.8,129.45,5,1,0,0,10,-1.7321,Electronics,96,0,4.12,119,14613.69
8559,156.69,173.77,1,0,12,1,2,1.7321,Clothing,92,1,1.72,244,38231.39
8560,167.36,210.97,0,0,8,0,9,-1.0,Food,70,0,1.01,0,0.0
8561,42.4,49.53,1,0,19,1,6,-0.0,Books,7,0,1.54,224,9497.77
8562,180.51,196.09,4,0,23,0,2,1.7321,Food,61,0,4.07,96,17328.92
8563,134.67,103.71,5,1,7,0,8,0.0,Toys,64,0,2.78,121,16294.8
8564,177.55,164.1,1,0,12,1,4,0.0,Clothing,88,0,1.86,99,17577.69
8565,102.2,80.06,0,0,1,0,11,-1.366,Electronics,74,0,4.85,106,10833.55
8566,112.99,138.83,1,0,14,0,8,0.0,Toys,30,0,2.95,154,17399.9
8567,184.62,212.27,1,0,13,0,11,-1.366,Toys,17,0,2.48,52,9600.1
8568,180.98,208.95,1,0,18,1,7,0.366,Electronics,44,0,4.91,161,29138.23
8569,95.15,103.84,3,0,8,0,7,0.366,Toys,72,0,1.53,136,12940.48
8570,62.14,62.4,3,0,18,1,11,-1.366,Food,76,0,3.4,122,7580.88
8571,84.7,66.91,1,0,13,0,7,0.366,Toys,26,0,4.0,161,13637.08
8572,83.68,75.13,0,0,7,0,2,1.7321,Electronics,17,1,4.76,286,23931.11
8573,64.5,50.45,6,1,4,0,8,0.0,Books,35,0,4.34,143,9224.17
8574,61.03,69.27,0,0,6,0,2,1.7321,Clothing,46,0,2.16,200,12206.02
8575,173.6,138.21,0,0,3,0,3,1.0,Electronics,5,0,2.04,127,22047.45
8576,23.27,26.1,0,0,7,0,10,-1.7321,Food,45,1,1.39,151,3514.34
8577,138.75,154.75,5,1,3,0,7,0.366,Food,75,1,1.67,122,16927.03
8578,42.84,41.79,5,1,20,1,7,0.366,Books,16,0,3.92,197,8438.65
8579,75.46,58.94,2,0,0,0,12,-0.0,Food,58,0,2.16,100,7545.61
8580,21.69,19.28,1,0,7,0,7,0.366,Electronics,42,0,2.77,206,4468.79
8581,61.29,54.68,6,1,6,0,4,0.0,Food,94,0,3.76,142,8703.89
8582,156.0,174.76,6,1,10,1,5,-0.366,Books,60,0,3.66,110,17160.0
8583,178.15,136.87,1,0,20,1,7,0.366,Books,56,0,4.17,100,17815.29
8584,52.09,62.37,2,0,15,0,8,0.0,Toys,6,0,1.23,138,7188.44
8585,98.07,113.43,0,0,21,1,3,1.0,Toys,20,0,3.29,204,20007.11
8586,99.36,80.66,4,0,16,0,6,-0.0,Food,84,1,4.57,163,16195.94
8587,175.98,199.12,4,0,23,0,12,-0.0,Food,24,1,2.49,82,14430.3
8588,154.93,170.6,2,0,4,0,9,-1.0,Food,91,1,1.77,64,9915.64
8589,107.48,123.49,6,1,6,0,10,-1.7321,Food,67,0,1.28,46,4944.29
8590,137.44,111.79,4,0,9,1,11,-1.366,Toys,88,0,4.76,121,16630.48
8591,171.0,135.87,3,0,12,1,12,-0.0,Electronics,52,0,1.02,101,17270.74
8592,11.81,9.94,1,0,19,1,5,-0.366,Electronics,10,0,4.17,218,2575.1
8593,86.55,79.58,4,0,14,0,4,0.0,Electronics,25,1,2.06,207,17915.66
8594,182.38,214.51,5,1,5,0,9,-1.0,Toys,92,0,1.97,65,11854.45
8595,150.66,172.17,5,1,1,0,4,0.0,Electronics,82,0,1.63,128,19284.41
8596,113.14,142.02,6,1,3,0,3,1.0,Electronics,45,0,1.78,192,21722.85
8597,110.63,81.33,6,1,20,1,7,0.366,Toys,78,0,3.06,192,21241.43
8598,76.08,53.78,3,0,13,0,5,-0.366,Clothing,1,0,4.5,178,13541.58
8599,108.9,121.91,1,0,23,0,1,1.366,Food,84,0,2.47,186,20255.2
8600,134.52,116.71,3,0,14,0,8,0.0,Food,25,0,3.98,85,11434.44
8601,89.49,80.58,1,0,13,0,11,-1.366,Clothing,76,1,1.99,129,11544.08
8602,145.69,149.78,1,0,3,0,1,1.366,Books,73,1,4.62,182,26515.42
8603,173.63,132.21,6,1,5,0,9,-1.0,Electronics,9,0,4.66,90,15627.07
8604,39.39,42.76,4,0,6,0,1,1.366,Clothing,42,0,1.43,219,8626.44
8605,95.79,85.74,5,1,12,1,4,0.0,Electronics,63,0,4.36,204,19541.96
8606,87.52,94.49,2,0,16,0,10,-1.7321,Clothing,25,1,3.81,133,11640.67
8607,140.62,168.8,4,0,16,0,4,0.0,Food,94,0,2.58,78,10968.23
8608,57.47,46.13,6,1,3,0,11,-1.366,Electronics,48,1,4.34,201,11552.44
8609,131.65,165.68,0,0,18,1,9,-1.0,Toys,55,0,4.61,156,20537.04
8610,176.72,179.98,3,0,19,1,1,1.366,Food,92,1,2.99,185,32693.75
8611,89.45,112.14,6,1,12,1,10,-1.7321,Food,66,1,3.04,149,13327.31
8612,183.09,150.99,0,0,8,0,9,-1.0,Food,89,1,3.82,27,4943.51
8613,198.7,211.17,1,0,1,0,4,0.0,Electronics,82,1,1.98,157,31196.07
8614,30.16,28.42,6,1,19,1,7,0.366,Books,24,0,1.31,221,6664.81
8615,54.28,63.21,4,0,22,0,9,-1.0,Clothing,82,0,3.11,139,7544.93
8616,190.57,202.68,0,0,17,1,11,-1.366,Clothing,91,0,2.28,41,7813.46
8617,192.08,191.45,0,0,23,0,7,0.366,Toys,44,1,1.49,131,25162.78
8618,28.56,35.64,5,1,19,1,2,1.7321,Books,56,0,1.56,284,8112.28
8619,12.85,11.9,6,1,16,0,6,-0.0,Food,35,0,1.85,188,2415.75
8620,40.61,33.79,0,0,6,0,6,-0.0,Clothing,34,0,2.35,183,7431.45
8621,199.24,212.17,5,1,16,0,3,1.0,Electronics,6,0,2.75,129,25702.27
8622,44.2,47.49,5,1,9,1,4,0.0,Food,49,1,4.83,297,13127.38
8623,105.48,101.63,1,0,13,0,6,-0.0,Food,16,0,2.94,103,10864.86
8624,171.2,169.82,5,1,11,1,11,-1.366,Books,87,0,4.65,71,12155.16
8625,13.88,17.7,1,0,11,1,6,-0.0,Books,92,0,3.19,225,3122.17
8626,124.85,142.28,5,1,16,0,1,1.366,Clothing,13,1,1.63,213,26593.67
8627,62.63,48.0,5,1,18,1,10,-1.7321,Clothing,12,0,4.37,176,11023.73
8628,173.84,143.82,6,1,22,0,8,0.0,Food,11,1,1.07,47,8170.65
8629,63.86,82.08,6,1,13,0,9,-1.0,Toys,47,0,3.25,163,10408.79
8630,140.48,159.57,1,0,16,0,2,1.7321,Food,60,0,2.37,134,18824.8
8631,138.1,172.49,0,0,14,0,4,0.0,Electronics,49,0,2.75,149,20577.16
8632,52.08,45.95,3,0,20,1,11,-1.366,Toys,52,0,4.19,172,8958.41
8633,16.61,19.02,4,0,5,0,6,-0.0,Clothing,61,0,1.02,193,3206.09
8634,87.76,99.03,4,0,18,1,2,1.7321,Toys,86,0,1.73,233,20447.48
8635,64.95,56.95,1,0,21,1,11,-1.366,Toys,95,0,4.25,197,12794.5
8636,163.71,168.7,0,0,19,1,7,0.366,Clothing,91,1,3.18,168,27502.57
8637,162.07,174.46,6,1,5,0,6,-0.0,Electronics,91,0,2.03,107,17341.4
8638,96.83,95.74,6,1,5,0,8,0.0,Electronics,40,0,2.99,162,15687.2
8639,125.24,149.82,3,0,3,0,7,0.366,Books,90,0,2.61,114,14277.05
8640,124.81,149.74,2,0,0,0,10,-1.7321,Books,71,0,4.07,62,7738.18
8641,167.16,202.32,6,1,18,1,1,1.366,Electronics,75,0,4.03,226,37778.17
8642,90.75,107.27,1,0,10,1,10,-1.7321,Electronics,53,0,2.85,155,14066.32
8643,62.33,61.89,2,0,6,0,10,-1.7321,Books,61,0,2.1,104,6482.83
8644,60.36,56.06,4,0,1,0,5,-0.366,Books,22,0,1.05,127,7665.29
8645,111.88,134.12,4,0,3,0,6,-0.0,Electronics,83,1,2.89,203,22710.94
8646,95.34,94.78,6,1,5,0,7,0.366,Clothing,38,0,3.37,112,10677.87
8647,93.62,79.38,3,0,4,0,4,0.0,Electronics,84,0,3.42,167,15635.03
8648,27.32,27.44,3,0,21,1,9,-1.0,Clothing,61,0,4.47,195,5326.64
8649,146.53,115.05,2,0,20,1,1,1.366,Clothing,83,0,2.87,150,21980.21
8650,50.61,56.43,6,1,8,0,3,1.0,Clothing,83,0,3.88,215,10881.14
8651,47.42,42.75,4,0,10,1,10,-1.7321,Books,100,0,1.51,130,6164.75
8652,88.42,75.73,3,0,17,1,2,1.7321,Food,47,0,4.06,218,19276.45
8653,53.28,67.87,3,0,19,1,2,1.7321,Electronics,27,0,2.78,292,15557.14
8654,120.93,141.02,4,0,16,0,1,1.366,Toys,81,0,3.78,186,22493.55
8655,80.58,94.46,6,1,12,1,3,1.0,Toys,18,0,4.34,216,17404.86
8656,95.29,102.37,4,0,22,0,10,-1.7321,Electronics,20,1,2.02,155,14770.45
8657,112.06,134.87,0,0,16,0,5,-0.366,Clothing,42,0,3.67,117,13111.27
8658,48.67,56.24,5,1,21,1,6,-0.0,Books,41,0,1.49,190,9247.63
8659,39.59,41.94,3,0,9,1,8,0.0,Books,72,0,1.45,188,7443.45
8660,177.28,226.33,2,0,17,1,4,0.0,Clothing,58,0,2.13,130,23046.42
8661,92.41,75.31,6,1,16,0,1,1.366,Electronics,40,0,1.52,173,15986.5
8662,88.3,111.79,1,0,11,1,12,-0.0,Toys,75,0,2.81,183,16158.49
8663,16.77,15.77,1,0,14,0,9,-1.0,Books,30,1,4.47,210,3520.92
8664,104.62,106.4,4,0,18,1,3,1.0,Clothing,12,0,1.3,206,21550.79
8665,115.29,89.2,5,1,21,1,8,0.0,Books,62,0,2.45,162,18677.34
8666,116.18,118.98,6,1,14,0,4,0.0,Clothing,62,0,1.83,90,10456.18
8667,144.34,153.97,6,1,12,1,11,-1.366,Books,87,0,2.84,104,15010.94
8668,43.72,56.78,2,0,6,0,3,1.0,Toys,70,0,3.54,217,9487.58
8669,57.92,74.44,0,0,10,1,3,1.0,Books,99,0,4.41,256,14828.13
8670,164.04,209.94,3,0,7,0,4,0.0,Electronics,15,0,1.09,146,23949.66
8671,189.96,172.68,0,0,19,1,4,0.0,Food,92,1,3.27,100,18996.24
8672,35.83,46.39,6,1,15,0,12,-0.0,Clothing,7,0,3.76,190,6807.17
8673,104.55,101.76,2,0,23,0,7,0.366,Food,6,0,1.54,119,12441.86
8674,50.69,61.39,0,0,22,0,2,1.7321,Toys,27,1,4.75,290,14701.11
8675,21.41,17.77,4,0,10,1,8,0.0,Toys,2,1,1.32,261,5589.03
8676,71.85,72.1,1,0,23,0,11,-1.366,Food,6,0,2.28,70,5029.19
8677,37.3,47.73,4,0,4,0,2,1.7321,Toys,61,0,1.95,211,7870.44
8678,144.89,183.75,3,0,6,0,1,1.366,Toys,32,0,1.27,149,21588.21
8679,111.41,123.69,4,0,15,0,8,0.0,Clothing,29,1,3.8,184,20499.04
8680,37.33,44.0,2,0,15,0,4,0.0,Clothing,98,0,3.05,170,6345.85
8681,11.76,9.47,6,1,19,1,6,-0.0,Clothing,65,1,2.71,258,3033.02
8682,163.55,185.3,2,0,16,0,1,1.366,Electronics,15,0,1.8,138,22569.88
8683,43.48,46.56,3,0,18,1,3,1.0,Electronics,10,1,2.77,280,12173.54
8684,125.18,94.5,3,0,14,0,7,0.366,Electronics,10,0,4.6,130,16273.55
8685,74.02,56.84,1,0,14,0,7,0.366,Electronics,10,0,2.42,189,13988.87
8686,121.24,92.76,0,0,19,1,11,-1.366,Food,37,0,3.04,45,5455.9
8687,69.97,79.39,1,0,20,1,8,0.0,Clothing,32,1,4.71,257,17983.37
8688,26.52,20.82,4,0,14,0,2,1.7321,Toys,36,1,3.76,297,7876.0
8689,52.36,51.35,0,0,2,0,7,0.366,Books,64,1,1.17,230,12042.92
8690,45.73,41.81,3,0,11,1,4,0.0,Electronics,89,0,2.33,207,9466.34
8691,91.32,94.09,2,0,5,0,6,-0.0,Toys,15,0,4.91,162,14794.44
8692,135.07,151.81,4,0,19,1,4,0.0,Clothing,73,1,4.46,236,31877.44
8693,60.12,66.79,1,0,4,0,9,-1.0,Food,16,0,4.53,147,8838.1
8694,12.29,12.41,6,1,10,1,1,1.366,Toys,83,0,4.74,294,3614.23
8695,108.6,106.27,5,1,22,0,1,1.366,Books,46,0,3.53,152,16506.91
8696,125.09,117.42,5,1,11,1,5,-0.366,Toys,44,0,4.12,175,21891.5
8697,192.95,234.84,3,0,6,0,5,-0.366,Clothing,76,0,3.61,78,15049.74
8698,122.0,109.62,6,1,8,0,11,-1.366,Toys,35,0,3.11,67,8173.96
8699,99.52,85.15,0,0,17,1,8,0.0,Food,51,1,3.08,172,17117.92
8700,118.95,136.31,5,1,13,0,7,0.366,Clothing,58,1,1.05,165,19626.14
8701,186.3,170.63,0,0,3,0,11,-1.366,Electronics,5,0,1.93,87,16208.2
8702,167.39,202.24,2,0,7,0,3,1.0,Clothing,38,0,1.12,117,19584.85
8703,71.37,64.0,3,0,15,0,8,0.0,Toys,6,0,2.8,158,11275.82
8704,55.08,61.75,3,0,3,0,4,0.0,Books,51,0,3.89,170,9363.32
8705,59.9,43.55,4,0,18,1,3,1.0,Clothing,14,1,4.75,288,17251.31
8706,105.84,98.57,4,0,5,0,2,1.7321,Clothing,48,0,1.05,154,16299.36
8707,151.37,137.13,6,1,18,1,9,-1.0,Clothing,12,0,2.96,109,16499.26
8708,105.61,125.68,0,0,14,0,12,-0.0,Clothing,86,0,3.8,121,12779.01
8709,22.88,29.29,5,1,11,1,7,0.366,Toys,52,0,3.67,268,6132.19
8710,147.48,144.02,5,1,11,1,5,-0.366,Electronics,68,0,4.01,171,25219.14
8711,163.13,194.93,1,0,1,0,9,-1.0,Books,59,0,4.38,74,12071.94
8712,65.0,72.79,0,0,8,0,3,1.0,Clothing,18,1,4.66,268,17421.23
8713,136.18,174.37,5,1,2,0,6,-0.0,Books,53,0,1.72,115,15661.15
8714,91.05,108.05,4,0,0,0,8,0.0,Toys,31,0,4.82,169,15387.87
8715,178.93,133.57,4,0,13,0,9,-1.0,Electronics,35,0,4.22,57,10199.16
8716,170.59,192.42,4,0,12,1,4,0.0,Clothing,4,0,4.6,108,18424.03
8717,109.83,112.17,0,0,4,0,1,1.366,Electronics,9,1,2.37,233,25590.87
8718,141.39,100.36,3,0,6,0,8,0.0,Clothing,15,0,4.99,98,13855.83
8719,177.84,151.3,6,1,13,0,10,-1.7321,Clothing,42,0,1.05,0,0.0
8720,104.19,130.55,1,0,15,0,3,1.0,Food,59,0,4.48,142,14794.44
8721,69.52,87.29,1,0,17,1,6,-0.0,Books,85,0,3.72,216,15015.81
8722,153.2,180.67,4,0,13,0,4,0.0,Electronics,96,0,1.55,155,23745.47
8723,51.81,66.79,2,0,0,0,6,-0.0,Books,73,0,4.33,172,8911.77
8724,83.82,99.24,0,0,5,0,12,-0.0,Books,32,0,4.17,169,14165.74
8725,174.49,123.21,5,1,20,1,3,1.0,Books,80,0,3.16,125,21811.02
8726,147.64,128.85,5,1,9,1,7,0.366,Electronics,45,0,3.53,196,28937.49
8727,86.72,62.3,6,1,5,0,2,1.7321,Clothing,5,0,1.51,185,16043.96
8728,50.8,38.43,3,0,1,0,5,-0.366,Clothing,31,0,2.83,162,8229.84
8729,77.63,64.54,4,0,6,0,3,1.0,Clothing,25,0,1.16,156,12110.9
8730,63.98,64.12,2,0,16,0,5,-0.366,Clothing,56,0,3.31,165,10556.67
8731,43.46,52.52,4,0,23,0,3,1.0,Clothing,1,0,2.81,218,9473.62
8732,151.23,184.08,2,0,13,0,9,-1.0,Clothing,61,0,1.34,76,11493.73
8733,57.89,61.93,1,0,22,0,8,0.0,Toys,67,0,2.65,192,11115.51
8734,96.29,121.03,2,0,6,0,2,1.7321,Toys,85,0,2.75,179,17236.24
8735,83.31,83.32,1,0,21,1,8,0.0,Clothing,92,1,3.95,218,18162.3
8736,196.59,242.48,1,0,20,1,8,0.0,Electronics,67,0,1.21,146,28702.83
8737,84.31,81.98,0,0,8,0,10,-1.7321,Books,42,1,3.46,144,12140.28
8738,25.2,21.83,6,1,18,1,3,1.0,Books,96,0,3.05,239,6022.0
8739,27.07,33.83,2,0,20,1,10,-1.7321,Electronics,96,0,2.1,175,4736.71
8740,122.24,114.02,3,0,23,0,5,-0.366,Toys,94,0,3.98,119,14546.94
8741,123.88,124.13,3,0,10,1,2,1.7321,Books,59,1,3.25,249,30845.89
8742,89.56,80.37,2,0,2,0,10,-1.7321,Toys,50,0,3.08,67,6000.8
8743,92.05,101.04,6,1,22,0,6,-0.0,Food,77,1,4.81,218,20066.97
8744,20.25,26.26,0,0,3,0,2,1.7321,Books,34,0,4.26,260,5264.27
8745,108.14,77.36,3,0,4,0,4,0.0,Food,68,1,1.83,130,14058.7
8746,105.9,131.31,4,0,3,0,3,1.0,Food,54,0,2.55,151,15990.98
8747,38.41,26.98,3,0,12,1,1,1.366,Food,82,0,3.65,259,9949.32
8748,29.73,27.31,0,0,8,0,8,0.0,Food,96,0,3.2,168,4994.55
8749,33.48,26.82,1,0,22,0,8,0.0,Clothing,14,0,2.72,188,6294.01
8750,29.2,33.7,1,0,13,0,1,1.366,Clothing,32,1,4.93,293,8554.24
8751,125.84,91.91,1,0,15,0,12,-0.0,Electronics,70,1,1.66,180,22652.02
8752,47.33,48.85,0,0,21,1,6,-0.0,Books,81,0,2.35,189,8945.69
8753,57.77,50.66,1,0,5,0,12,-0.0,Electronics,8,0,2.58,163,9416.79
8754,42.98,33.53,6,1,9,1,1,1.366,Food,35,0,1.27,225,9670.21
8755,191.99,223.3,1,0,22,0,9,-1.0,Electronics,24,0,2.87,81,15551.09
8756,172.38,143.15,0,0,20,1,1,1.366,Clothing,3,0,3.1,136,23443.32
8757,53.79,44.88,4,0,12,1,3,1.0,Toys,81,1,2.06,262,14094.03
8758,72.24,62.49,3,0,2,0,9,-1.0,Toys,36,0,4.85,152,10980.11
8759,49.88,52.48,0,0,10,1,1,1.366,Toys,51,0,3.14,268,13367.74
8760,103.46,113.37,0,0,2,0,2,1.7321,Toys,81,0,3.33,198,20484.37
8761,13.73,9.75,2,0,6,0,4,0.0,Toys,57,0,4.58,192,2635.39
8762,137.56,116.25,1,0,9,1,7,0.366,Books,59,1,2.1,165,22697.39
8763,109.4,104.87,5,1,0,0,8,0.0,Food,94,1,3.54,149,16300.61
8764,180.74,162.52,4,0,3,0,1,1.366,Clothing,89,0,2.8,89,16085.98
8765,41.23,50.74,5,1,7,0,1,1.366,Toys,22,1,2.49,279,11504.46
8766,162.78,190.88,2,0,19,1,5,-0.366,Books,37,0,2.51,112,18231.44
8767,160.47,172.59,4,0,16,0,8,0.0,Clothing,75,0,1.1,88,14121.59
8768,34.16,30.84,1,0,4,0,1,1.366,Toys,12,1,4.28,280,9566.04
8769,85.73,96.05,5,1,16,0,3,1.0,Food,21,0,3.34,195,16716.62
8770,42.33,51.06,1,0,8,0,6,-0.0,Electronics,15,0,4.73,208,8804.43
8771,58.4,61.72,1,0,7,0,1,1.366,Food,12,1,4.38,224,13080.9
8772,60.02,70.26,3,0,6,0,3,1.0,Food,86,0,4.94,202,12123.39
8773,115.68,132.98,4,0,4,0,12,-0.0,Toys,56,0,1.14,106,12262.6
8774,88.17,91.96,4,0,3,0,1,1.366,Electronics,99,0,3.59,235,20719.5
8775,190.07,168.65,2,0,22,0,4,0.0,Electronics,16,1,4.82,155,29460.73
8776,34.01,39.03,0,0,2,0,9,-1.0,Clothing,33,1,4.07,233,7924.41
8777,195.0,160.7,1,0,7,0,5,-0.366,Books,43,0,2.27,0,0.0
8778,53.82,62.85,1,0,4,0,3,1.0,Clothing,49,1,1.45,222,11948.34
8779,156.85,185.51,5,1,4,0,10,-1.7321,Toys,78,0,3.67,52,8155.99
8780,74.4,88.79,2,0,16,0,7,0.366,Electronics,18,0,3.63,194,14434.43
8781,37.19,36.58,4,0,14,0,6,-0.0,Food,16,0,2.17,177,6581.83
8782,173.0,141.08,3,0,7,0,11,-1.366,Food,40,0,4.22,0,0.0
8783,68.68,52.19,4,0,6,0,9,-1.0,Books,67,0,3.53,90,6181.52
8784,135.18,154.92,3,0,16,0,4,0.0,Toys,62,0,2.66,129,17438.55
8785,117.62,144.88,3,0,11,1,4,0.0,Toys,90,0,2.86,173,20349.0
8786,99.63,108.65,4,0,3,0,9,-1.0,Clothing,79,1,1.99,131,13052.01
8787,104.21,81.96,5,1,19,1,2,1.7321,Electronics,100,0,3.15,228,23758.9
8788,149.13,188.04,1,0,17,1,10,-1.7321,Electronics,27,0,3.01,148,22070.53
8789,26.68,34.51,3,0,3,0,2,1.7321,Books,81,0,4.77,269,7176.07
8790,136.95,131.48,5,1,9,1,9,-1.0,Food,14,0,3.04,66,9038.99
8791,180.2,190.46,2,0,2,0,7,0.366,Clothing,66,1,4.11,157,28292.07
8792,20.98,24.47,2,0,4,0,5,-0.366,Books,27,0,3.46,173,3629.5
8793,36.72,41.93,3,0,11,1,5,-0.366,Electronics,54,1,1.9,250,9181.03
8794,146.16,187.18,1,0,22,0,9,-1.0,Clothing,88,1,1.2,113,16516.09
8795,93.08,71.57,3,0,4,0,10,-1.7321,Toys,60,1,3.81,125,11635.44
8796,86.67,90.87,2,0,4,0,5,-0.366,Food,40,0,4.21,143,12394.42
8797,36.02,40.17,6,1,3,0,9,-1.0,Electronics,45,1,4.5,194,6988.59
8798,106.29,131.16,2,0,5,0,8,0.0,Electronics,99,0,3.73,174,18493.82
8799,34.04,41.69,4,0,9,1,6,-0.0,Books,68,1,2.74,282,9600.3
8800,100.56,129.4,6,1,5,0,5,-0.366,Food,90,0,2.97,82,8245.75
8801,155.09,156.21,1,0,21,1,5,-0.366,Electronics,100,0,4.04,169,26209.69
8802,59.07,70.79,4,0,21,1,5,-0.366,Electronics,68,0,1.71,196,11577.76
8803,101.35,96.93,6,1,0,0,1,1.366,Electronics,63,0,2.81,208,21080.67
8804,198.48,189.23,5,1,15,0,11,-1.366,Books,98,0,1.22,0,0.0
8805,140.46,119.68,6,1,10,1,5,-0.366,Electronics,77,0,1.42,168,23597.88
8806,169.86,202.29,5,1,5,0,3,1.0,Books,40,0,1.92,99,16815.92
8807,88.82,114.71,5,1,19,1,6,-0.0,Toys,41,0,3.52,223,19807.09
8808,155.89,133.1,6,1,17,1,9,-1.0,Toys,61,0,4.68,138,21513.31
8809,17.7,12.98,6,1,5,0,12,-0.0,Toys,65,0,2.46,154,2725.3
8810,33.35,39.67,0,0,16,0,3,1.0,Toys,1,0,3.0,223,7437.75
8811,48.58,52.09,6,1,11,1,1,1.366,Clothing,9,0,3.28,270,13117.52
8812,86.37,110.19,5,1,16,0,8,0.0,Clothing,75,0,2.14,137,11832.81
8813,170.69,145.32,3,0,20,1,12,-0.0,Toys,80,0,3.76,139,23726.12
8814,75.79,56.28,4,0,21,1,9,-1.0,Toys,93,0,1.85,134,10155.93
8815,134.38,133.77,5,1,17,1,10,-1.7321,Food,100,1,1.76,99,13303.42
8816,144.77,108.76,1,0,9,1,4,0.0,Electronics,15,1,1.82,173,25045.16
8817,121.37,104.03,6,1,23,0,10,-1.7321,Food,59,1,2.92,70,8496.23
8818,77.88,60.4,5,1,19,1,5,-0.366,Food,66,0,2.0,121,9422.99
8819,119.64,99.84,3,0,11,1,3,1.0,Food,10,0,2.73,145,17347.82
8820,75.03,57.3,6,1,3,0,8,0.0,Food,49,0,2.51,119,8928.63
8821,25.94,33.0,3,0,9,1,3,1.0,Food,11,1,4.32,344,8921.99
8822,198.63,172.24,3,0,4,0,4,0.0,Food,30,0,1.88,0,0.0
8823,34.16,33.01,3,0,3,0,10,-1.7321,Toys,23,0,2.22,101,3450.63
8824,23.75,29.43,3,0,15,0,12,-0.0,Food,22,0,4.81,206,4891.72
8825,176.92,195.74,1,0,4,0,7,0.366,Clothing,51,0,1.98,62,10969.09
8826,67.35,72.12,0,0,18,1,2,1.7321,Electronics,42,0,4.19,267,17982.07
8827,133.56,150.03,2,0,23,0,1,1.366,Clothing,100,0,1.57,142,18965.01
8828,72.51,86.82,0,0,5,0,4,0.0,Books,29,0,3.35,134,9716.49
8829,84.38,103.5,2,0,23,0,8,0.0,Clothing,45,0,1.37,124,10462.66
8830,59.8,64.92,4,0,20,1,1,1.366,Books,96,0,2.64,223,13335.73
8831,75.18,92.77,6,1,6,0,10,-1.7321,Toys,33,0,4.82,107,8044.08
8832,88.03,89.9,3,0,9,1,3,1.0,Books,39,0,3.57,232,20423.67
8833,146.88,127.25,4,0,6,0,4,0.0,Food,73,0,1.83,30,4406.37
8834,107.19,131.64,4,0,21,1,4,0.0,Food,65,1,4.24,193,20688.03
8835,189.28,193.99,6,1,13,0,3,1.0,Food,82,0,3.62,84,15899.3
8836,17.96,22.33,2,0,9,1,3,1.0,Books,50,1,4.71,347,6231.17
8837,105.58,76.45,1,0,19,1,7,0.366,Books,86,0,1.92,140,14781.62
8838,121.0,113.56,3,0,21,1,8,0.0,Books,48,1,1.49,153,18513.41
8839,184.84,234.5,5,1,10,1,10,-1.7321,Electronics,37,0,3.54,152,28095.29
8840,19.34,16.44,6,1,13,0,4,0.0,Electronics,78,0,4.65,201,3887.36
8841,118.96,150.48,6,1,11,1,11,-1.366,Electronics,86,0,4.11,160,19034.39
8842,172.19,219.08,4,0,3,0,11,-1.366,Food,33,0,2.64,4,688.76
8843,55.97,68.8,0,0,12,1,8,0.0,Toys,6,0,2.73,218,12200.65
8844,176.5,183.24,3,0,21,1,8,0.0,Clothing,91,0,2.33,98,17296.56
8845,13.62,14.82,1,0,21,1,6,-0.0,Electronics,70,0,4.67,244,3322.85
8846,149.17,182.25,3,0,2,0,1,1.366,Clothing,55,0,4.25,141,21032.46
8847,187.29,218.3,5,1,12,1,7,0.366,Electronics,44,0,2.07,147,27531.85
8848,134.87,145.39,5,1,19,1,7,0.366,Books,50,1,2.28,205,27647.85
8849,93.42,120.45,4,0,18,1,5,-0.366,Books,54,1,3.96,225,21018.5
8850,18.53,20.59,0,0,14,0,6,-0.0,Food,63,0,2.7,165,3057.02
8851,184.82,237.55,4,0,18,1,9,-1.0,Food,16,0,3.44,58,10719.65
8852,99.36,72.97,1,0,19,1,3,1.0,Clothing,47,0,1.62,165,16393.79
8853,15.51,12.15,2,0,3,0,12,-0.0,Food,57,0,4.31,177,2745.16
8854,141.07,136.96,5,1,5,0,4,0.0,Toys,2,0,3.23,113,15940.46
8855,101.55,94.53,0,0,14,0,9,-1.0,Toys,37,1,4.3,161,16349.4
8856,33.63,39.33,5,1,3,0,10,-1.7321,Toys,93,1,3.86,157,5279.22
8857,50.71,40.39,1,0,5,0,12,-0.0,Food,23,0,2.72,141,7150.34
8858,22.25,28.61,1,0,1,0,2,1.7321,Electronics,85,1,3.72,295,6564.7
8859,119.12,105.9,5,1,3,0,9,-1.0,Clothing,13,0,1.24,57,6789.6
8860,128.19,122.72,4,0,17,1,5,-0.366,Clothing,65,0,2.74,139,17817.8
8861,106.09,91.75,5,1,14,0,3,1.0,Clothing,93,0,2.74,154,16338.02
8862,165.25,173.12,4,0,11,1,8,0.0,Electronics,48,0,2.68,147,24291.66
8863,173.59,127.62,5,1,7,0,9,-1.0,Food,7,1,1.47,26,4513.38
8864,126.97,100.28,4,0,11,1,1,1.366,Electronics,31,1,2.95,251,31869.13
8865,12.42,14.26,2,0,8,0,5,-0.366,Books,63,0,4.05,213,2646.25
8866,142.09,115.37,3,0,6,0,9,-1.0,Electronics,45,1,2.29,142,20177.3
8867,89.42,75.23,3,0,21,1,11,-1.366,Food,56,0,4.27,118,10551.54
8868,117.46,138.1,4,0,7,0,2,1.7321,Electronics,64,0,3.34,204,23961.01
8869,133.33,100.79,4,0,19,1,1,1.366,Food,22,0,3.9,135,17998.92
8870,76.54,73.67,6,1,9,1,8,0.0,Electronics,63,1,4.59,260,19901.69
8871,184.25,131.52,6,1,10,1,6,-0.0,Electronics,80,0,2.93,97,17872.13
8872,35.46,32.2,2,0,1,0,2,1.7321,Clothing,28,1,4.38,291,10317.47
8873,137.59,154.01,3,0,3,0,3,1.0,Clothing,44,0,1.56,113,15547.36
8874,10.83,8.17,2,0,20,1,5,-0.366,Clothing,89,0,4.11,232,2512.17
8875,185.68,228.95,6,1,20,1,1,1.366,Food,14,0,4.33,124,23024.78
8876,31.38,39.08,6,1,8,0,2,1.7321,Toys,85,0,4.61,257,8063.58
8877,28.03,21.39,1,0,7,0,11,-1.366,Toys,19,0,1.32,129,3615.61
8878,73.27,94.85,5,1,4,0,12,-0.0,Toys,60,0,1.47,154,11283.8
8879,80.98,71.14,6,1,13,0,1,1.366,Toys,77,0,1.09,168,13604.24
8880,50.72,38.06,3,0,1,0,11,-1.366,Food,2,0,3.02,80,4057.36
8881,121.17,85.19,4,0,20,1,7,0.366,Clothing,51,0,1.77,135,16358.37
8882,94.15,88.99,0,0,16,0,7,0.366,Clothing,100,0,3.27,132,12428.29
8883,16.49,17.78,6,1,7,0,10,-1.7321,Clothing,78,0,4.57,150,2474.0
8884,70.73,63.61,1,0,1,0,5,-0.366,Food,34,1,2.31,154,10893.02
8885,163.98,197.11,5,1,22,0,10,-1.7321,Electronics,82,0,1.02,53,8691.06
8886,141.04,159.37,0,0,14,0,6,-0.0,Books,88,1,4.56,153,21579.62
8887,147.73,134.44,2,0,1,0,3,1.0,Food,94,0,3.49,91,13443.02
8888,142.64,162.7,5,1,10,1,11,-1.366,Electronics,51,0,1.81,144,20540.48
8889,69.08,87.34,2,0,13,0,2,1.7321,Clothing,19,0,3.77,218,15060.5
8890,28.94,21.87,2,0,20,1,10,-1.7321,Clothing,36,0,3.53,199,5758.29
8891,61.77,54.58,4,0,9,1,9,-1.0,Toys,85,0,2.52,151,9327.08
8892,168.04,164.34,2,0,6,0,2,1.7321,Toys,83,1,1.85,201,33775.88
8893,196.29,196.05,6,1,21,1,1,1.366,Electronics,26,0,4.97,194,38080.15
8894,103.83,106.46,0,0,13,0,9,-1.0,Books,35,0,3.57,92,9552.45
8895,11.84,10.43,1,0,12,1,8,0.0,Electronics,63,0,1.01,203,2404.14
8896,36.61,40.28,6,1,20,1,8,0.0,Electronics,4,0,1.5,209,7651.18
8897,71.2,77.39,4,0,21,1,7,0.366,Books,85,0,1.99,198,14096.67
8898,119.93,125.53,1,0,1,0,9,-1.0,Electronics,3,1,4.25,183,21947.41
8899,24.27,18.64,2,0,9,1,11,-1.366,Electronics,5,0,2.9,183,4441.01
8900,189.24,186.62,3,0,0,0,3,1.0,Food,29,1,1.24,99,18734.55
8901,79.37,72.52,5,1,0,0,8,0.0,Books,19,0,2.06,109,8650.88
8902,183.39,182.4,4,0,23,0,1,1.366,Clothing,17,0,4.92,110,20173.01
8903,158.3,198.37,2,0,2,0,1,1.366,Toys,34,0,4.07,146,23111.67
8904,153.53,151.74,4,0,10,1,11,-1.366,Clothing,20,1,1.02,116,17809.84
8905,125.28,88.74,3,0,18,1,6,-0.0,Clothing,28,1,4.35,194,24303.68
8906,129.09,124.35,0,0,8,0,12,-0.0,Toys,73,0,1.77,71,9165.31
8907,131.22,156.47,6,1,12,1,8,0.0,Toys,67,0,2.32,143,18764.55
8908,129.46,151.21,0,0,21,1,8,0.0,Electronics,10,0,1.47,169,21878.24
8909,115.21,116.13,5,1,3,0,10,-1.7321,Books,21,0,1.04,52,5990.83
8910,197.42,167.78,0,0,19,1,1,1.366,Toys,4,0,3.02,173,34153.43
8911,149.14,146.01,6,1,22,0,11,-1.366,Books,22,1,2.14,96,14316.98
8912,157.62,163.64,6,1,5,0,1,1.366,Electronics,71,0,2.44,199,31366.34
8913,175.77,228.48,3,0,1,0,9,-1.0,Clothing,62,1,1.68,96,16873.72
8914,50.97,55.38,1,0,8,0,9,-1.0,Toys,12,1,4.23,210,10704.03
8915,25.92,28.94,3,0,17,1,7,0.366,Toys,11,0,1.69,233,6040.01
8916,101.75,101.23,3,0,23,0,1,1.366,Electronics,22,0,3.07,180,18314.99
8917,107.68,98.27,2,0,3,0,10,-1.7321,Books,29,0,2.88,62,6675.87
8918,167.54,199.0,0,0,0,0,2,1.7321,Books,61,0,4.68,141,23623.78
8919,94.32,94.03,4,0,0,0,8,0.0,Food,61,0,4.95,118,11129.63
8920,118.46,153.62,6,1,19,1,8,0.0,Clothing,27,0,4.62,172,20375.48
8921,110.14,107.31,5,1,16,0,11,-1.366,Food,47,0,3.93,57,6278.18
8922,17.26,12.79,1,0,18,1,5,-0.366,Books,84,0,2.72,218,3762.36
8923,126.89,140.79,6,1,2,0,2,1.7321,Food,14,0,1.52,106,13450.43
8924,167.33,121.81,4,0,22,0,3,1.0,Books,7,0,4.48,84,14055.57
8925,39.93,33.95,2,0,21,1,5,-0.366,Toys,15,0,3.86,202,8064.87
8926,122.92,112.14,2,0,23,0,3,1.0,Electronics,46,0,1.53,152,18684.3
8927,122.79,140.43,1,0,22,0,10,-1.7321,Food,28,0,1.35,15,1841.79
8928,41.2,41.05,4,0,16,0,1,1.366,Toys,43,1,3.7,251,10339.98
8929,33.46,24.0,1,0,2,0,6,-0.0,Toys,10,0,4.62,196,6557.78
8930,196.21,209.97,1,0,3,0,5,-0.366,Electronics,51,0,1.86,83,16285.42
8931,84.81,80.3,0,0,12,1,3,1.0,Electronics,3,0,2.65,231,19590.33
8932,53.21,66.68,4,0,14,0,9,-1.0,Toys,76,0,4.86,170,9045.72
8933,42.55,42.54,0,0,11,1,10,-1.7321,Toys,77,0,4.78,185,7872.06
8934,136.84,154.0,6,1,2,0,8,0.0,Food,44,0,3.79,72,9852.79
8935,125.79,104.58,0,0,20,1,7,0.366,Food,54,0,2.9,118,14843.76
8936,132.27,152.99,6,1,7,0,12,-0.0,Clothing,34,0,2.49,100,13227.49
8937,26.72,30.26,5,1,0,0,11,-1.366,Clothing,65,0,2.56,144,3847.84
8938,179.77,223.36,0,0,17,1,2,1.7321,Toys,89,0,3.02,204,36673.4
8939,83.96,60.48,3,0,12,1,10,-1.7321,Clothing,83,0,3.75,108,9067.75
8940,69.54,67.35,2,0,6,0,5,-0.366,Toys,25,1,3.04,183,12725.85
8941,97.85,108.37,2,0,12,1,5,-0.366,Electronics,63,0,1.92,164,16047.18
8942,84.11,63.68,3,0,16,0,6,-0.0,Electronics,70,0,4.01,166,13962.68
8943,174.08,164.74,6,1,12,1,6,-0.0,Food,45,0,2.81,79,13752.29
8944,186.56,236.05,6,1,12,1,3,1.0,Books,68,1,3.29,212,39550.63
8945,67.66,65.06,1,0,10,1,11,-1.366,Toys,26,0,4.1,152,10283.73
8946,174.15,224.87,4,0,13,0,4,0.0,Food,26,0,2.54,31,5398.58
8947,158.49,116.35,4,0,20,1,1,1.366,Clothing,26,0,4.72,156,24724.35
8948,186.85,211.27,4,0,9,1,11,-1.366,Toys,78,0,3.04,100,18685.35
8949,56.69,59.45,0,0,7,0,1,1.366,Food,62,0,3.81,180,10204.66
8950,119.62,119.66,4,0,5,0,5,-0.366,Clothing,96,0,4.02,124,14833.16
8951,62.16,79.73,4,0,18,1,12,-0.0,Toys,92,1,2.46,223,13862.45
8952,166.58,129.56,6,1,22,0,4,0.0,Food,61,0,2.03,31,5163.92
8953,11.01,13.63,4,0,18,1,7,0.366,Books,2,0,4.69,269,2962.12
8954,117.32,130.78,2,0,11,1,7,0.366,Food,41,1,2.25,204,23932.39
8955,74.45,63.68,3,0,20,1,4,0.0,Toys,45,1,1.44,224,16676.5
8956,71.31,88.5,5,1,6,0,10,-1.7321,Clothing,85,0,2.98,102,7273.61
8957,132.53,126.91,6,1,17,1,2,1.7321,Toys,14,0,4.3,224,29687.21
8958,171.78,204.17,1,0,19,1,10,-1.7321,Toys,37,0,2.13,109,18724.24
8959,125.75,117.36,3,0,17,1,4,0.0,Food,2,0,2.98,105,13203.45
8960,172.1,208.34,4,0,22,0,8,0.0,Toys,5,0,2.45,116,19963.93
8961,60.27,65.21,1,0,2,0,2,1.7321,Electronics,2,0,1.1,228,13742.35
8962,108.71,85.29,1,0,8,0,5,-0.366,Books,1,0,1.55,93,10109.6
8963,95.6,104.19,3,0,5,0,7,0.366,Clothing,48,0,4.19,147,14053.49
8964,12.21,9.95,3,0,0,0,10,-1.7321,Books,22,0,4.74,141,1721.97
8965,115.79,109.67,3,0,9,1,6,-0.0,Food,41,0,1.02,81,9379.34
8966,135.69,108.85,6,1,7,0,9,-1.0,Food,25,0,4.44,32,4342.07
8967,122.46,87.34,6,1,22,0,2,1.7321,Electronics,46,0,3.9,185,22655.79
8968,149.89,123.98,5,1,16,0,4,0.0,Food,94,0,3.74,41,6145.62
8969,118.55,121.14,3,0,2,0,7,0.366,Food,9,0,2.72,93,11025.57
8970,22.68,22.43,5,1,2,0,12,-0.0,Food,61,1,2.33,196,4445.78
8971,32.12,32.15,0,0,2,0,8,0.0,Books,47,0,2.64,181,5814.56
8972,123.33,104.66,2,0,6,0,5,-0.366,Electronics,74,0,3.41,130,16032.92
8973,62.25,69.16,5,1,21,1,5,-0.366,Toys,79,0,4.79,185,11515.52
8974,25.13,28.21,2,0,10,1,4,0.0,Clothing,3,0,1.83,225,5654.83
8975,91.62,83.82,4,0,17,1,9,-1.0,Electronics,8,0,4.89,196,17958.41
8976,115.32,141.7,0,0,4,0,12,-0.0,Books,25,0,1.93,110,12685.34
8977,72.46,78.72,1,0,21,1,10,-1.7321,Toys,36,0,4.38,161,11666.34
8978,146.88,165.66,3,0,1,0,4,0.0,Toys,43,0,3.64,112,16450.83
8979,132.32,114.64,4,0,13,0,3,1.0,Clothing,50,0,3.98,149,19715.15
8980,73.24,51.29,1,0,0,0,9,-1.0,Toys,63,0,4.33,120,8788.26
8981,153.43,187.06,6,1,3,0,7,0.366,Electronics,85,1,1.05,174,26696.09
8982,133.25,159.03,2,0,13,0,9,-1.0,Toys,34,0,3.9,90,11992.69
8983,131.11,101.47,1,0,14,0,4,0.0,Books,91,1,4.98,149,19536.08
8984,115.15,106.45,3,0,19,1,3,1.0,Toys,73,1,2.98,236,27175.7
8985,12.16,13.34,3,0,19,1,10,-1.7321,Books,10,0,3.17,164,1994.9
8986,142.34,155.33,5,1,16,0,8,0.0,Toys,27,0,1.42,108,15372.33
8987,81.45,99.06,5,1,2,0,4,0.0,Clothing,89,0,2.36,164,13357.46
8988,189.1,148.28,6,1,22,0,10,-1.7321,Electronics,13,1,3.45,103,19476.87
8989,165.42,158.46,2,0,3,0,3,1.0,Books,51,0,1.48,88,14556.71
8990,121.66,92.26,3,0,17,1,12,-0.0,Toys,68,0,2.33,130,15816.05
8991,57.91,54.08,0,0,23,0,4,0.0,Food,16,0,2.39,131,7586.81
8992,48.71,34.54,4,0,0,0,2,1.7321,Food,12,0,4.25,199,9692.55
8993,74.67,92.52,2,0,4,0,12,-0.0,Electronics,25,0,3.15,184,13739.85
8994,100.55,102.18,2,0,17,1,11,-1.366,Books,49,0,3.22,112,11261.37
8995,66.25,80.16,1,0,12,1,4,0.0,Clothing,16,0,2.13,209,13846.76
8996,107.84,79.36,2,0,13,0,7,0.366,Clothing,2,1,2.25,162,17469.53
8997,41.42,34.65,6,1,19,1,3,1.0,Electronics,73,1,2.8,301,12467.53
8998,195.77,167.5,4,0,2,0,1,1.366,Clothing,77,0,4.27,130,25449.51
8999,30.51,28.43,0,0,22,0,10,-1.7321,Toys,78,1,2.27,201,6131.64
9000,187.07,221.06,1,0,5,0,8,0.0,Electronics,76,1,2.29,161,30118.17
9001,183.58,171.08,4,0,10,1,6,-0.0,Books,35,0,3.28,113,20744.52
9002,109.82,90.36,5,1,8,0,3,1.0,Clothing,22,0,4.36,155,17021.87
9003,147.73,109.17,2,0,19,1,8,0.0,Toys,85,0,3.02,123,18171.15
9004,92.85,69.42,6,1,18,1,6,-0.0,Clothing,48,0,1.51,150,13927.38
9005,129.71,149.94,3,0,6,0,1,1.366,Electronics,64,1,4.66,256,33204.88
9006,74.71,72.24,5,1,21,1,9,-1.0,Electronics,67,1,2.88,198,14792.47
9007,67.22,76.34,3,0,20,1,11,-1.366,Clothing,22,1,4.1,211,14183.47
9008,119.86,132.97,4,0,9,1,9,-1.0,Electronics,73,0,1.17,130,15582.28
9009,104.64,81.75,0,0,6,0,9,-1.0,Food,47,1,4.34,121,12662.0
9010,120.11,94.38,3,0,4,0,12,-0.0,Electronics,40,1,1.23,149,17896.67
9011,64.47,74.34,6,1,3,0,6,-0.0,Books,53,0,4.87,168,10830.21
9012,79.72,90.31,4,0,16,0,6,-0.0,Clothing,3,0,4.56,170,13552.74
9013,25.94,24.04,1,0,4,0,4,0.0,Food,95,1,2.07,215,5577.23
9014,19.93,14.88,2,0,16,0,8,0.0,Clothing,6,1,1.89,230,4584.48
9015,58.16,41.13,0,0,16,0,9,-1.0,Electronics,14,0,4.13,158,9188.78
9016,24.11,21.04,6,1,16,0,12,-0.0,Food,83,0,1.61,138,3326.75
9017,29.72,20.97,6,1,0,0,7,0.366,Clothing,58,1,4.47,241,7161.84
9018,164.46,137.82,0,0,23,0,7,0.366,Electronics,82,0,1.13,95,15623.36
9019,17.39,16.55,1,0,1,0,2,1.7321,Electronics,7,0,3.61,262,4555.13
9020,135.2,104.49,0,0,22,0,2,1.7321,Clothing,100,0,2.04,122,16494.29
9021,61.79,47.12,4,0,18,1,12,-0.0,Clothing,29,0,4.37,194,11986.48
9022,175.59,217.36,0,0,8,0,10,-1.7321,Clothing,3,0,2.51,21,3687.47
9023,102.15,107.39,0,0,19,1,11,-1.366,Food,13,0,2.73,118,12053.53
9024,68.06,85.8,0,0,22,0,2,1.7321,Food,36,0,1.58,184,12522.95
9025,108.35,98.33,4,0,14,0,4,0.0,Books,89,0,3.51,103,11160.19
9026,82.57,91.35,5,1,18,1,9,-1.0,Food,92,1,2.88,205,16927.26
9027,117.22,96.45,2,0,4,0,5,-0.366,Electronics,38,1,1.03,166,19458.06
9028,31.76,34.02,3,0,12,1,2,1.7321,Food,75,1,3.92,336,10671.78
9029,199.43,155.11,5,1,3,0,4,0.0,Clothing,60,0,1.51,0,0.0
9030,90.86,63.71,0,0,12,1,7,0.366,Clothing,73,0,3.1,179,16263.16
9031,76.16,95.88,1,0,5,0,5,-0.366,Food,22,0,3.16,113,8606.51
9032,144.94,149.71,6,1,11,1,11,-1.366,Electronics,21,0,2.2,125,18117.48
9033,79.14,99.41,1,0,8,0,8,0.0,Books,83,1,1.91,165,13058.25
9034,168.32,151.54,4,0,14,0,1,1.366,Clothing,33,0,2.25,103,17337.18
9035,96.31,86.36,2,0,20,1,5,-0.366,Toys,4,0,2.59,161,15506.14
9036,146.72,137.97,0,0,14,0,4,0.0,Books,97,1,4.74,155,22741.0
9037,30.42,34.18,4,0,16,0,3,1.0,Toys,80,0,3.68,212,6448.22
9038,170.76,177.51,3,0,4,0,7,0.366,Toys,44,0,4.86,121,20662.28
9039,149.79,188.01,2,0,4,0,10,-1.7321,Toys,1,0,1.34,65,9736.12
9040,50.23,35.93,2,0,23,0,11,-1.366,Clothing,62,0,1.18,97,4871.94
9041,37.6,42.3,4,0,4,0,1,1.366,Clothing,79,0,1.23,196,7370.45
9042,70.1,62.96,5,1,20,1,6,-0.0,Toys,22,0,4.44,225,15771.5
9043,195.45,157.95,6,1,13,0,8,0.0,Toys,96,0,4.34,61,11922.66
9044,58.8,59.16,1,0,1,0,2,1.7321,Books,59,0,2.75,220,12935.56
9045,96.66,96.96,5,1,8,0,6,-0.0,Clothing,37,0,2.74,120,11599.7
9046,15.7,12.28,2,0,13,0,11,-1.366,Toys,23,1,2.71,216,3392.03
9047,85.47,70.19,1,0,14,0,1,1.366,Electronics,33,0,4.78,228,19487.9
9048,118.55,112.02,2,0,3,0,6,-0.0,Clothing,22,0,2.05,117,13870.44
9049,191.09,180.64,6,1,22,0,6,-0.0,Clothing,64,0,3.87,57,10892.34
9050,108.18,96.34,2,0,5,0,5,-0.366,Electronics,62,0,1.44,117,12657.04
9051,165.63,130.7,2,0,13,0,7,0.366,Toys,54,1,2.05,147,24347.67
9052,113.95,80.07,3,0,4,0,5,-0.366,Food,58,0,3.39,57,6495.39
9053,17.75,22.76,1,0,10,1,8,0.0,Clothing,12,0,3.39,238,4224.3
9054,69.85,88.44,3,0,20,1,2,1.7321,Toys,18,0,3.21,268,18720.22
9055,119.35,118.18,1,0,13,0,6,-0.0,Electronics,96,0,1.49,121,14441.88
9056,190.61,247.23,6,1,6,0,5,-0.366,Electronics,67,0,4.02,123,23445.38
9057,173.23,191.28,6,1,13,0,10,-1.7321,Clothing,60,0,3.84,26,4504.1
9058,53.39,39.58,3,0,12,1,2,1.7321,Electronics,100,0,3.72,290,15482.39
9059,51.82,39.93,3,0,17,1,11,-1.366,Electronics,1,0,1.52,192,9949.61
9060,48.22,60.26,3,0,1,0,7,0.366,Toys,89,0,1.88,190,9162.34
9061,185.27,199.73,6,1,8,0,4,0.0,Electronics,20,1,4.64,205,37981.33
9062,172.01,207.42,6,1,10,1,6,-0.0,Food,17,0,2.93,101,17372.66
9063,157.23,194.8,4,0,19,1,5,-0.366,Toys,49,0,2.67,138,21697.44
9064,84.62,81.98,3,0,10,1,4,0.0,Toys,22,0,4.49,196,16585.46
9065,105.83,77.16,5,1,5,0,2,1.7321,Clothing,33,0,2.18,139,14710.69
9066,98.22,79.85,5,1,0,0,7,0.366,Toys,26,0,4.3,164,16108.58
9067,58.15,43.02,2,0,4,0,5,-0.366,Clothing,27,0,2.77,127,7384.5
9068,105.96,86.17,0,0,21,1,3,1.0,Electronics,60,1,3.49,263,27866.25
9069,15.79,14.95,3,0,13,0,6,-0.0,Books,34,1,2.46,234,3695.88
9070,35.04,27.02,0,0,15,0,8,0.0,Food,87,0,4.67,180,6307.91
9071,178.45,142.77,0,0,8,0,11,-1.366,Food,80,0,1.42,0,0.0
9072,152.82,147.85,2,0,18,1,10,-1.7321,Electronics,78,0,1.87,123,18796.76
9073,90.34,81.68,0,0,19,1,10,-1.7321,Books,52,0,1.81,100,9034.5
9074,108.26,106.16,6,1,7,0,12,-0.0,Toys,55,0,2.04,132,14290.13
9075,80.3,76.89,0,0,7,0,2,1.7321,Books,61,0,2.82,186,14935.76
9076,150.75,163.82,6,1,15,0,11,-1.366,Toys,50,1,1.47,105,15828.56
9077,159.0,200.7,6,1,17,1,10,-1.7321,Toys,63,0,1.16,94,14945.58
9078,155.02,118.55,5,1,7,0,12,-0.0,Toys,64,0,3.26,117,18137.83
9079,147.3,111.88,6,1,22,0,4,0.0,Books,14,0,3.01,87,12814.77
9080,48.86,59.2,0,0,8,0,3,1.0,Electronics,90,1,2.36,262,12800.23
9081,74.21,74.5,1,0,4,0,7,0.366,Toys,51,0,1.68,148,10983.72
9082,99.27,115.14,3,0,1,0,10,-1.7321,Electronics,27,0,1.47,88,8735.82
9083,72.85,60.41,3,0,20,1,8,0.0,Toys,40,0,4.56,200,14570.13
9084,153.44,183.71,0,0,13,0,8,0.0,Electronics,68,1,2.74,200,30687.73
9085,72.58,91.03,2,0,17,1,4,0.0,Electronics,9,1,4.81,284,20611.92
9086,36.26,39.21,1,0,12,1,10,-1.7321,Electronics,56,0,2.3,162,5874.78
9087,85.82,65.52,2,0,11,1,2,1.7321,Clothing,91,0,3.45,228,19566.43
9088,196.18,242.71,2,0,14,0,6,-0.0,Books,39,0,3.27,68,13340.49
9089,52.92,62.2,0,0,20,1,3,1.0,Toys,15,1,1.65,275,14552.3
9090,126.31,145.32,4,0,14,0,8,0.0,Toys,89,0,2.98,148,18693.9
9091,92.26,66.62,0,0,22,0,3,1.0,Clothing,18,0,2.94,144,13286.14
9092,23.49,27.71,5,1,22,0,2,1.7321,Electronics,52,0,3.03,224,5262.81
9093,102.7,80.39,4,0,0,0,9,-1.0,Electronics,61,1,2.21,154,15815.27
9094,143.41,119.52,6,1,21,1,9,-1.0,Toys,94,0,1.97,86,12333.37
9095,107.51,112.49,1,0,6,0,9,-1.0,Food,37,0,2.64,63,6773.24
9096,175.7,150.92,4,0,12,1,3,1.0,Toys,80,0,4.69,178,31274.63
9097,64.9,71.18,0,0,17,1,2,1.7321,Toys,53,0,3.28,267,17327.77
9098,26.39,28.1,0,0,0,0,4,0.0,Clothing,12,0,2.87,181,4776.11
9099,187.95,143.76,2,0,10,1,2,1.7321,Electronics,81,0,1.78,158,29695.7
9100,81.86,89.52,0,0,12,1,8,0.0,Books,25,0,4.7,191,15634.75
9101,119.52,149.92,6,1,19,1,10,-1.7321,Toys,79,0,3.64,187,22349.69
9102,160.48,127.85,5,1,8,0,1,1.366,Toys,25,1,4.95,219,35145.25
9103,71.62,75.79,0,0,15,0,2,1.7321,Books,21,0,1.68,181,12963.15
9104,146.07,132.21,3,0,10,1,6,-0.0,Clothing,83,1,2.56,179,26146.76
9105,35.73,34.86,3,0,2,0,9,-1.0,Food,88,1,2.33,140,5002.14
9106,65.35,56.99,2,0,16,0,10,-1.7321,Clothing,7,0,2.33,87,5685.09
9107,37.5,34.21,4,0,1,0,12,-0.0,Toys,76,0,1.13,167,6261.67
9108,164.13,117.74,4,0,8,0,5,-0.366,Clothing,49,0,3.15,45,7386.02
9109,52.3,67.42,3,0,8,0,5,-0.366,Books,39,0,3.44,161,8420.84
9110,146.31,157.26,5,1,15,0,3,1.0,Clothing,75,0,1.19,113,16532.65
9111,189.23,189.31,1,0,0,0,8,0.0,Toys,97,0,4.52,107,20247.26
9112,110.28,102.58,6,1,16,0,12,-0.0,Books,49,0,1.81,70,7719.37
9113,112.61,115.27,6,1,9,1,6,-0.0,Books,89,0,1.59,125,14075.69
9114,97.6,90.58,6,1,19,1,10,-1.7321,Toys,34,0,1.72,116,11321.18
9115,71.92,65.87,5,1,4,0,12,-0.0,Toys,75,0,2.69,136,9781.0
9116,100.37,98.2,3,0,7,0,2,1.7321,Toys,16,0,1.33,189,18970.77
9117,124.53,107.79,6,1,12,1,12,-0.0,Food,96,0,4.3,121,15068.55
9118,197.34,159.46,5,1,20,1,12,-0.0,Toys,15,0,3.72,76,14997.72
9119,188.18,194.57,1,0,4,0,5,-0.366,Clothing,40,0,2.89,49,9220.59
9120,173.81,209.55,4,0,3,0,4,0.0,Electronics,79,0,3.0,155,26940.4
9121,178.93,141.66,3,0,7,0,11,-1.366,Food,7,0,2.62,0,0.0
9122,98.89,71.17,0,0,22,0,10,-1.7321,Food,40,0,3.86,52,5142.35
9123,134.91,114.42,6,1,6,0,9,-1.0,Electronics,66,0,4.81,119,16054.82
9124,180.06,231.89,1,0,4,0,4,0.0,Clothing,70,1,3.21,146,26289.15
9125,84.66,101.36,1,0,9,1,8,0.0,Food,100,0,3.25,164,13884.35
9126,192.73,203.82,1,0,16,0,1,1.366,Food,92,0,3.09,61,11756.83
9127,89.0,111.92,4,0,5,0,5,-0.366,Toys,22,0,4.64,158,14061.9
9128,124.21,120.13,5,1,9,1,9,-1.0,Books,59,0,3.54,125,15525.71
9129,144.86,186.87,2,0,15,0,3,1.0,Food,5,0,4.5,132,19121.9
9130,190.61,167.32,6,1,21,1,11,-1.366,Clothing,18,0,3.34,75,14295.94
9131,56.48,47.68,0,0,9,1,6,-0.0,Books,11,1,3.79,252,14232.23
9132,151.76,164.34,6,1,3,0,11,-1.366,Electronics,8,0,3.62,103,15631.78
9133,108.95,100.99,3,0,1,0,10,-1.7321,Food,20,0,2.76,51,5556.7
9134,61.03,65.65,5,1,0,0,6,-0.0,Clothing,75,0,1.55,122,7445.15
9135,157.56,139.12,1,0,2,0,11,-1.366,Electronics,59,0,2.69,69,10871.32
9136,114.92,123.05,6,1,12,1,6,-0.0,Toys,91,0,4.49,180,20686.0
9137,135.59,117.34,4,0,11,1,4,0.0,Toys,93,0,3.62,138,18710.73
9138,71.35,52.13,1,0,0,0,7,0.366,Books,25,0,4.77,159,11344.84
9139,101.44,126.53,5,1,20,1,3,1.0,Electronics,58,0,2.11,254,25766.28
9140,127.3,156.57,3,0,9,1,6,-0.0,Books,19,0,2.89,139,17694.33
9141,86.93,111.49,0,0,5,0,10,-1.7321,Electronics,2,0,3.97,131,11388.23
9142,47.69,53.89,1,0,8,0,5,-0.366,Electronics,58,0,1.53,186,8870.49
9143,192.71,213.84,6,1,0,0,3,1.0,Toys,66,1,1.39,155,29870.31
9144,107.18,110.97,6,1,11,1,2,1.7321,Books,7,0,4.01,240,25722.92
9145,149.44,115.9,4,0,4,0,12,-0.0,Toys,51,0,3.66,107,15990.6
9146,88.1,71.67,4,0,0,0,1,1.366,Electronics,95,1,2.92,237,20879.46
9147,77.48,67.69,2,0,1,0,8,0.0,Toys,33,1,1.27,193,14952.68
9148,87.36,107.81,4,0,13,0,1,1.366,Books,75,0,3.51,198,17297.52
9149,87.75,70.53,2,0,1,0,5,-0.366,Books,13,0,3.67,143,12547.87
9150,113.39,142.17,0,0,4,0,5,-0.366,Clothing,10,0,2.2,112,12700.15
9151,113.26,114.81,3,0,9,1,1,1.366,Toys,59,0,1.36,180,20386.67
9152,104.46,117.97,2,0,19,1,9,-1.0,Clothing,38,0,3.02,148,15459.97
9153,35.61,27.28,1,0,5,0,5,-0.366,Electronics,20,0,2.95,170,6053.58
9154,104.25,89.81,5,1,4,0,9,-1.0,Toys,85,0,2.18,76,7923.33
9155,42.13,53.72,6,1,1,0,11,-1.366,Food,14,0,3.26,138,5813.9
9156,33.97,29.2,1,0,8,0,6,-0.0,Clothing,88,0,3.43,185,6283.67
9157,187.2,164.35,6,1,9,1,7,0.366,Books,40,0,4.69,102,19094.67
9158,124.94,102.27,3,0,7,0,7,0.366,Clothing,7,0,4.1,132,16492.15
9159,135.3,105.19,4,0,5,0,2,1.7321,Toys,69,0,4.24,166,22460.32
9160,86.34,72.52,5,1,4,0,5,-0.366,Clothing,6,0,1.74,105,9065.78
9161,182.71,198.31,1,0,20,1,2,1.7321,Books,40,1,2.83,211,38551.04
9162,131.21,127.69,5,1,17,1,4,0.0,Clothing,53,1,1.83,180,23617.22
9163,156.14,161.18,2,0,19,1,12,-0.0,Clothing,99,0,1.75,126,19673.93
9164,80.03,61.89,3,0,17,1,3,1.0,Food,9,0,3.02,206,16485.54
9165,192.4,227.28,1,0,1,0,12,-0.0,Electronics,65,0,2.12,105,20202.24
9166,165.89,194.16,4,0,11,1,11,-1.366,Books,20,1,1.86,133,22063.06
9167,172.25,122.81,5,1,7,0,6,-0.0,Electronics,6,1,3.9,154,26526.53
9168,42.72,39.73,4,0,3,0,11,-1.366,Food,96,0,1.14,96,4100.82
9169,61.48,45.58,5,1,19,1,5,-0.366,Toys,77,0,4.01,207,12726.98
9170,64.27,75.53,1,0,22,0,1,1.366,Toys,39,0,4.59,228,14653.34
9171,61.47,70.22,3,0,3,0,2,1.7321,Food,21,0,3.82,193,11864.24
9172,172.53,214.14,0,0,8,0,7,0.366,Toys,37,0,1.77,116,20013.2
9173,16.06,13.52,1,0,8,0,9,-1.0,Toys,12,1,3.94,223,3580.96
9174,24.46,23.82,4,0,11,1,1,1.366,Clothing,70,0,3.01,269,6579.47
9175,62.04,50.3,0,0,13,0,4,0.0,Clothing,15,1,3.55,204,12656.94
9176,47.98,44.27,3,0,2,0,11,-1.366,Clothing,21,0,2.57,115,5517.22
9177,54.05,54.77,4,0,5,0,3,1.0,Food,85,0,1.76,162,8756.64
9178,161.61,118.3,3,0,14,0,12,-0.0,Toys,92,0,1.09,25,4040.23
9179,116.99,132.08,5,1,22,0,12,-0.0,Electronics,100,0,3.96,173,20239.97
9180,11.1,11.38,1,0,18,1,11,-1.366,Books,81,1,2.71,229,2541.08
9181,91.57,109.65,3,0,3,0,5,-0.366,Toys,46,0,1.97,124,11354.84
9182,87.5,75.52,4,0,0,0,5,-0.366,Food,71,0,3.49,103,9012.31
9183,31.65,39.31,1,0,8,0,12,-0.0,Clothing,87,0,4.17,214,6773.01
9184,138.47,179.9,6,1,22,0,10,-1.7321,Books,86,1,3.12,83,11492.76
9185,143.4,179.47,4,0,15,0,10,-1.7321,Books,10,0,4.05,53,7600.12
9186,146.97,171.47,4,0,22,0,11,-1.366,Books,82,0,2.35,51,7495.46
9187,148.41,176.22,6,1,8,0,2,1.7321,Electronics,66,1,3.61,208,30869.17
9188,10.01,10.45,6,1,11,1,5,-0.366,Clothing,76,1,3.46,275,2752.76
9189,191.24,155.69,0,0,13,0,4,0.0,Clothing,39,0,1.69,25,4781.12
9190,164.7,182.19,2,0,14,0,1,1.366,Clothing,22,1,3.95,185,30469.44
9191,181.76,204.96,3,0,21,1,12,-0.0,Clothing,86,0,4.04,130,23628.35
9192,12.97,16.75,3,0,23,0,1,1.366,Toys,42,1,3.63,297,3852.75
9193,187.43,192.08,0,0,20,1,1,1.366,Books,86,0,2.52,111,20805.08
9194,163.86,141.38,5,1,15,0,8,0.0,Books,6,0,3.18,71,11634.05
9195,169.07,187.7,3,0,7,0,3,1.0,Books,52,0,2.75,97,16399.95
9196,27.72,35.7,6,1,9,1,9,-1.0,Food,37,1,1.01,238,6598.46
9197,150.37,121.25,0,0,13,0,10,-1.7321,Clothing,84,0,1.05,19,2856.99
9198,192.38,172.3,3,0,16,0,2,1.7321,Toys,6,0,1.79,106,20392.72
9199,138.92,142.41,3,0,2,0,9,-1.0,Toys,73,1,4.65,162,22505.69
9200,118.41,94.98,4,0,3,0,11,-1.366,Food,29,0,3.53,20,2368.13
9201,189.67,135.3,0,0,15,0,9,-1.0,Food,69,0,2.56,0,0.0
9202,94.16,84.95,6,1,13,0,4,0.0,Books,51,0,3.43,145,13652.92
9203,123.87,151.02,5,1,23,0,4,0.0,Books,77,0,1.26,90,11147.92
9204,100.5,72.97,3,0,13,0,4,0.0,Books,27,1,1.42,155,15578.16
9205,187.24,179.26,5,1,15,0,12,-0.0,Books,87,0,1.32,24,4493.78
9206,24.46,28.3,2,0,7,0,1,1.366,Books,37,0,4.27,245,5991.74
9207,105.21,133.82,0,0,17,1,5,-0.366,Clothing,46,0,5.0,181,19043.51
9208,140.52,181.45,0,0,6,0,6,-0.0,Toys,98,0,1.89,100,14052.1
9209,160.46,152.95,0,0,2,0,4,0.0,Clothing,25,0,2.93,92,14762.53
9210,120.77,153.41,6,1,5,0,8,0.0,Toys,37,1,1.53,196,23671.61
9211,182.69,131.77,6,1,19,1,3,1.0,Electronics,23,0,4.53,149,27221.46
9212,188.98,216.86,4,0,15,0,11,-1.366,Electronics,92,0,1.62,71,13417.46
9213,22.22,24.12,0,0,21,1,9,-1.0,Electronics,26,1,3.1,249,5532.94
9214,86.45,73.46,4,0,3,0,7,0.366,Toys,76,0,3.33,165,14264.32
9215,14.46,14.52,6,1,18,1,8,0.0,Food,52,1,2.92,283,4091.39
9216,72.59,56.45,2,0,1,0,7,0.366,Clothing,3,0,1.24,143,10380.25
9217,112.0,136.98,1,0,3,0,9,-1.0,Food,73,0,3.74,62,6944.31
9218,183.05,167.44,4,0,1,0,2,1.7321,Toys,79,0,4.54,151,27640.71
9219,170.85,183.77,3,0,6,0,4,0.0,Books,72,0,1.36,50,8542.27
9220,34.22,27.22,0,0,14,0,2,1.7321,Food,28,0,3.91,214,7324.14
9221,27.68,22.8,1,0,16,0,8,0.0,Toys,90,1,4.28,248,6863.59
9222,121.96,157.96,4,0,13,0,2,1.7321,Electronics,80,1,1.65,243,29636.47
9223,111.1,127.97,5,1,10,1,8,0.0,Books,34,1,4.98,246,27331.19
9224,60.61,77.41,6,1,16,0,6,-0.0,Electronics,84,0,2.19,170,10304.0
9225,180.9,158.74,5,1,4,0,7,0.366,Food,65,0,2.24,30,5426.88
9226,186.2,148.72,3,0,22,0,11,-1.366,Food,88,0,3.27,0,0.0
9227,86.5,86.66,1,0,13,0,6,-0.0,Clothing,29,0,4.28,157,13579.9
9228,179.16,178.58,2,0,16,0,12,-0.0,Clothing,4,0,2.83,48,8599.56
9229,82.95,66.77,4,0,19,1,9,-1.0,Toys,68,1,3.18,195,16175.31
9230,150.0,170.98,5,1,20,1,4,0.0,Food,62,0,3.47,93,13949.55
9231,100.43,92.1,5,1,1,0,1,1.366,Electronics,38,0,4.17,180,18077.22
9232,33.29,27.03,4,0,6,0,9,-1.0,Clothing,67,0,3.59,106,3528.82
9233,186.31,167.53,5,1,3,0,10,-1.7321,Electronics,2,0,1.68,32,5961.84
9234,96.28,99.96,2,0,7,0,8,0.0,Toys,93,1,3.4,193,18581.72
9235,149.55,169.87,5,1,0,0,1,1.366,Electronics,92,1,1.85,220,32901.56
9236,79.76,78.9,4,0,9,1,10,-1.7321,Electronics,76,0,2.74,150,11964.45
9237,13.59,13.8,0,0,0,0,6,-0.0,Books,44,1,4.46,263,3573.48
9238,29.1,22.8,5,1,0,0,10,-1.7321,Toys,79,0,1.5,110,3201.08
9239,104.28,130.23,4,0,3,0,12,-0.0,Clothing,95,1,2.45,172,17936.45
9240,141.09,177.39,0,0,16,0,12,-0.0,Books,32,0,3.25,109,15379.16
9241,73.6,81.7,5,1,4,0,4,0.0,Food,86,1,4.48,177,13027.15
9242,142.14,101.0,5,1,13,0,11,-1.366,Food,3,0,4.12,15,2132.14
9243,142.74,145.92,4,0,5,0,2,1.7321,Clothing,17,0,2.7,165,23552.23
9244,143.75,154.89,3,0,6,0,3,1.0,Toys,93,0,3.0,126,18112.23
9245,103.58,134.32,3,0,7,0,12,-0.0,Food,12,0,4.38,126,13050.97
9246,183.83,238.54,1,0,23,0,12,-0.0,Food,64,0,4.51,62,11397.36
9247,102.95,125.04,3,0,17,1,9,-1.0,Food,63,0,3.11,136,14000.84
9248,95.55,70.54,2,0,3,0,5,-0.366,Toys,78,0,1.8,99,9459.49
9249,47.88,60.9,1,0,22,0,7,0.366,Food,72,1,2.99,245,11731.18
9250,68.45,73.08,3,0,2,0,2,1.7321,Clothing,41,0,4.71,229,15676.07
9251,18.04,21.3,0,0,22,0,8,0.0,Clothing,2,0,3.44,211,3807.19
9252,130.37,123.11,6,1,3,0,3,1.0,Clothing,53,1,4.09,189,24640.25
9253,57.22,51.03,4,0,22,0,1,1.366,Books,34,0,1.07,143,8182.72
9254,67.79,66.29,3,0,15,0,8,0.0,Clothing,88,0,3.54,168,11388.64
9255,156.45,123.31,0,0,12,1,11,-1.366,Electronics,84,0,3.39,95,14863.2
9256,72.17,65.98,6,1,21,1,11,-1.366,Food,74,0,2.89,151,10897.98
9257,56.02,68.04,1,0,22,0,9,-1.0,Clothing,40,0,3.72,157,8794.7
9258,42.12,30.44,4,0,10,1,8,0.0,Toys,71,0,4.45,210,8845.4
9259,157.22,124.29,3,0,23,0,1,1.366,Toys,65,0,4.72,146,22954.57
9260,34.64,26.85,1,0,10,1,12,-0.0,Toys,55,0,2.03,193,6686.33
9261,96.21,90.62,3,0,4,0,7,0.366,Books,74,1,3.02,205,19723.71
9262,106.32,138.02,1,0,19,1,7,0.366,Toys,51,0,2.21,235,24984.43
9263,140.6,113.05,3,0,0,0,4,0.0,Books,5,0,2.67,55,7733.22
9264,130.32,102.6,6,1,13,0,12,-0.0,Food,56,1,3.0,98,12771.74
9265,164.04,204.89,0,0,23,0,8,0.0,Electronics,21,1,4.14,218,35760.05
9266,18.5,22.74,2,0,21,1,5,-0.366,Toys,58,0,4.66,245,4533.18
9267,66.32,47.71,6,1,19,1,12,-0.0,Toys,73,0,3.35,176,11672.98
9268,63.23,72.77,0,0,18,1,4,0.0,Books,93,0,4.97,209,13214.13
9269,37.74,41.26,4,0,4,0,5,-0.366,Books,31,0,3.27,164,6189.89
9270,64.94,75.38,3,0,19,1,11,-1.366,Electronics,46,0,4.23,180,11689.9
9271,68.86,68.63,2,0,22,0,2,1.7321,Clothing,27,0,1.56,180,12393.97
9272,109.16,141.34,6,1,5,0,4,0.0,Books,70,0,1.03,86,9387.59
9273,136.1,98.85,2,0,18,1,10,-1.7321,Electronics,31,0,1.11,111,15107.53
9274,82.41,69.27,4,0,11,1,8,0.0,Food,41,0,4.57,177,14586.41
9275,146.7,137.59,4,0,13,0,7,0.366,Toys,45,0,1.3,121,17750.62
9276,73.87,71.65,2,0,16,0,12,-0.0,Toys,36,0,3.45,146,10785.23
9277,65.15,81.63,4,0,6,0,8,0.0,Electronics,2,0,3.31,186,12118.63
9278,112.83,116.89,4,0,20,1,7,0.366,Electronics,62,0,4.12,217,24483.18
9279,14.51,10.55,3,0,0,0,7,0.366,Toys,21,0,2.25,176,2553.08
9280,25.16,23.77,0,0,16,0,11,-1.366,Books,34,1,2.41,199,5006.83
9281,89.41,84.93,5,1,5,0,7,0.366,Clothing,86,0,2.41,126,11266.19
9282,189.15,241.98,1,0,3,0,2,1.7321,Food,13,0,1.67,91,17212.96
9283,147.09,155.84,2,0,13,0,3,1.0,Clothing,19,0,1.83,117,17209.21
9284,26.74,28.92,1,0,7,0,1,1.366,Clothing,33,1,1.79,262,7006.94
9285,170.8,192.65,2,0,17,1,2,1.7321,Clothing,49,0,1.58,179,30573.28
9286,149.14,173.3,2,0,19,1,10,-1.7321,Toys,3,0,4.08,98,14615.44
9287,126.08,136.3,0,0,12,1,6,-0.0,Clothing,38,0,3.44,139,17525.1
9288,165.86,139.7,6,1,7,0,2,1.7321,Books,83,0,3.28,111,18409.98
9289,86.78,106.26,6,1,23,0,1,1.366,Books,71,0,3.71,191,16575.15
9290,52.09,59.34,2,0,15,0,8,0.0,Books,15,0,2.38,147,7656.52
9291,107.28,122.85,2,0,4,0,9,-1.0,Electronics,38,0,3.92,133,14268.83
9292,114.28,148.33,0,0,2,0,7,0.366,Food,25,0,2.09,64,7313.92
9293,112.28,132.66,4,0,12,1,3,1.0,Books,61,0,4.27,214,24028.35
9294,117.36,140.54,6,1,14,0,1,1.366,Clothing,86,0,3.46,188,22064.44
9295,190.25,241.78,5,1,3,0,4,0.0,Electronics,87,0,4.29,149,28347.84
9296,181.43,143.45,1,0,2,0,10,-1.7321,Toys,50,0,1.22,0,0.0
9297,176.39,176.15,2,0,1,0,11,-1.366,Books,10,0,4.37,35,6173.52
9298,162.27,170.11,0,0,3,0,3,1.0,Clothing,100,0,1.41,105,17038.27
9299,189.25,169.87,2,0,5,0,11,-1.366,Clothing,50,1,3.67,55,10408.82
9300,28.71,34.56,6,1,3,0,3,1.0,Toys,42,0,1.91,224,6431.93
9301,60.37,69.88,0,0,16,0,2,1.7321,Electronics,71,0,1.19,236,14248.13
9302,104.06,117.85,1,0,6,0,11,-1.366,Clothing,52,0,2.04,91,9469.52
9303,170.84,221.8,3,0,17,1,10,-1.7321,Food,46,0,2.61,22,3758.51
9304,105.98,90.68,6,1,21,1,3,1.0,Books,89,1,1.58,214,22680.04
9305,152.13,173.62,4,0,9,1,11,-1.366,Electronics,40,0,1.4,123,18711.57
9306,36.4,37.53,3,0,16,0,5,-0.366,Books,58,0,4.98,210,7644.5
9307,57.96,51.46,0,0,22,0,4,0.0,Books,24,0,1.32,137,7940.33
9308,149.04,118.69,2,0,3,0,1,1.366,Toys,69,0,1.76,93,13860.48
9309,41.3,51.11,4,0,18,1,1,1.366,Food,85,1,2.01,278,11481.25
9310,76.76,81.15,6,1,6,0,1,1.366,Food,40,0,2.27,159,12204.46
9311,60.32,72.09,1,0,12,1,12,-0.0,Toys,20,1,1.53,251,15141.47
9312,76.47,78.55,6,1,2,0,10,-1.7321,Books,29,0,4.36,101,7723.85
9313,144.58,120.29,5,1,7,0,9,-1.0,Food,37,1,4.7,80,11566.53
9314,79.89,72.1,4,0,10,1,9,-1.0,Books,20,0,3.2,121,9666.81
9315,115.5,107.29,2,0,15,0,9,-1.0,Electronics,18,1,3.27,153,17671.5
9316,28.99,37.21,3,0,19,1,10,-1.7321,Toys,4,0,4.98,193,5594.5
9317,162.95,114.62,0,0,18,1,4,0.0,Toys,11,0,4.54,125,20369.17
9318,80.28,103.67,3,0,22,0,4,0.0,Food,64,0,2.63,155,12443.22
9319,133.22,171.63,6,1,22,0,10,-1.7321,Electronics,86,0,4.04,123,16386.24
9320,147.82,191.83,4,0,8,0,7,0.366,Books,52,1,2.06,142,20991.01
9321,49.84,49.14,5,1,9,1,3,1.0,Food,43,0,1.21,213,10614.98
9322,178.09,227.65,2,0,22,0,10,-1.7321,Books,14,0,1.09,0,0.0
9323,127.08,119.12,0,0,5,0,3,1.0,Electronics,45,0,3.16,149,18935.31
9324,91.46,65.46,2,0,2,0,4,0.0,Clothing,28,0,3.0,111,10151.81
9325,44.64,37.26,2,0,19,1,11,-1.366,Food,4,0,1.6,142,6339.4
9326,189.04,239.54,5,1,7,0,6,-0.0,Food,16,0,4.41,70,13232.6
9327,153.46,108.69,4,0,5,0,1,1.366,Toys,38,0,3.33,131,20103.65
9328,49.52,50.89,3,0,7,0,11,-1.366,Clothing,63,0,2.53,128,6339.16
9329,74.17,55.28,2,0,13,0,3,1.0,Food,23,0,3.02,166,12311.4
9330,163.84,142.84,6,1,7,0,12,-0.0,Books,77,0,1.39,55,9011.1
9331,142.18,107.04,6,1,10,1,5,-0.366,Electronics,20,1,4.6,202,28720.11
9332,155.5,189.04,2,0,9,1,11,-1.366,Clothing,69,0,2.16,85,13217.42
9333,93.83,98.96,2,0,22,0,4,0.0,Toys,83,0,1.7,139,13042.12
9334,146.13,181.39,0,0,9,1,8,0.0,Toys,21,0,2.7,178,26011.23
9335,83.43,92.86,2,0,10,1,9,-1.0,Books,42,0,2.12,148,12348.2
9336,50.14,64.31,6,1,0,0,8,0.0,Electronics,69,0,2.23,190,9526.59
9337,130.21,130.98,2,0,14,0,11,-1.366,Toys,14,1,4.3,146,19010.46
9338,195.44,211.71,4,0,4,0,11,-1.366,Toys,100,0,3.19,64,12508.33
9339,69.01,72.17,6,1,13,0,9,-1.0,Electronics,70,0,4.73,147,10145.09
9340,97.58,96.66,2,0,22,0,8,0.0,Clothing,5,0,4.8,166,16198.98
9341,138.06,166.72,5,1,19,1,10,-1.7321,Food,24,1,4.97,138,19052.32
9342,112.89,122.68,5,1,7,0,1,1.366,Food,93,0,1.53,105,11853.05
9343,170.25,201.03,6,1,16,0,7,0.366,Electronics,29,0,4.59,156,26559.2
9344,154.73,181.32,2,0,3,0,9,-1.0,Electronics,2,0,2.18,119,18413.0
9345,21.08,17.17,5,1,3,0,1,1.366,Electronics,6,0,3.52,257,5416.65
9346,199.7,217.69,4,0,17,1,10,-1.7321,Books,34,0,4.51,54,10783.8
9347,152.96,125.39,0,0,18,1,1,1.366,Books,76,1,1.37,172,26308.51
9348,174.14,182.85,5,1,2,0,10,-1.7321,Electronics,22,0,1.61,65,11319.21
9349,133.73,147.96,6,1,8,0,2,1.7321,Books,4,0,3.93,141,18855.59
9350,172.69,224.22,5,1,6,0,5,-0.366,Food,6,0,2.39,48,8289.32
9351,31.35,22.52,3,0,1,0,12,-0.0,Electronics,67,1,3.62,209,6552.73
9352,76.07,57.41,4,0,8,0,8,0.0,Food,77,0,1.46,81,6161.69
9353,176.52,131.72,5,1,23,0,8,0.0,Food,63,0,4.89,10,1765.2
9354,48.31,45.37,0,0,5,0,10,-1.7321,Books,87,0,3.01,114,5507.85
9355,24.87,29.66,3,0,5,0,4,0.0,Toys,99,0,4.48,195,4848.87
9356,159.74,192.72,6,1,15,0,7,0.366,Toys,90,0,3.7,117,18689.88
9357,168.74,192.74,6,1,1,0,7,0.366,Clothing,73,1,4.81,181,30542.37
9358,40.9,50.64,2,0,15,0,9,-1.0,Clothing,87,0,3.28,135,5522.03
9359,172.33,154.01,4,0,2,0,9,-1.0,Toys,68,1,2.23,97,16715.6
9360,140.49,105.77,5,1,21,1,3,1.0,Electronics,34,0,3.45,191,26832.8
9361,108.82,79.97,2,0,15,0,11,-1.366,Toys,72,0,4.99,89,9684.6
9362,167.75,203.19,4,0,11,1,8,0.0,Books,34,0,4.26,135,22645.92
9363,89.66,102.05,6,1,2,0,5,-0.366,Toys,57,0,2.82,148,13269.29
9364,46.86,52.44,3,0,10,1,5,-0.366,Electronics,37,0,4.27,201,9418.63
9365,64.12,57.95,5,1,10,1,8,0.0,Electronics,6,0,3.81,246,15774.01
9366,105.98,98.34,6,1,22,0,6,-0.0,Clothing,71,0,4.75,132,13989.51
9367,110.95,141.45,0,0,15,0,10,-1.7321,Clothing,45,0,2.46,83,9209.09
9368,163.06,120.38,4,0,4,0,10,-1.7321,Electronics,41,0,1.16,11,1793.66
9369,160.36,186.69,6,1,19,1,1,1.366,Food,100,1,1.35,207,33193.9
9370,120.46,106.7,6,1,7,0,4,0.0,Clothing,5,0,4.07,103,12407.34
9371,158.35,114.56,0,0,10,1,9,-1.0,Books,60,0,3.77,70,11084.45
9372,46.44,53.2,2,0,10,1,5,-0.366,Food,67,0,3.93,212,9844.63
9373,19.51,17.53,6,1,17,1,4,0.0,Books,17,0,3.67,244,4760.99
9374,175.99,199.45,2,0,18,1,11,-1.366,Books,83,1,2.83,131,23054.75
9375,24.36,27.39,3,0,9,1,10,-1.7321,Electronics,65,0,1.27,157,3823.79
9376,56.87,58.06,3,0,3,0,1,1.366,Food,55,0,4.34,232,13194.03
9377,142.11,165.76,1,0,9,1,9,-1.0,Clothing,9,0,1.72,100,14211.06
9378,87.8,92.06,1,0,13,0,8,0.0,Electronics,4,0,4.96,185,16242.1
9379,176.5,153.9,3,0,5,0,3,1.0,Toys,42,0,1.82,89,15708.47
9380,66.62,75.97,5,1,4,0,9,-1.0,Clothing,46,0,1.33,101,6728.23
9381,12.26,12.91,2,0,14,0,1,1.366,Toys,74,0,2.5,245,3002.61
9382,67.12,47.5,0,0,4,0,4,0.0,Electronics,96,1,2.3,218,14633.16
9383,119.83,148.71,6,1,22,0,5,-0.366,Books,1,0,4.91,150,17975.14
9384,81.43,83.66,6,1,23,0,4,0.0,Books,87,0,2.58,146,11888.53
9385,111.63,136.31,3,0,5,0,4,0.0,Food,17,0,1.19,74,8260.31
9386,176.55,217.1,5,1,18,1,9,-1.0,Clothing,94,0,4.95,110,19420.9
9387,183.37,177.32,0,0,19,1,5,-0.366,Toys,91,1,4.15,135,24755.24
9388,60.54,60.81,1,0,16,0,1,1.366,Toys,79,0,4.99,184,11138.45
9389,97.81,92.86,0,0,13,0,7,0.366,Food,7,0,2.27,133,13008.29
9390,114.34,110.87,3,0,10,1,6,-0.0,Clothing,97,0,1.47,140,16007.23
9391,190.33,235.46,2,0,13,0,9,-1.0,Books,5,0,2.59,52,9897.23
9392,199.74,234.27,3,0,4,0,4,0.0,Electronics,52,0,1.56,111,22170.84
9393,54.73,42.46,6,1,12,1,10,-1.7321,Food,98,1,1.59,179,9796.2
9394,148.13,157.93,6,1,11,1,6,-0.0,Electronics,53,0,4.61,201,29773.36
9395,81.83,106.17,4,0,23,0,10,-1.7321,Electronics,3,0,4.98,122,9982.76
9396,11.54,12.2,5,1,18,1,7,0.366,Food,62,0,4.98,277,3196.73
9397,11.76,13.77,5,1,9,1,4,0.0,Toys,32,0,2.75,240,2821.92
9398,97.51,113.25,5,1,12,1,12,-0.0,Clothing,2,0,1.96,144,14041.09
9399,102.78,93.55,4,0,14,0,9,-1.0,Toys,80,0,1.69,94,9661.66
9400,14.29,13.19,4,0,19,1,1,1.366,Books,81,1,2.53,288,4115.01
9401,140.52,159.41,2,0,12,1,1,1.366,Clothing,53,0,3.4,215,30210.98
9402,65.86,65.86,5,1,3,0,3,1.0,Food,12,1,3.97,239,15740.69
9403,116.38,121.31,3,0,21,1,9,-1.0,Food,5,0,3.07,107,12452.63
9404,67.17,75.76,4,0,8,0,5,-0.366,Food,4,0,4.37,151,10143.37
9405,41.76,48.71,3,0,18,1,1,1.366,Electronics,56,0,4.68,260,10856.44
9406,87.36,75.39,1,0,19,1,12,-0.0,Food,80,0,4.54,175,15288.53
9407,54.13,42.66,5,1,21,1,5,-0.366,Books,82,0,2.48,170,9202.43
9408,111.61,97.67,4,0,21,1,6,-0.0,Books,64,0,4.8,149,16630.22
9409,47.78,47.99,4,0,6,0,4,0.0,Food,45,0,4.69,161,7692.16
9410,106.6,96.5,2,0,14,0,7,0.366,Clothing,60,0,2.65,105,11192.7
9411,39.9,41.54,3,0,16,0,11,-1.366,Books,20,0,2.69,156,6224.7
9412,137.49,100.65,2,0,13,0,3,1.0,Clothing,53,0,1.31,109,14985.89
9413,153.25,154.14,2,0,13,0,5,-0.366,Clothing,73,0,4.75,113,17317.04
9414,30.97,28.52,3,0,8,0,6,-0.0,Clothing,16,0,1.35,143,4429.41
9415,98.88,100.94,1,0,15,0,7,0.366,Food,99,0,2.96,86,8503.89
9416,23.47,22.37,3,0,1,0,10,-1.7321,Electronics,93,0,3.89,141,3308.65
9417,123.65,107.65,1,0,13,0,2,1.7321,Food,30,1,4.52,187,23123.42
9418,60.24,74.84,2,0,3,0,5,-0.366,Books,20,1,3.28,205,12348.55
9419,110.25,89.4,1,0,2,0,7,0.366,Books,86,1,3.73,201,22159.98
9420,108.32,120.1,5,1,2,0,7,0.366,Books,87,0,3.84,125,13539.7
9421,185.63,232.92,1,0,10,1,12,-0.0,Books,52,0,1.06,71,13179.54
9422,114.33,116.98,1,0,4,0,3,1.0,Electronics,36,0,4.77,177,20235.67
9423,120.77,148.04,4,0,15,0,8,0.0,Clothing,22,0,2.44,125,15096.21
9424,86.31,66.89,4,0,22,0,1,1.366,Food,1,0,1.71,180,15536.54
9425,190.33,189.62,6,1,22,0,4,0.0,Books,21,0,2.89,57,10848.53
9426,157.67,153.6,2,0,22,0,3,1.0,Clothing,48,0,3.93,103,16239.53
9427,64.23,45.27,3,0,18,1,4,0.0,Food,83,0,4.31,207,13294.99
9428,170.4,164.6,1,0,8,0,11,-1.366,Electronics,72,0,3.88,73,12439.19
9429,92.16,84.91,5,1,21,1,9,-1.0,Toys,5,0,2.6,118,10874.33
9430,167.45,184.51,4,0,10,1,11,-1.366,Electronics,40,0,3.73,136,22772.76
9431,166.35,210.1,3,0,11,1,12,-0.0,Toys,93,0,2.73,149,24785.96
9432,45.89,34.48,5,1,7,0,8,0.0,Books,82,0,4.95,205,9406.49
9433,143.22,128.39,1,0,13,0,11,-1.366,Clothing,93,1,4.99,99,14178.46
9434,65.22,63.03,3,0,16,0,4,0.0,Clothing,79,0,2.0,166,10826.88
9435,66.52,64.73,6,1,19,1,8,0.0,Food,45,1,2.93,213,14169.53
9436,66.31,77.24,5,1,14,0,1,1.366,Toys,31,0,3.31,197,13062.31
9437,147.86,142.84,0,0,14,0,12,-0.0,Toys,15,0,3.54,100,14785.8
9438,53.67,38.44,5,1,22,0,8,0.0,Food,58,1,2.74,209,11216.39
9439,10.17,11.45,5,1,11,1,10,-1.7321,Clothing,53,0,3.1,160,1627.54
9440,145.9,179.58,1,0,8,0,2,1.7321,Clothing,45,0,3.22,154,22467.83
9441,42.53,42.88,3,0,11,1,6,-0.0,Food,67,1,2.55,246,10461.17
9442,29.85,31.3,1,0,18,1,6,-0.0,Toys,42,0,2.28,219,6537.51
9443,55.13,43.98,1,0,11,1,3,1.0,Books,97,0,3.54,236,13010.22
9444,82.18,68.41,0,0,10,1,5,-0.366,Food,24,0,2.77,135,11094.45
9445,100.42,84.47,6,1,5,0,2,1.7321,Clothing,38,1,4.89,255,25607.66
9446,18.47,17.7,5,1,7,0,11,-1.366,Books,51,1,2.5,152,2807.18
9447,194.41,244.35,3,0,10,1,8,0.0,Books,24,0,1.78,103,20024.12
9448,146.05,147.96,6,1,2,0,8,0.0,Toys,77,0,2.71,112,16357.82
9449,71.41,58.22,2,0,15,0,5,-0.366,Food,91,0,3.63,107,7640.54
9450,70.55,60.65,4,0,5,0,7,0.366,Books,33,0,2.77,157,11076.74
9451,95.22,88.6,6,1,8,0,8,0.0,Electronics,19,1,2.14,180,17140.16
9452,128.99,138.53,1,0,8,0,11,-1.366,Books,25,1,2.98,109,14059.53
9453,37.81,36.45,1,0,5,0,4,0.0,Books,70,0,2.79,146,5520.39
9454,45.9,42.93,1,0,4,0,2,1.7321,Books,97,0,4.78,238,10923.41
9455,173.29,180.02,1,0,0,0,5,-0.366,Food,89,0,1.08,20,3465.85
9456,58.69,49.6,4,0,2,0,7,0.366,Toys,87,0,2.58,156,9155.4
9457,82.24,61.46,2,0,2,0,12,-0.0,Toys,49,1,2.36,180,14802.67
9458,175.54,125.45,0,0,11,1,4,0.0,Electronics,17,0,1.89,121,21240.54
9459,136.0,115.7,2,0,3,0,4,0.0,Electronics,21,1,3.18,171,23255.67
9460,74.93,56.57,4,0,20,1,4,0.0,Books,43,0,3.46,180,13486.55
9461,139.9,126.17,3,0,15,0,9,-1.0,Books,84,1,1.04,120,16788.35
9462,13.74,15.99,0,0,10,1,9,-1.0,Books,76,0,3.7,229,3146.42
9463,149.77,169.21,0,0,7,0,11,-1.366,Electronics,77,0,2.53,88,13179.95
9464,102.53,109.36,3,0,8,0,10,-1.7321,Toys,82,1,4.69,159,16302.75
9465,164.5,199.3,5,1,13,0,8,0.0,Electronics,22,0,3.97,146,24017.67
9466,191.38,166.36,1,0,22,0,11,-1.366,Toys,63,1,3.06,66,12631.16
9467,185.9,228.85,4,0,21,1,8,0.0,Electronics,24,0,4.81,210,39038.96
9468,182.76,171.71,3,0,14,0,7,0.366,Toys,33,0,3.75,96,17544.99
9469,107.31,100.93,2,0,18,1,1,1.366,Electronics,67,0,4.23,239,25647.64
9470,78.43,73.97,2,0,8,0,8,0.0,Toys,81,0,4.83,210,16469.67
9471,98.36,74.64,5,1,16,0,11,-1.366,Food,96,0,4.56,78,7671.82
9472,141.08,181.33,3,0,8,0,11,-1.366,Food,17,0,1.28,20,2821.6
9473,177.96,139.36,4,0,2,0,4,0.0,Clothing,48,1,1.84,97,17262.08
9474,49.33,44.62,5,1,15,0,1,1.366,Toys,44,0,3.52,211,10408.08
9475,184.46,164.46,5,1,12,1,1,1.366,Toys,25,1,1.64,199,36706.88
9476,164.88,122.81,5,1,16,0,3,1.0,Toys,72,1,2.86,132,21764.72
9477,195.98,155.09,0,0,23,0,3,1.0,Clothing,99,0,2.92,59,11562.98
9478,177.25,128.84,0,0,21,1,10,-1.7321,Electronics,60,0,2.85,85,15066.07
9479,63.19,55.32,1,0,3,0,1,1.366,Food,29,0,4.29,194,12258.49
9480,30.13,36.76,4,0,20,1,8,0.0,Clothing,12,0,2.96,226,6809.75
9481,31.33,28.31,2,0,21,1,4,0.0,Food,100,0,4.47,234,7330.24
9482,65.33,50.58,2,0,8,0,12,-0.0,Books,9,0,4.09,158,10322.52
9483,126.69,137.77,1,0,21,1,4,0.0,Clothing,90,0,3.57,137,17357.2
9484,162.82,211.34,2,0,8,0,6,-0.0,Clothing,86,0,3.31,85,13839.77
9485,180.86,151.81,5,1,17,1,9,-1.0,Food,53,0,1.93,32,5787.44
9486,128.51,111.52,1,0,13,0,9,-1.0,Toys,61,0,4.07,114,14650.5
9487,11.07,14.2,1,0,19,1,12,-0.0,Books,31,0,4.22,280,3099.59
9488,45.4,36.65,3,0,2,0,8,0.0,Food,48,1,2.96,196,8898.44
9489,28.95,29.14,0,0,3,0,1,1.366,Clothing,94,0,1.88,193,5586.96
9490,79.03,66.69,4,0,0,0,12,-0.0,Toys,79,0,4.04,144,11380.56
9491,105.26,132.56,4,0,17,1,10,-1.7321,Books,47,1,4.2,164,17262.1
9492,18.25,23.52,0,0,3,0,10,-1.7321,Toys,33,0,3.27,129,2353.66
9493,76.21,90.6,5,1,9,1,2,1.7321,Food,67,0,3.79,257,19586.18
9494,44.04,39.15,4,0,3,0,3,1.0,Toys,98,0,4.09,204,8985.0
9495,132.94,125.24,2,0,20,1,11,-1.366,Clothing,64,0,2.17,74,9837.81
9496,98.21,83.03,2,0,16,0,5,-0.366,Clothing,17,0,2.13,82,8053.36
9497,104.11,128.52,4,0,7,0,5,-0.366,Electronics,44,0,3.83,168,17490.54
9498,91.26,113.96,6,1,18,1,10,-1.7321,Books,5,0,3.05,134,12229.03
9499,191.64,182.31,6,1,8,0,8,0.0,Food,94,0,3.05,25,4791.09
9500,50.8,55.57,3,0,15,0,2,1.7321,Toys,62,0,4.83,227,11531.53
9501,108.17,86.46,4,0,23,0,2,1.7321,Clothing,63,0,4.2,181,19578.08
9502,149.84,143.99,1,0,23,0,8,0.0,Electronics,79,0,2.02,150,22476.49
9503,115.8,124.94,5,1,14,0,1,1.366,Food,39,1,2.63,180,20844.08
9504,186.51,173.69,1,0,19,1,9,-1.0,Clothing,72,0,4.32,80,14921.12
9505,81.81,74.82,0,0,15,0,2,1.7321,Food,42,1,1.29,197,16117.36
9506,98.1,68.73,5,1,20,1,12,-0.0,Clothing,92,1,2.28,192,18834.89
9507,26.82,31.72,5,1,11,1,5,-0.366,Food,21,0,2.36,213,5712.5
9508,125.71,155.08,2,0,22,0,3,1.0,Clothing,47,0,2.56,130,16342.28
9509,64.76,83.0,5,1,17,1,5,-0.366,Toys,74,0,2.04,151,9778.8
9510,40.46,45.78,3,0,6,0,12,-0.0,Books,28,0,3.57,198,8010.83
9511,113.46,116.78,4,0,15,0,8,0.0,Clothing,21,1,2.58,172,19515.28
9512,111.14,95.75,1,0,18,1,8,0.0,Food,28,0,3.17,120,13336.67
9513,24.42,31.73,2,0,5,0,6,-0.0,Clothing,86,0,2.09,210,5127.28
9514,142.66,150.34,6,1,5,0,9,-1.0,Electronics,19,1,4.45,166,23681.72
9515,128.52,142.49,2,0,5,0,7,0.366,Toys,63,1,1.82,141,18120.86
9516,45.91,50.94,3,0,14,0,2,1.7321,Electronics,52,0,4.51,251,11524.23
9517,99.19,119.74,3,0,1,0,1,1.366,Food,38,0,1.72,150,14878.89
9518,146.86,103.66,3,0,8,0,8,0.0,Clothing,46,1,2.48,124,18210.81
9519,110.59,92.03,3,0,7,0,1,1.366,Clothing,24,0,4.12,155,17141.88
9520,85.14,93.6,6,1,6,0,8,0.0,Electronics,92,0,2.97,144,12260.58
9521,71.24,88.14,1,0,15,0,12,-0.0,Books,45,0,1.95,140,9974.2
9522,125.97,139.98,3,0,14,0,9,-1.0,Toys,77,0,3.65,129,16250.75
9523,188.43,178.65,2,0,8,0,1,1.366,Clothing,9,0,1.51,87,16393.47
9524,137.63,126.2,2,0,19,1,7,0.366,Clothing,9,0,1.86,131,18029.73
9525,24.2,27.66,6,1,14,0,5,-0.366,Food,21,0,2.03,148,3581.85
9526,97.53,111.65,5,1,1,0,8,0.0,Electronics,24,1,3.34,209,20383.8
9527,179.26,190.77,4,0,19,1,4,0.0,Food,95,0,3.21,86,15416.07
9528,27.95,24.45,2,0,13,0,2,1.7321,Toys,64,0,3.08,234,6539.8
9529,197.89,248.37,2,0,10,1,7,0.366,Clothing,93,0,1.39,120,23746.37
9530,190.32,196.25,6,1,2,0,7,0.366,Electronics,40,0,4.12,149,28358.15
9531,24.87,29.21,1,0,1,0,8,0.0,Electronics,74,1,1.53,221,5496.75
9532,187.35,155.23,5,1,17,1,9,-1.0,Electronics,52,0,4.76,118,22107.13
9533,79.0,71.6,2,0,13,0,6,-0.0,Toys,4,0,1.26,119,9400.43
9534,170.49,208.81,0,0,23,0,3,1.0,Books,3,0,4.52,158,26938.17
9535,89.49,65.34,2,0,4,0,5,-0.366,Books,13,0,2.19,121,10828.63
9536,93.76,94.46,4,0,11,1,3,1.0,Books,21,0,3.8,206,19315.07
9537,130.51,129.07,4,0,13,0,10,-1.7321,Food,8,1,2.33,57,7438.85
9538,157.15,180.84,5,1,5,0,9,-1.0,Food,73,0,3.88,42,6600.33
9539,16.42,14.27,5,1,7,0,5,-0.366,Toys,1,1,2.92,246,4039.3
9540,122.7,102.02,3,0,6,0,7,0.366,Electronics,14,0,3.11,150,18404.95
9541,45.48,57.11,1,0,6,0,10,-1.7321,Books,76,0,3.87,124,5639.43
9542,75.73,78.99,4,0,11,1,7,0.366,Clothing,36,0,1.53,198,14994.62
9543,76.11,58.06,0,0,6,0,7,0.366,Books,22,0,2.07,126,9590.37
9544,99.12,80.87,0,0,11,1,12,-0.0,Toys,36,1,4.36,241,23888.27
9545,73.49,95.48,3,0,15,0,10,-1.7321,Books,45,1,4.16,176,12933.52
9546,30.4,24.85,1,0,6,0,4,0.0,Clothing,16,1,4.96,257,7812.44
9547,37.67,40.17,1,0,7,0,4,0.0,Clothing,11,0,1.09,173,6516.82
9548,16.35,15.57,5,1,0,0,3,1.0,Clothing,67,0,1.57,203,3319.7
9549,99.35,122.33,2,0,12,1,4,0.0,Toys,98,0,2.35,164,16292.96
9550,191.35,220.64,0,0,18,1,9,-1.0,Books,25,1,3.77,147,28127.72
9551,31.98,33.84,0,0,0,0,5,-0.366,Toys,90,0,2.26,159,5084.55
9552,189.79,134.08,6,1,23,0,6,-0.0,Clothing,67,0,2.38,37,7022.24
9553,149.34,183.37,0,0,17,1,4,0.0,Books,84,0,1.91,140,20907.42
9554,131.12,126.77,0,0,6,0,1,1.366,Food,31,0,4.64,146,19144.22
9555,132.6,166.94,6,1,21,1,7,0.366,Toys,65,0,3.19,182,24133.7
9556,167.08,166.63,4,0,16,0,7,0.366,Food,90,0,1.64,21,3508.64
9557,30.31,33.85,1,0,14,0,6,-0.0,Food,89,0,3.33,156,4729.1
9558,105.9,78.54,2,0,21,1,4,0.0,Electronics,11,0,1.64,168,17791.76
9559,142.45,163.4,4,0,18,1,10,-1.7321,Clothing,80,0,2.09,88,12535.36
9560,121.5,109.69,1,0,22,0,8,0.0,Food,84,0,3.78,71,8626.21
9561,168.23,153.22,3,0,3,0,12,-0.0,Toys,38,0,4.03,101,16991.03
9562,23.73,18.3,0,0,16,0,8,0.0,Clothing,2,0,2.73,180,4271.69
9563,141.23,111.31,2,0,6,0,1,1.366,Clothing,54,1,1.67,177,24998.28
9564,111.47,90.45,1,0,15,0,9,-1.0,Toys,93,0,1.85,90,10031.87
9565,82.04,73.58,3,0,16,0,8,0.0,Books,7,0,3.16,136,11157.52
9566,74.65,92.21,0,0,19,1,2,1.7321,Toys,49,0,3.36,246,18364.45
9567,127.96,117.84,3,0,14,0,9,-1.0,Books,40,0,4.47,81,10364.61
9568,179.29,203.42,6,1,8,0,4,0.0,Clothing,45,0,2.07,109,19542.51
9569,104.27,78.17,3,0,20,1,10,-1.7321,Toys,54,1,3.45,146,15223.92
9570,166.7,175.81,4,0,22,0,12,-0.0,Food,89,0,1.01,37,6167.8
9571,86.41,85.47,3,0,12,1,6,-0.0,Toys,61,1,2.88,237,20479.1
9572,29.45,37.9,4,0,6,0,2,1.7321,Food,4,0,2.59,226,6656.82
9573,21.69,26.19,5,1,18,1,10,-1.7321,Food,34,0,1.48,140,3036.05
9574,19.75,19.22,4,0,10,1,4,0.0,Clothing,89,0,4.56,265,5234.69
9575,82.23,95.8,6,1,7,0,2,1.7321,Books,8,1,1.43,247,20310.45
9576,74.08,60.43,6,1,16,0,12,-0.0,Books,32,0,2.06,137,10148.3
9577,146.41,151.88,3,0,3,0,9,-1.0,Food,18,0,3.94,45,6588.36
9578,151.14,112.56,1,0,3,0,9,-1.0,Books,40,0,1.72,0,0.0
9579,19.66,17.87,3,0,17,1,5,-0.366,Toys,75,1,1.31,252,4954.89
9580,52.01,43.46,3,0,21,1,3,1.0,Food,56,0,4.88,221,11494.97
9581,62.11,70.27,1,0,16,0,3,1.0,Food,37,1,2.17,233,14471.57
9582,114.05,113.37,0,0,2,0,1,1.366,Electronics,55,0,1.24,181,20642.38
9583,37.46,43.1,2,0,8,0,8,0.0,Toys,36,0,1.56,177,6630.05
9584,35.45,35.77,5,1,5,0,3,1.0,Books,10,0,1.89,222,7869.64
9585,189.32,142.35,0,0,1,0,12,-0.0,Books,70,0,4.83,20,3786.4
9586,162.8,185.79,3,0,11,1,4,0.0,Electronics,80,0,1.06,123,20024.22
9587,44.32,53.19,0,0,14,0,2,1.7321,Toys,89,0,4.17,253,11214.08
9588,87.25,108.37,2,0,8,0,8,0.0,Clothing,63,1,4.12,187,16315.35
9589,77.57,80.92,6,1,1,0,3,1.0,Clothing,34,0,3.0,176,13652.0
9590,160.29,184.68,0,0,11,1,12,-0.0,Toys,95,1,4.73,212,33981.64
9591,106.94,123.11,2,0,15,0,11,-1.366,Books,72,0,1.05,63,6737.25
9592,34.29,27.21,0,0,6,0,2,1.7321,Clothing,17,1,2.98,272,9327.27
9593,150.41,120.11,4,0,0,0,1,1.366,Clothing,61,0,2.01,112,16845.75
9594,85.41,63.42,3,0,20,1,10,-1.7321,Books,78,1,4.05,143,12213.45
9595,59.96,53.48,2,0,6,0,2,1.7321,Toys,94,0,1.69,217,13010.37
9596,81.34,80.05,5,1,2,0,2,1.7321,Electronics,18,0,4.5,227,18465.26
9597,104.57,135.81,3,0,19,1,4,0.0,Toys,61,0,2.62,187,19555.29
9598,75.19,72.08,4,0,4,0,11,-1.366,Electronics,36,0,1.54,91,6842.47
9599,55.96,63.56,6,1,2,0,1,1.366,Toys,85,0,1.14,194,10856.65
9600,85.72,95.66,0,0,14,0,1,1.366,Clothing,53,0,3.76,200,17143.08
9601,13.64,11.22,3,0,5,0,6,-0.0,Food,95,0,4.71,200,2728.57
9602,156.77,115.25,0,0,14,0,5,-0.366,Food,33,1,4.88,85,13325.84
9603,42.48,43.65,0,0,2,0,1,1.366,Books,23,0,4.5,208,8835.74
9604,18.34,20.55,3,0,23,0,6,-0.0,Toys,64,0,2.56,148,2714.6
9605,134.2,174.32,2,0,22,0,8,0.0,Toys,38,0,4.62,150,20130.41
9606,157.05,143.72,2,0,0,0,5,-0.366,Books,69,1,3.57,96,15076.59
9607,164.63,203.78,3,0,1,0,3,1.0,Books,79,0,1.25,96,15804.24
9608,103.77,96.42,2,0,3,0,3,1.0,Electronics,30,0,1.68,194,20130.75
9609,49.02,54.59,1,0,20,1,11,-1.366,Electronics,16,0,2.54,178,8725.55
9610,150.07,158.92,0,0,13,0,12,-0.0,Food,54,0,2.22,39,5852.86
9611,142.95,104.61,3,0,13,0,2,1.7321,Clothing,59,0,2.34,109,15581.06
9612,56.79,42.43,5,1,9,1,9,-1.0,Toys,93,0,3.94,189,10733.58
9613,181.65,129.42,4,0,10,1,9,-1.0,Food,92,0,1.24,0,0.0
9614,29.83,27.52,6,1,3,0,7,0.366,Food,6,0,3.42,158,4713.23
9615,196.71,225.72,3,0,14,0,1,1.366,Clothing,5,1,2.35,164,32260.57
9616,173.45,139.39,3,0,19,1,1,1.366,Food,89,1,4.53,195,33822.18
9617,140.7,149.64,0,0,3,0,4,0.0,Food,92,0,1.23,52,7316.44
9618,188.36,164.5,4,0,19,1,12,-0.0,Clothing,1,0,4.89,130,24487.12
9619,147.24,173.48,0,0,19,1,2,1.7321,Food,14,0,1.32,128,18846.61
9620,46.19,54.46,5,1,15,0,3,1.0,Toys,83,0,2.74,179,8267.44
9621,94.01,109.54,6,1,1,0,2,1.7321,Books,31,0,4.43,201,18895.94
9622,23.59,23.94,2,0,12,1,1,1.366,Clothing,51,0,2.29,278,6556.79
9623,84.03,73.17,3,0,7,0,3,1.0,Books,79,0,4.4,174,14622.07
9624,150.9,178.92,0,0,12,1,7,0.366,Toys,19,0,4.85,186,28068.25
9625,83.42,67.71,6,1,19,1,10,-1.7321,Food,32,0,1.49,91,7591.61
9626,72.76,63.58,5,1,20,1,9,-1.0,Food,57,0,2.91,153,11131.65
9627,123.12,99.77,5,1,7,0,10,-1.7321,Food,31,0,1.92,38,4678.47
9628,175.72,194.09,6,1,3,0,9,-1.0,Books,58,0,4.07,51,8961.66
9629,19.04,21.17,1,0,4,0,8,0.0,Electronics,26,0,1.43,197,3751.04
9630,83.24,90.86,3,0,20,1,6,-0.0,Books,48,0,4.1,173,14400.41
9631,40.07,38.04,5,1,5,0,1,1.366,Electronics,41,0,3.7,226,9054.86
9632,142.12,108.02,6,1,22,0,8,0.0,Books,25,0,3.53,68,9663.98
9633,30.09,37.51,2,0,18,1,8,0.0,Toys,47,0,2.74,244,7341.39
9634,136.31,136.95,0,0,9,1,12,-0.0,Books,54,0,3.01,153,20855.96
9635,64.37,60.78,0,0,2,0,9,-1.0,Books,57,0,1.4,103,6630.56
9636,47.79,50.34,1,0,12,1,10,-1.7321,Clothing,72,0,2.08,140,6691.19
9637,187.91,153.27,2,0,8,0,11,-1.366,Food,61,0,4.65,0,0.0
9638,13.52,10.54,5,1,16,0,12,-0.0,Food,4,1,2.77,232,3136.56
9639,93.18,87.9,6,1,9,1,6,-0.0,Food,31,0,2.61,167,15560.67
9640,14.11,11.8,1,0,11,1,3,1.0,Electronics,96,0,1.19,255,3597.83
9641,101.88,86.25,5,1,12,1,6,-0.0,Toys,98,1,4.54,223,22719.84
9642,105.2,129.97,5,1,23,0,8,0.0,Electronics,67,0,4.01,152,15990.25
9643,71.12,72.43,3,0,9,1,7,0.366,Clothing,41,0,1.37,168,11947.47
9644,35.11,34.76,4,0,18,1,8,0.0,Clothing,26,0,1.6,214,7513.7
9645,81.51,90.78,6,1,20,1,3,1.0,Books,68,1,1.49,271,22090.19
9646,137.73,175.04,5,1,18,1,8,0.0,Clothing,66,0,3.61,164,22587.71
9647,158.66,121.74,0,0,16,0,5,-0.366,Clothing,19,0,1.64,25,3966.38
9648,110.84,133.02,5,1,4,0,7,0.366,Toys,87,1,4.98,238,26380.54
9649,122.07,128.22,1,0,7,0,4,0.0,Clothing,25,0,3.29,103,12573.06
9650,48.12,37.9,6,1,4,0,3,1.0,Books,47,0,4.48,195,9382.84
9651,64.59,56.73,5,1,14,0,6,-0.0,Food,71,0,3.92,139,8978.39
9652,40.76,40.33,6,1,3,0,9,-1.0,Electronics,8,0,1.1,118,4809.7
9653,57.37,63.95,0,0,12,1,4,0.0,Electronics,3,0,2.68,228,13079.47
9654,52.73,44.59,0,0,16,0,12,-0.0,Electronics,87,1,2.45,214,11283.9
9655,108.7,110.97,1,0,4,0,9,-1.0,Books,33,0,4.81,82,8913.01
9656,116.91,129.86,0,0,0,0,3,1.0,Toys,28,0,2.35,156,18238.09
9657,189.54,183.71,2,0,21,1,6,-0.0,Books,22,0,3.75,86,16300.44
9658,47.16,57.43,2,0,14,0,12,-0.0,Electronics,99,0,3.36,171,8064.09
9659,131.92,161.16,4,0,9,1,5,-0.366,Books,98,0,3.95,156,20579.27
9660,165.28,162.37,6,1,10,1,9,-1.0,Books,30,0,1.25,59,9751.48
9661,116.45,149.49,2,0,17,1,6,-0.0,Books,47,0,4.72,176,20494.47
9662,58.45,43.57,1,0,12,1,2,1.7321,Food,36,0,4.97,227,13268.31
9663,59.88,42.04,5,1,19,1,4,0.0,Books,59,0,3.22,188,11258.29
9664,17.46,16.21,2,0,23,0,5,-0.366,Toys,14,0,1.66,165,2880.58
9665,68.03,72.16,4,0,15,0,11,-1.366,Food,73,0,4.48,78,5306.68
9666,151.47,163.22,6,1,18,1,11,-1.366,Books,86,0,3.59,119,18025.49
9667,19.03,18.76,3,0,22,0,9,-1.0,Clothing,92,0,3.5,180,3425.11
9668,51.67,40.04,3,0,11,1,1,1.366,Electronics,14,0,4.54,265,13691.52
9669,144.18,115.68,1,0,22,0,12,-0.0,Food,79,0,3.93,71,10237.08
9670,158.7,192.24,4,0,13,0,9,-1.0,Clothing,56,0,4.68,83,13172.42
9671,96.51,117.81,2,0,1,0,10,-1.7321,Electronics,24,0,4.83,126,12160.32
9672,142.63,157.52,4,0,9,1,1,1.366,Toys,98,0,2.38,200,28526.82
9673,83.71,91.96,0,0,3,0,1,1.366,Clothing,49,0,1.79,167,13979.72
9674,40.38,42.75,4,0,0,0,4,0.0,Toys,43,0,2.54,176,7107.5
9675,85.65,70.38,2,0,23,0,6,-0.0,Toys,3,0,4.87,143,12247.72
9676,120.19,115.02,1,0,16,0,2,1.7321,Clothing,23,0,1.77,130,15625.21
9677,190.13,212.48,0,0,10,1,1,1.366,Clothing,20,0,3.36,159,30230.69
9678,23.06,23.58,4,0,6,0,12,-0.0,Food,15,0,1.34,142,3274.9
9679,106.4,75.67,3,0,16,0,4,0.0,Toys,43,1,4.33,189,20110.52
9680,72.49,92.22,2,0,16,0,8,0.0,Clothing,80,1,3.67,223,16166.33
9681,106.58,128.63,1,0,8,0,6,-0.0,Toys,71,0,3.09,114,12150.03
9682,14.56,12.46,5,1,9,1,12,-0.0,Books,33,0,3.52,227,3304.06
9683,69.47,74.33,2,0,5,0,5,-0.366,Books,55,0,1.47,133,9240.15
9684,165.77,207.87,4,0,16,0,1,1.366,Books,83,0,4.45,129,21384.97
9685,115.25,87.31,6,1,15,0,3,1.0,Toys,82,0,2.36,137,15789.1
9686,95.61,95.78,1,0,6,0,7,0.366,Toys,41,0,1.68,124,11855.72
9687,64.25,62.56,3,0,18,1,10,-1.7321,Clothing,18,0,1.06,107,6874.72
9688,66.63,63.04,0,0,3,0,3,1.0,Clothing,3,0,1.24,170,11326.77
9689,82.79,99.46,4,0,19,1,5,-0.366,Food,3,0,3.69,146,12087.23
9690,168.76,156.67,1,0,23,0,6,-0.0,Food,100,0,3.87,38,6412.82
9691,193.77,143.04,0,0,16,0,9,-1.0,Food,16,0,1.6,0,0.0
9692,93.34,69.03,6,1,23,0,11,-1.366,Electronics,43,0,3.42,89,8307.66
9693,84.74,61.49,1,0,8,0,3,1.0,Books,23,0,2.93,137,11608.97
9694,170.84,161.53,5,1,10,1,6,-0.0,Toys,87,0,4.75,155,26480.92
9695,91.11,103.05,4,0,22,0,11,-1.366,Books,15,0,3.66,71,6468.95
9696,114.88,94.46,1,0,0,0,2,1.7321,Toys,73,1,3.08,235,26997.61
9697,53.88,58.61,3,0,6,0,9,-1.0,Electronics,58,0,2.14,114,6142.2
9698,151.27,168.25,6,1,21,1,12,-0.0,Toys,40,0,2.85,154,23294.88
9699,111.08,94.76,1,0,4,0,9,-1.0,Food,38,0,1.99,43,4776.34
9700,163.72,173.59,4,0,4,0,7,0.366,Books,82,0,3.71,87,14243.34
9701,158.34,175.9,1,0,0,0,11,-1.366,Books,6,1,3.38,105,16625.62
9702,50.85,49.83,0,0,5,0,9,-1.0,Books,46,0,2.19,110,5593.6
9703,145.97,131.67,0,0,12,1,4,0.0,Electronics,6,0,1.05,142,20727.85
9704,162.01,173.59,6,1,14,0,10,-1.7321,Books,85,0,4.93,46,7452.48
9705,75.76,97.48,5,1,3,0,1,1.366,Clothing,94,0,1.21,167,12651.98
9706,42.8,40.92,2,0,16,0,1,1.366,Food,92,0,3.19,197,8430.76
9707,10.5,9.82,6,1,23,0,2,1.7321,Food,20,0,4.41,239,2509.53
9708,95.67,93.62,5,1,23,0,10,-1.7321,Toys,19,0,3.48,88,8419.11
9709,76.96,57.39,6,1,12,1,11,-1.366,Electronics,14,0,3.35,140,10774.71
9710,115.43,119.11,2,0,10,1,3,1.0,Toys,65,0,3.86,216,24933.5
9711,45.73,41.03,3,0,3,0,2,1.7321,Toys,91,0,2.23,209,9557.11
9712,173.34,133.96,0,0,6,0,4,0.0,Food,96,0,2.56,0,0.0
9713,58.97,57.78,2,0,18,1,8,0.0,Clothing,29,0,1.34,157,9258.84
9714,53.02,37.22,1,0,23,0,3,1.0,Electronics,31,0,1.02,177,9384.83
9715,101.34,95.36,3,0,6,0,4,0.0,Electronics,25,1,2.06,191,19355.11
9716,104.78,79.99,4,0,13,0,2,1.7321,Electronics,71,0,4.26,189,19803.74
9717,50.87,36.35,2,0,20,1,1,1.366,Clothing,46,0,3.45,245,12462.22
9718,61.65,73.66,6,1,15,0,8,0.0,Electronics,52,0,1.56,180,11097.64
9719,42.24,52.79,5,1,20,1,7,0.366,Books,16,1,2.71,289,12208.51
9720,146.51,120.81,2,0,8,0,10,-1.7321,Clothing,11,1,1.08,88,12892.65
9721,156.32,160.0,5,1,21,1,2,1.7321,Toys,18,0,4.21,189,29543.9
9722,97.84,84.81,6,1,21,1,8,0.0,Books,56,0,2.84,151,14774.2
9723,145.68,145.12,6,1,1,0,10,-1.7321,Toys,56,0,2.11,36,5244.36
9724,149.83,144.13,5,1,15,0,3,1.0,Electronics,57,0,4.07,150,22474.16
9725,36.27,31.25,0,0,4,0,7,0.366,Clothing,69,0,4.88,204,7399.56
9726,193.57,216.85,3,0,11,1,1,1.366,Books,66,0,2.61,106,20518.83
9727,166.0,128.8,5,1,19,1,12,-0.0,Clothing,74,0,4.06,140,23239.45
9728,48.85,35.75,0,0,14,0,3,1.0,Clothing,90,1,2.29,215,10503.15
9729,45.37,52.66,0,0,2,0,9,-1.0,Clothing,88,0,4.03,129,5852.91
9730,33.88,37.25,5,1,8,0,4,0.0,Toys,90,0,4.86,195,6605.75
9731,36.29,36.26,3,0,6,0,1,1.366,Clothing,16,0,3.6,223,8093.1
9732,152.15,149.21,1,0,3,0,11,-1.366,Electronics,89,0,1.96,87,13237.11
9733,99.23,99.08,6,1,8,0,6,-0.0,Books,6,0,3.76,136,13495.87
9734,158.76,152.76,2,0,14,0,1,1.366,Food,52,0,4.38,111,17622.08
9735,151.79,142.03,0,0,22,0,10,-1.7321,Clothing,55,0,2.61,47,7134.06
9736,124.88,124.85,2,0,20,1,1,1.366,Books,76,0,3.49,173,21603.62
9737,140.41,142.81,3,0,6,0,2,1.7321,Toys,73,0,2.01,180,25273.74
9738,13.49,15.04,1,0,10,1,3,1.0,Toys,49,0,2.82,261,3520.26
9739,69.24,78.01,4,0,18,1,2,1.7321,Clothing,72,1,1.66,295,20425.14
9740,131.19,121.55,6,1,10,1,8,0.0,Clothing,56,1,4.34,205,26893.17
9741,11.78,11.16,6,1,0,0,6,-0.0,Electronics,95,0,1.39,167,1966.52
9742,16.27,15.03,1,0,20,1,1,1.366,Food,41,0,1.22,247,4017.61
9743,171.86,175.63,3,0,12,1,6,-0.0,Clothing,96,1,3.14,177,30418.99
9744,139.96,136.05,1,0,12,1,1,1.366,Clothing,71,0,3.33,181,25333.61
9745,60.42,74.54,6,1,1,0,9,-1.0,Electronics,96,0,4.67,173,10452.7
9746,140.71,157.29,4,0,16,0,3,1.0,Toys,56,0,1.81,155,21810.51
9747,160.57,198.97,0,0,18,1,12,-0.0,Food,89,0,4.11,111,17822.91
9748,68.29,76.86,1,0,22,0,1,1.366,Toys,97,1,3.58,252,17209.31
9749,16.85,21.61,5,1,14,0,1,1.366,Clothing,63,0,3.97,255,4296.01
9750,187.23,202.48,5,1,18,1,2,1.7321,Food,28,0,1.63,120,22467.36
9751,75.58,96.61,3,0,9,1,6,-0.0,Clothing,75,1,2.79,253,19122.79
9752,30.23,24.03,6,1,9,1,1,1.366,Electronics,31,0,2.42,263,7950.89
9753,103.45,75.67,6,1,8,0,7,0.366,Electronics,55,0,3.8,157,16242.09
9754,156.01,163.42,1,0,18,1,11,-1.366,Toys,52,1,3.37,149,23245.32
9755,52.11,67.23,4,0,10,1,12,-0.0,Books,74,0,4.87,236,12298.67
9756,61.2,58.18,3,0,5,0,4,0.0,Toys,66,0,1.55,154,9425.28
9757,56.12,46.42,1,0,1,0,7,0.366,Food,46,0,2.89,166,9315.23
9758,198.42,200.98,3,0,23,0,4,0.0,Electronics,4,0,3.78,143,28373.76
9759,47.51,51.75,5,1,9,1,11,-1.366,Toys,22,1,2.48,204,9691.37
9760,119.35,106.11,4,0,14,0,4,0.0,Electronics,45,0,4.69,171,20408.65
9761,185.8,209.74,0,0,4,0,4,0.0,Books,28,0,4.41,89,16536.23
9762,37.91,48.72,4,0,17,1,10,-1.7321,Toys,10,0,4.49,196,7430.43
9763,194.46,240.78,0,0,6,0,12,-0.0,Electronics,66,0,3.44,148,28780.42
9764,190.02,166.26,6,1,2,0,10,-1.7321,Clothing,49,0,2.89,0,0.0
9765,178.07,159.56,2,0,20,1,8,0.0,Books,95,1,2.47,151,26888.37
9766,50.77,46.85,5,1,15,0,2,1.7321,Clothing,87,0,1.48,184,9340.9
9767,130.47,122.22,6,1,16,0,8,0.0,Food,80,1,4.79,119,15525.98
9768,154.57,117.5,5,1,1,0,10,-1.7321,Books,73,0,2.05,2,309.14
9769,197.35,228.36,5,1,15,0,11,-1.366,Electronics,51,0,4.21,115,22694.71
9770,44.28,40.7,4,0,20,1,1,1.366,Clothing,43,0,1.05,241,10671.61
9771,155.54,190.99,0,0,19,1,7,0.366,Food,6,0,2.53,131,20376.38
9772,74.37,93.42,2,0,0,0,7,0.366,Clothing,25,0,3.28,182,13535.74
9773,43.37,30.99,2,0,13,0,6,-0.0,Books,4,0,2.26,154,6678.83
9774,90.06,116.46,2,0,15,0,4,0.0,Clothing,76,0,1.78,129,11617.95
9775,160.83,181.1,6,1,22,0,5,-0.366,Clothing,24,0,1.29,48,7719.78
9776,98.32,99.52,3,0,8,0,1,1.366,Toys,56,1,4.96,258,25366.94
9777,112.13,104.7,4,0,16,0,2,1.7321,Electronics,91,0,4.55,205,22986.52
9778,199.08,201.29,4,0,7,0,10,-1.7321,Clothing,55,0,2.25,16,3185.28
9779,85.83,76.8,6,1,8,0,7,0.366,Toys,54,0,1.06,137,11758.82
9780,126.93,136.27,5,1,1,0,2,1.7321,Electronics,3,0,3.16,207,26273.71
9781,79.4,60.01,4,0,12,1,8,0.0,Books,76,0,2.29,136,10797.91
9782,84.63,90.78,4,0,0,0,7,0.366,Books,47,0,1.46,129,10917.18
9783,142.17,123.01,3,0,21,1,10,-1.7321,Toys,30,0,4.16,99,14075.0
9784,188.2,133.73,4,0,6,0,8,0.0,Toys,76,1,2.35,60,11291.91
9785,113.05,116.62,0,0,17,1,4,0.0,Books,41,0,4.89,168,18992.1
9786,156.0,163.34,6,1,20,1,1,1.366,Food,55,0,3.82,143,22307.43
9787,26.95,25.76,2,0,4,0,7,0.366,Electronics,59,0,4.36,210,5659.34
9788,50.12,37.26,3,0,6,0,1,1.366,Electronics,40,0,3.49,203,10174.37
9789,105.41,130.28,3,0,11,1,7,0.366,Toys,45,0,3.25,213,22451.27
9790,13.8,14.73,5,1,16,0,9,-1.0,Electronics,22,1,2.71,209,2884.67
9791,58.04,44.66,4,0,23,0,5,-0.366,Food,15,0,1.33,83,4817.52
9792,108.31,109.02,2,0,4,0,2,1.7321,Electronics,92,0,3.95,193,20903.11
9793,12.84,12.82,6,1,11,1,11,-1.366,Toys,17,0,2.36,214,2748.32
9794,60.26,44.37,0,0,18,1,1,1.366,Clothing,59,0,1.79,213,12836.19
9795,107.67,114.57,6,1,12,1,8,0.0,Clothing,25,0,1.46,119,12812.24
9796,118.9,140.89,2,0,15,0,4,0.0,Toys,43,1,1.31,172,20450.52
9797,185.89,213.67,6,1,18,1,8,0.0,Clothing,64,0,2.9,101,18775.17
9798,132.62,108.98,1,0,22,0,2,1.7321,Electronics,51,0,4.35,208,27584.06
9799,88.8,108.1,2,0,9,1,3,1.0,Toys,61,0,1.51,188,16694.36
9800,186.77,169.12,0,0,11,1,3,1.0,Toys,45,0,3.06,123,22972.31
9801,159.13,201.76,0,0,6,0,4,0.0,Toys,3,0,2.52,137,21800.5
9802,48.0,35.67,0,0,13,0,9,-1.0,Clothing,36,0,3.16,115,5520.19
9803,34.86,34.57,3,0,9,1,9,-1.0,Books,95,0,1.23,172,5995.93
9804,138.4,146.47,6,1,7,0,5,-0.366,Clothing,79,0,3.14,85,11764.36
9805,116.38,98.76,3,0,14,0,7,0.366,Toys,64,0,3.2,127,14779.98
9806,160.04,186.1,1,0,15,0,9,-1.0,Electronics,28,0,4.48,127,20324.82
9807,150.37,161.82,2,0,7,0,1,1.366,Books,95,0,1.8,126,18946.99
9808,128.79,91.55,4,0,3,0,2,1.7321,Toys,45,0,4.26,187,24083.77
9809,197.41,210.25,5,1,16,0,6,-0.0,Clothing,84,0,4.01,59,11647.34
9810,111.38,110.81,1,0,3,0,3,1.0,Food,21,0,4.66,128,14256.9
9811,31.49,25.75,6,1,21,1,11,-1.366,Toys,27,0,4.65,195,6140.57
9812,167.37,217.16,4,0,10,1,12,-0.0,Electronics,83,0,4.06,200,33474.4
9813,57.85,71.64,6,1,12,1,11,-1.366,Food,100,0,4.7,149,8619.97
9814,157.69,138.06,4,0,5,0,7,0.366,Food,76,0,2.04,30,4730.62
9815,191.85,196.58,1,0,21,1,5,-0.366,Clothing,35,0,1.62,65,12470.27
9816,142.39,126.71,2,0,13,0,10,-1.7321,Clothing,48,1,2.12,71,10109.77
9817,123.25,143.62,5,1,6,0,8,0.0,Books,97,0,4.36,128,15775.45
9818,97.47,122.64,4,0,11,1,1,1.366,Toys,100,0,2.25,230,22418.88
9819,79.24,72.53,3,0,0,0,9,-1.0,Books,23,0,4.27,135,10697.11
9820,77.07,91.2,3,0,9,1,11,-1.366,Books,64,0,2.49,146,11252.35
9821,130.91,130.79,1,0,0,0,10,-1.7321,Food,13,1,4.2,65,8509.2
9822,152.74,143.26,5,1,15,0,6,-0.0,Clothing,30,0,4.39,100,15274.19
9823,138.92,175.46,5,1,6,0,12,-0.0,Food,74,0,3.71,93,12919.4
9824,47.7,48.0,6,1,19,1,5,-0.366,Toys,20,0,4.92,200,9539.58
9825,103.86,101.83,4,0,5,0,8,0.0,Books,6,0,3.92,119,12359.05
9826,160.41,177.01,1,0,21,1,12,-0.0,Books,95,1,1.98,169,27109.56
9827,100.38,86.0,5,1,17,1,12,-0.0,Toys,19,0,4.94,173,17366.39
9828,111.96,100.19,5,1,19,1,4,0.0,Books,67,1,3.74,214,23959.1
9829,156.52,197.09,3,0,3,0,12,-0.0,Clothing,74,1,2.74,145,22694.8
9830,135.64,150.17,1,0,22,0,9,-1.0,Clothing,10,0,2.97,79,10715.59
9831,87.78,104.98,4,0,15,0,5,-0.366,Books,56,0,4.06,119,10445.29
9832,180.13,155.39,4,0,0,0,1,1.366,Toys,21,0,4.01,124,22335.92
9833,40.89,41.96,3,0,20,1,8,0.0,Food,56,0,4.36,216,8831.75
9834,199.15,255.47,6,1,19,1,9,-1.0,Books,57,0,1.96,56,11152.3
9835,32.58,29.04,0,0,1,0,5,-0.366,Electronics,2,0,4.79,194,6320.91
9836,12.84,10.22,0,0,15,0,5,-0.366,Clothing,39,0,2.05,172,2208.57
9837,179.1,180.27,5,1,20,1,6,-0.0,Electronics,61,0,2.92,164,29372.99
9838,56.54,52.74,2,0,8,0,9,-1.0,Electronics,45,0,1.85,131,7406.89
9839,148.64,118.28,3,0,14,0,5,-0.366,Electronics,94,1,2.74,184,27350.3
9840,164.09,202.35,2,0,23,0,2,1.7321,Books,28,0,3.6,154,25270.31
9841,173.21,224.21,5,1,15,0,3,1.0,Books,18,1,2.97,183,31696.96
9842,198.4,206.57,6,1,8,0,11,-1.366,Electronics,14,1,1.99,85,16864.25
9843,65.87,76.72,3,0,6,0,10,-1.7321,Books,55,0,2.55,91,5993.95
9844,144.95,176.17,4,0,9,1,3,1.0,Electronics,59,0,3.38,231,33482.58
9845,31.93,35.78,6,1,6,0,9,-1.0,Electronics,19,0,4.59,179,5714.75
9846,87.29,63.42,3,0,12,1,8,0.0,Food,100,0,2.69,163,14228.88
9847,171.11,135.96,1,0,1,0,6,-0.0,Food,41,0,3.3,11,1882.26
9848,79.86,59.3,2,0,11,1,5,-0.366,Food,12,0,4.64,138,11019.99
9849,122.31,86.34,3,0,12,1,10,-1.7321,Toys,20,0,4.36,99,12108.5
9850,105.72,93.41,2,0,2,0,2,1.7321,Clothing,34,1,1.74,175,18500.47
9851,132.73,124.16,6,1,10,1,9,-1.0,Books,36,1,2.45,160,21236.93
9852,194.85,164.57,5,1,7,0,10,-1.7321,Food,21,0,4.15,0,0.0
9853,20.59,15.21,3,0,10,1,8,0.0,Clothing,56,0,3.92,243,5003.31
9854,119.05,121.19,0,0,17,1,5,-0.366,Clothing,83,0,4.07,158,18810.32
9855,173.98,150.31,2,0,6,0,6,-0.0,Books,41,0,1.64,60,10438.53
9856,101.46,119.48,4,0,11,1,9,-1.0,Toys,41,0,2.84,160,16234.03
9857,24.92,17.56,4,0,5,0,1,1.366,Electronics,43,1,3.78,323,8049.21
9858,116.5,140.45,3,0,9,1,4,0.0,Food,99,0,2.62,105,12232.76
9859,73.09,93.04,4,0,19,1,5,-0.366,Toys,72,0,3.26,204,14911.18
9860,39.44,44.55,6,1,14,0,9,-1.0,Books,86,0,4.04,189,7453.96
9861,171.32,195.33,4,0,19,1,12,-0.0,Toys,38,1,3.01,169,28952.5
9862,109.1,137.49,2,0,14,0,5,-0.366,Clothing,18,0,3.44,147,16038.27
9863,187.32,154.62,6,1,18,1,5,-0.366,Toys,8,1,2.37,131,24539.25
9864,163.14,211.55,3,0,5,0,12,-0.0,Food,66,0,2.46,68,11093.73
9865,141.66,164.91,2,0,18,1,12,-0.0,Toys,20,1,1.75,210,29749.57
9866,10.95,12.44,3,0,14,0,3,1.0,Toys,69,0,4.97,223,2442.93
9867,91.29,83.68,4,0,19,1,8,0.0,Clothing,57,0,3.43,182,16614.14
9868,47.52,48.83,6,1,19,1,7,0.366,Toys,94,0,1.78,196,9314.39
9869,183.05,199.96,3,0,17,1,8,0.0,Clothing,18,1,1.66,163,29837.41
9870,43.17,46.29,5,1,1,0,4,0.0,Food,60,0,1.91,156,6734.67
9871,64.35,72.27,3,0,6,0,8,0.0,Food,87,0,3.87,194,12484.17
9872,108.2,81.09,1,0,4,0,10,-1.7321,Electronics,2,0,3.0,82,8872.32
9873,60.04,54.84,3,0,2,0,4,0.0,Electronics,42,0,3.14,171,10266.68
9874,49.87,47.9,1,0,5,0,1,1.366,Clothing,64,0,3.78,189,9426.24
9875,123.83,106.04,2,0,5,0,4,0.0,Electronics,44,0,3.92,161,19936.45
9876,26.9,21.61,1,0,0,0,5,-0.366,Electronics,51,0,3.99,185,4975.87
9877,21.05,16.49,6,1,18,1,10,-1.7321,Books,96,0,1.32,167,3515.66
9878,80.73,74.25,2,0,11,1,8,0.0,Electronics,65,0,4.33,227,18324.94
9879,146.93,146.35,3,0,4,0,12,-0.0,Toys,65,0,1.7,93,13664.14
9880,115.41,85.15,2,0,6,0,10,-1.7321,Food,54,0,3.54,20,2308.27
9881,90.35,114.55,4,0,19,1,6,-0.0,Electronics,95,0,1.9,197,17798.27
9882,117.49,136.19,5,1,7,0,11,-1.366,Clothing,39,0,4.3,116,13629.16
9883,79.44,90.44,3,0,18,1,10,-1.7321,Books,8,0,4.06,149,11835.93
9884,187.87,150.99,6,1,5,0,5,-0.366,Books,67,0,1.7,13,2442.28
9885,20.43,21.7,1,0,14,0,3,1.0,Food,76,0,3.2,251,5128.41
9886,137.94,140.4,5,1,5,0,4,0.0,Food,98,1,3.89,144,19863.99
9887,179.34,231.26,0,0,8,0,6,-0.0,Clothing,49,1,1.68,127,22776.65
9888,162.74,186.92,5,1,3,0,6,-0.0,Clothing,89,0,1.59,69,11228.93
9889,44.97,47.01,3,0,15,0,6,-0.0,Clothing,36,0,2.5,151,6790.14
9890,66.23,80.17,6,1,22,0,2,1.7321,Books,7,0,4.67,241,15960.47
9891,146.24,115.98,6,1,9,1,11,-1.366,Books,15,0,1.27,32,4679.65
9892,26.01,18.45,5,1,0,0,12,-0.0,Clothing,85,0,2.44,172,4473.96
9893,164.25,183.0,5,1,10,1,8,0.0,Electronics,25,0,4.23,198,32522.24
9894,146.59,111.26,4,0,16,0,8,0.0,Electronics,57,0,2.38,92,13486.49
9895,148.63,114.33,2,0,17,1,6,-0.0,Clothing,38,0,1.22,121,17983.66
9896,29.05,33.31,5,1,19,1,4,0.0,Clothing,37,0,3.53,197,5722.03
9897,146.37,126.22,1,0,21,1,2,1.7321,Books,16,0,4.83,193,28250.28
9898,139.17,149.91,6,1,19,1,6,-0.0,Electronics,1,0,3.32,198,27554.76
9899,167.88,209.92,1,0,14,0,6,-0.0,Food,47,0,4.26,76,12758.52
9900,17.9,15.93,4,0,5,0,10,-1.7321,Food,52,0,1.06,117,2094.68
9901,14.39,11.95,5,1,15,0,3,1.0,Toys,37,1,3.64,275,3957.53
9902,80.87,61.78,5,1,1,0,2,1.7321,Food,45,0,1.6,153,12373.32
9903,38.27,29.78,4,0,2,0,4,0.0,Electronics,14,0,3.79,178,6812.02
9904,116.09,85.6,3,0,22,0,8,0.0,Books,57,1,3.28,143,16601.31
9905,184.3,138.7,0,0,16,0,5,-0.366,Electronics,34,0,1.89,66,12163.56
9906,84.38,80.94,0,0,7,0,3,1.0,Electronics,66,0,3.34,162,13669.75
9907,170.54,152.21,2,0,19,1,12,-0.0,Food,31,0,3.7,72,12278.92
9908,10.05,11.29,1,0,14,0,5,-0.366,Clothing,83,0,4.61,191,1918.74
9909,42.02,51.35,3,0,12,1,9,-1.0,Toys,83,0,4.56,211,8865.75
9910,15.78,18.48,1,0,20,1,11,-1.366,Food,44,1,4.75,262,4134.48
9911,72.35,73.68,3,0,22,0,8,0.0,Food,23,0,4.36,168,12154.46
9912,182.56,139.01,4,0,18,1,12,-0.0,Food,94,0,3.16,70,12778.92
9913,28.42,32.0,2,0,23,0,10,-1.7321,Toys,81,1,4.4,177,5030.5
9914,125.22,114.91,4,0,0,0,7,0.366,Books,66,0,3.89,137,17154.85
9915,95.78,71.97,1,0,11,1,4,0.0,Food,11,0,3.95,109,10440.48
9916,188.31,227.0,6,1,17,1,2,1.7321,Books,49,1,1.62,197,37096.87
9917,33.28,30.05,2,0,17,1,12,-0.0,Books,78,0,1.72,201,6689.01
9918,50.29,41.78,5,1,2,0,9,-1.0,Electronics,58,0,1.72,139,6989.66
9919,15.61,19.09,6,1,17,1,3,1.0,Clothing,29,0,1.84,244,3809.57
9920,92.45,114.75,3,0,16,0,6,-0.0,Toys,83,0,2.67,152,14052.05
9921,62.79,56.72,3,0,10,1,7,0.366,Clothing,92,0,2.26,192,12055.34
9922,175.28,160.01,2,0,4,0,12,-0.0,Books,51,0,1.2,57,9991.08
9923,124.94,130.91,4,0,21,1,3,1.0,Books,1,0,3.9,202,25237.63
9924,126.68,144.42,2,0,6,0,3,1.0,Toys,5,0,2.61,177,22421.87
9925,111.06,81.95,4,0,22,0,3,1.0,Clothing,34,0,1.31,105,11661.62
9926,27.45,28.99,2,0,17,1,3,1.0,Electronics,78,0,4.16,288,7906.05
9927,94.55,120.24,4,0,6,0,3,1.0,Clothing,19,1,1.08,192,18154.28
9928,199.91,171.37,0,0,17,1,7,0.366,Food,88,0,3.24,61,12194.27
9929,168.69,210.07,2,0,1,0,5,-0.366,Clothing,40,1,4.03,150,25304.03
9930,179.76,228.31,4,0,5,0,4,0.0,Books,81,0,2.49,80,14380.58
9931,166.41,143.36,5,1,21,1,6,-0.0,Toys,66,0,3.3,161,26792.49
9932,29.58,34.09,1,0,7,0,8,0.0,Food,95,0,1.2,148,4377.53
9933,53.22,44.87,6,1,20,1,2,1.7321,Books,81,0,1.95,250,13303.79
9934,10.59,12.1,6,1,20,1,12,-0.0,Clothing,64,0,3.65,245,2595.31
9935,67.67,79.74,6,1,16,0,3,1.0,Toys,72,0,4.16,233,15766.39
9936,30.64,25.99,1,0,3,0,2,1.7321,Food,17,1,1.46,282,8639.18
9937,99.83,112.76,2,0,16,0,7,0.366,Clothing,38,0,4.86,186,18568.52
9938,138.65,164.62,2,0,15,0,12,-0.0,Food,90,0,2.58,82,11369.65
9939,176.16,161.21,3,0,20,1,2,1.7321,Electronics,43,0,4.7,195,34350.42
9940,152.35,121.98,4,0,14,0,5,-0.366,Electronics,40,1,3.16,152,23157.39
9941,188.33,142.22,2,0,14,0,11,-1.366,Toys,45,0,3.58,0,0.0
9942,20.24,21.16,1,0,7,0,10,-1.7321,Electronics,40,0,1.7,108,2185.99
9943,12.31,15.85,1,0,16,0,9,-1.0,Books,71,0,4.54,169,2081.09
9944,135.65,161.94,6,1,18,1,8,0.0,Clothing,88,0,1.35,150,20348.14
9945,64.98,62.48,1,0,0,0,8,0.0,Food,94,1,4.95,188,12215.67
9946,58.17,59.44,4,0,12,1,3,1.0,Food,90,0,2.57,193,11225.88
9947,72.87,63.23,0,0,5,0,12,-0.0,Electronics,30,0,1.66,104,7578.33
9948,61.26,48.88,2,0,9,1,1,1.366,Food,35,1,3.42,294,18010.81
9949,107.17,106.02,6,1,0,0,2,1.7321,Food,66,0,4.46,163,17469.19
9950,93.63,91.58,0,0,11,1,7,0.366,Clothing,44,0,2.59,194,18163.87
9951,107.36,108.77,4,0,18,1,4,0.0,Toys,4,0,1.03,165,17714.64
9952,137.82,175.26,6,1,14,0,10,-1.7321,Food,64,1,4.49,88,12127.77
9953,83.55,88.76,5,1,20,1,5,-0.366,Electronics,5,0,3.33,203,16961.62
9954,57.75,61.41,2,0,4,0,1,1.366,Electronics,48,0,1.37,213,12300.42
9955,41.58,32.3,3,0,1,0,11,-1.366,Toys,66,0,4.62,133,5529.89
9956,76.4,99.16,2,0,18,1,2,1.7321,Food,95,0,4.09,251,19176.42
9957,150.94,175.65,2,0,13,0,9,-1.0,Food,27,0,3.13,35,5283.01
9958,153.77,188.58,2,0,8,0,6,-0.0,Food,24,0,2.79,80,12301.91
9959,136.71,129.68,6,1,0,0,7,0.366,Toys,56,0,3.82,126,17225.71
9960,54.47,54.53,6,1,12,1,5,-0.366,Electronics,45,0,2.45,220,11982.38
9961,121.74,123.35,2,0,16,0,9,-1.0,Food,68,0,3.62,88,10712.8
9962,118.43,96.69,5,1,1,0,10,-1.7321,Food,28,0,1.6,26,3079.21
9963,102.01,113.61,2,0,23,0,5,-0.366,Books,5,1,1.57,184,18769.95
9964,114.5,142.18,4,0,21,1,6,-0.0,Clothing,91,1,2.24,227,25990.59
9965,103.44,82.57,2,0,13,0,10,-1.7321,Toys,47,0,4.54,68,7033.93
9966,117.44,88.29,5,1,19,1,9,-1.0,Clothing,5,1,4.4,168,19729.37
9967,145.95,166.81,4,0,22,0,5,-0.366,Toys,5,1,2.97,191,27875.71
9968,30.83,26.63,2,0,5,0,4,0.0,Clothing,48,1,3.34,215,6628.31
9969,152.43,163.76,2,0,5,0,12,-0.0,Books,73,0,3.51,89,13566.17
9970,35.82,40.03,4,0,17,1,5,-0.366,Clothing,47,0,2.49,170,6089.12
9971,22.66,20.24,2,0,18,1,11,-1.366,Food,62,0,3.81,179,4056.02
9972,195.46,232.41,5,1,8,0,5,-0.366,Clothing,27,0,3.43,91,17786.42
9973,191.83,197.58,6,1,14,0,5,-0.366,Clothing,4,0,2.42,64,12277.02
9974,21.48,26.24,1,0,6,0,1,1.366,Electronics,49,0,2.14,226,4855.15
9975,94.22,109.1,2,0,5,0,5,-0.366,Toys,88,0,4.92,133,12531.01
9976,45.39,55.42,3,0,4,0,5,-0.366,Clothing,91,0,2.14,167,7579.55
9977,102.22,72.79,4,0,18,1,1,1.366,Food,65,1,1.7,221,22589.63
9978,167.73,141.92,5,1,19,1,4,0.0,Food,96,0,4.34,82,13754.16
9979,190.62,143.73,2,0,0,0,8,0.0,Toys,80,0,4.24,71,13533.75
9980,130.51,125.97,2,0,20,1,4,0.0,Books,87,0,1.96,118,15399.94
9981,77.24,95.31,4,0,6,0,7,0.366,Toys,92,0,4.39,182,14058.06
9982,124.63,122.2,0,0,17,1,6,-0.0,Food,61,1,4.65,167,20813.52
9983,69.28,83.82,5,1,7,0,5,-0.366,Books,20,0,2.33,154,10669.16
9984,182.87,163.9,5,1,11,1,9,-1.0,Books,81,0,2.31,59,10789.12
9985,175.38,158.49,1,0,9,1,8,0.0,Electronics,100,0,1.52,134,23500.4
9986,116.06,143.61,6,1,5,0,5,-0.366,Clothing,8,0,3.44,119,13811.62
9987,71.71,68.52,6,1,15,0,10,-1.7321,Electronics,82,0,3.78,141,10111.36
9988,65.74,77.17,1,0,18,1,7,0.366,Clothing,13,0,1.29,205,13477.53
9989,16.35,13.77,2,0,17,1,11,-1.366,Electronics,73,0,1.84,191,3122.74
9990,165.01,209.44,4,0,23,0,9,-1.0,Books,37,0,2.08,65,10725.39
9991,95.57,99.85,3,0,12,1,7,0.366,Clothing,94,0,2.78,190,18158.83
9992,71.78,82.94,2,0,19,1,3,1.0,Food,43,0,4.29,215,15431.68
9993,99.51,75.0,1,0,6,0,10,-1.7321,Books,92,1,1.9,61,6070.17
9994,165.56,164.83,2,0,6,0,11,-1.366,Toys,56,0,4.23,49,8112.45
9995,33.68,41.78,4,0,15,0,5,-0.366,Books,50,0,4.56,153,5152.54
9996,172.95,212.08,5,1,9,1,12,-0.0,Food,82,1,1.8,137,23694.79
9997,180.53,131.44,5,1,14,0,9,-1.0,Electronics,20,1,4.97,143,25815.32
9998,189.87,167.51,5,1,13,0,9,-1.0,Clothing,48,0,3.07,26,4936.74
9999,85.52,82.61,5,1,23,0,8,0.0,Electronics,100,0,3.21,140,11973.18
10000,51.26,41.18,6,1,11,1,6,-0.0,Electronics,19,0,3.46,209,10712.65
